date,fng_value,sentiment_score
2018-01-02,10.0,1.0
2018-01-03,10.0,1.0
2018-01-04,10.0,1.0
2018-01-05,10.0,1.0
2018-01-08,10.0,1.0
2018-01-09,10.079999923706055,0.9946666717529297
2018-01-10,10.0,1.0
2018-01-11,10.0,1.0
2018-01-12,10.15999984741211,0.9893333435058593
2018-01-16,11.65999984741211,0.8893333435058594
2018-01-17,11.90999984741211,0.8726666768391927
2018-01-18,12.220000267028809,0.8519999821980795
2018-01-19,11.270000457763672,0.9153333028157552
2018-01-22,11.029999732971191,0.931333351135254
2018-01-23,11.100000381469727,0.9266666412353516
2018-01-24,11.470000267028809,0.9019999821980794
2018-01-25,11.579999923706055,0.8946666717529297
2018-01-26,11.079999923706055,0.928000005086263
2018-01-29,13.84000015258789,0.743999989827474
2018-01-30,14.789999961853027,0.6806666692097982
2018-01-31,13.539999961853027,0.7640000025431315
2018-02-01,13.470000267028809,0.7686666488647461
2018-02-02,17.309999465942383,0.5126667022705078
2018-02-05,37.31999969482422,-0.8213333129882812
2018-02-06,29.979999542236328,-0.33199996948242183
2018-02-07,27.729999542236328,-0.18199996948242192
2018-02-08,33.459999084472656,-0.5639999389648438
2018-02-09,29.059999465942383,-0.2706666310628256
2018-02-12,25.610000610351562,-0.040666707356770804
2018-02-13,24.969999313354492,0.002000045776367143
2018-02-14,19.260000228881836,0.3826666514078776
2018-02-15,19.1299991607666,0.3913333892822266
2018-02-16,19.459999084472656,0.36933339436848955
2018-02-20,20.600000381469727,0.2933333079020183
2018-02-21,20.020000457763672,0.33199996948242183
2018-02-22,18.719999313354492,0.4186667124430339
2018-02-23,16.489999771118164,0.5673333485921224
2018-02-26,15.800000190734863,0.6133333206176758
2018-02-27,18.59000015258789,0.4273333231608073
2018-02-28,19.850000381469727,0.3433333079020182
2018-03-01,22.469999313354492,0.16866671244303388
2018-03-02,19.59000015258789,0.36066665649414065
2018-03-05,18.729999542236328,0.41800003051757817
2018-03-06,18.360000610351562,0.4426666259765625
2018-03-07,17.760000228881836,0.48266665140787757
2018-03-08,16.540000915527344,0.5639999389648438
2018-03-09,14.640000343322754,0.6906666437784831
2018-03-12,15.779999732971191,0.6146666844685873
2018-03-13,16.350000381469727,0.5766666412353516
2018-03-14,17.229999542236328,0.5180000305175781
2018-03-15,16.59000015258789,0.5606666564941406
2018-03-16,15.800000190734863,0.6133333206176758
2018-03-19,19.020000457763672,0.3986666361490886
2018-03-20,18.200000762939453,0.45333328247070315
2018-03-21,17.860000610351562,0.4759999593098958
2018-03-22,23.34000015258789,0.11066665649414065
2018-03-23,24.8700008392334,0.008666610717773415
2018-03-26,21.030000686645508,0.26466662089029946
2018-03-27,22.5,0.16666666666666663
2018-03-28,22.8700008392334,0.14199994405110672
2018-03-29,19.969999313354492,0.3353333791097005
2018-04-02,23.6200008392334,0.09199994405110679
2018-04-03,21.100000381469727,0.25999997456868484
2018-04-04,20.059999465942383,0.32933336893717446
2018-04-05,18.940000534057617,0.4039999643961588
2018-04-06,21.489999771118164,0.2340000152587891
2018-04-09,21.770000457763672,0.21533330281575525
2018-04-10,20.469999313354492,0.3020000457763672
2018-04-11,20.239999771118164,0.31733334859212237
2018-04-12,18.489999771118164,0.43400001525878906
2018-04-13,17.40999984741211,0.506000010172526
2018-04-16,16.559999465942383,0.5626667022705079
2018-04-17,15.25,0.65
2018-04-18,15.600000381469727,0.6266666412353515
2018-04-19,15.960000038146973,0.6026666641235352
2018-04-20,16.8799991607666,0.5413333892822265
2018-04-23,16.34000015258789,0.5773333231608073
2018-04-24,18.020000457763672,0.46533330281575525
2018-04-25,17.84000015258789,0.47733332316080734
2018-04-26,16.239999771118164,0.5840000152587891
2018-04-27,15.40999984741211,0.6393333435058594
2018-04-30,15.930000305175781,0.6046666463216146
2018-05-01,15.489999771118164,0.634000015258789
2018-05-02,15.970000267028809,0.6019999821980795
2018-05-03,15.899999618530273,0.6066666920979817
2018-05-04,14.770000457763672,0.6819999694824219
2018-05-07,14.75,0.6833333333333333
2018-05-08,14.710000038146973,0.6859999974568685
2018-05-09,13.420000076293945,0.7719999949137369
2018-05-10,13.229999542236328,0.7846666971842448
2018-05-11,12.649999618530273,0.8233333587646484
2018-05-14,12.930000305175781,0.8046666463216146
2018-05-15,14.630000114440918,0.6913333257039388
2018-05-16,13.420000076293945,0.7719999949137369
2018-05-17,13.430000305175781,0.7713333129882812
2018-05-18,13.420000076293945,0.7719999949137369
2018-05-21,13.079999923706055,0.7946666717529297
2018-05-22,13.220000267028809,0.7853333155314127
2018-05-23,12.579999923706055,0.828000005086263
2018-05-24,12.529999732971191,0.8313333511352539
2018-05-25,13.220000267028809,0.7853333155314127
2018-05-29,17.020000457763672,0.5319999694824219
2018-05-30,14.9399995803833,0.6706666946411133
2018-05-31,15.430000305175781,0.6379999796549479
2018-06-01,13.460000038146973,0.7693333307902018
2018-06-04,12.739999771118164,0.8173333485921224
2018-06-05,12.399999618530273,0.8400000254313151
2018-06-06,11.640000343322754,0.890666643778483
2018-06-07,12.130000114440918,0.8579999923706054
2018-06-08,12.180000305175781,0.8546666463216146
2018-06-11,12.350000381469727,0.8433333079020182
2018-06-12,12.34000015258789,0.8439999898274739
2018-06-13,12.9399995803833,0.8040000279744466
2018-06-14,12.119999885559082,0.8586666742960611
2018-06-15,11.979999542236328,0.8680000305175781
2018-06-18,12.3100004196167,0.8459999720255533
2018-06-19,13.350000381469727,0.7766666412353516
2018-06-20,12.789999961853027,0.8140000025431315
2018-06-21,14.640000343322754,0.6906666437784831
2018-06-22,13.770000457763672,0.7486666361490886
2018-06-25,17.329999923706055,0.5113333384195964
2018-06-26,15.920000076293945,0.6053333282470703
2018-06-27,17.90999984741211,0.4726666768391927
2018-06-28,16.850000381469727,0.5433333079020182
2018-06-29,16.09000015258789,0.5939999898274739
2018-07-02,15.600000381469727,0.6266666412353515
2018-07-03,16.139999389648438,0.5906667073567708
2018-07-05,14.970000267028809,0.6686666488647461
2018-07-06,13.369999885559082,0.7753333409627279
2018-07-09,12.6899995803833,0.8206666946411133
2018-07-10,12.640000343322754,0.8239999771118164
2018-07-11,13.630000114440918,0.7579999923706054
2018-07-12,12.579999923706055,0.828000005086263
2018-07-13,12.180000305175781,0.8546666463216146
2018-07-16,12.829999923706055,0.8113333384195963
2018-07-17,12.0600004196167,0.86266663869222
2018-07-18,12.100000381469727,0.8599999745686849
2018-07-19,12.869999885559082,0.8086666742960612
2018-07-20,12.859999656677246,0.8093333562215169
2018-07-23,12.619999885559082,0.8253333409627279
2018-07-24,12.40999984741211,0.8393333435058594
2018-07-25,12.289999961853027,0.8473333358764649
2018-07-26,12.140000343322754,0.8573333104451497
2018-07-27,13.029999732971191,0.7980000178019205
2018-07-30,14.260000228881836,0.715999984741211
2018-07-31,12.829999923706055,0.8113333384195963
2018-08-01,13.149999618530273,0.7900000254313151
2018-08-02,12.1899995803833,0.8540000279744466
2018-08-03,11.640000343322754,0.890666643778483
2018-08-06,11.270000457763672,0.9153333028157552
2018-08-07,10.930000305175781,0.937999979654948
2018-08-08,10.850000381469727,0.9433333079020182
2018-08-09,11.270000457763672,0.9153333028157552
2018-08-10,13.15999984741211,0.7893333435058594
2018-08-13,14.779999732971191,0.681333351135254
2018-08-14,13.3100004196167,0.7793333053588867
2018-08-15,14.640000343322754,0.6906666437784831
2018-08-16,13.449999809265137,0.7700000127156575
2018-08-17,12.640000343322754,0.8239999771118164
2018-08-20,12.489999771118164,0.8340000152587891
2018-08-21,12.859999656677246,0.8093333562215169
2018-08-22,12.25,0.85
2018-08-23,12.40999984741211,0.8393333435058594
2018-08-24,11.989999771118164,0.8673333485921224
2018-08-27,12.15999984741211,0.856000010172526
2018-08-28,12.5,0.8333333333333334
2018-08-29,12.25,0.85
2018-08-30,13.529999732971191,0.7646666844685872
2018-08-31,12.859999656677246,0.8093333562215169
2018-09-04,13.15999984741211,0.7893333435058594
2018-09-05,13.90999984741211,0.7393333435058593
2018-09-06,14.649999618530273,0.6900000254313151
2018-09-07,14.880000114440918,0.6746666590372721
2018-09-10,14.15999984741211,0.7226666768391927
2018-09-11,13.220000267028809,0.7853333155314127
2018-09-12,13.140000343322754,0.7906666437784831
2018-09-13,12.369999885559082,0.8420000076293945
2018-09-14,12.069999694824219,0.8620000203450521
2018-09-17,13.680000305175781,0.7546666463216146
2018-09-18,12.789999961853027,0.8140000025431315
2018-09-19,11.75,0.8833333333333333
2018-09-20,11.800000190734863,0.8799999872843425
2018-09-21,11.680000305175781,0.8879999796549479
2018-09-24,12.199999809265137,0.8533333460489909
2018-09-25,12.420000076293945,0.8386666615804037
2018-09-26,12.890000343322754,0.8073333104451498
2018-09-27,12.40999984741211,0.8393333435058594
2018-09-28,12.119999885559082,0.8586666742960611
2018-10-01,12.0,0.8666666666666667
2018-10-02,12.050000190734863,0.8633333206176758
2018-10-03,11.609999656677246,0.8926666895548503
2018-10-04,14.220000267028809,0.7186666488647461
2018-10-05,14.819999694824219,0.6786666870117187
2018-10-08,15.6899995803833,0.6206666946411132
2018-10-09,15.949999809265137,0.6033333460489909
2018-10-10,22.959999084472656,0.13600006103515627
2018-10-11,24.979999542236328,0.0013333638509114287
2018-10-12,21.309999465942383,0.2460000356038411
2018-10-15,21.299999237060547,0.24666671752929692
2018-10-16,17.6200008392334,0.4919999440511068
2018-10-17,17.399999618530273,0.5066666920979818
2018-10-18,20.059999465942383,0.32933336893717446
2018-10-19,19.889999389648438,0.34066670735677085
2018-10-22,19.639999389648438,0.35733337402343746
2018-10-23,20.709999084472656,0.2860000610351563
2018-10-24,25.229999542236328,-0.015333302815755179
2018-10-25,24.219999313354492,0.05200004577636719
2018-10-26,24.15999984741211,0.056000010172526093
2018-10-29,24.700000762939453,0.0199999491373698
2018-10-30,23.350000381469727,0.10999997456868493
2018-10-31,21.229999542236328,0.25133336385091143
2018-11-01,19.34000015258789,0.37733332316080725
2018-11-02,19.510000228881836,0.365999984741211
2018-11-05,19.959999084472656,0.33600006103515623
2018-11-06,19.90999984741211,0.3393333435058594
2018-11-07,16.360000610351562,0.5759999593098959
2018-11-08,16.719999313354492,0.5520000457763672
2018-11-09,17.360000610351562,0.5093332926432292
2018-11-12,20.450000762939453,0.3033332824707031
2018-11-13,20.020000457763672,0.33199996948242183
2018-11-14,21.25,0.25
2018-11-15,19.979999542236328,0.3346666971842448
2018-11-16,18.139999389648438,0.45733337402343754
2018-11-19,20.100000381469727,0.3266666412353516
2018-11-20,22.479999542236328,0.16800003051757817
2018-11-21,20.799999237060547,0.28000005086263025
2018-11-23,21.520000457763672,0.23199996948242185
2018-11-26,18.899999618530273,0.4066666920979818
2018-11-27,19.020000457763672,0.3986666361490886
2018-11-28,18.489999771118164,0.43400001525878906
2018-11-29,18.790000915527344,0.41399993896484377
2018-11-30,18.06999969482422,0.46200002034505205
2018-12-03,16.440000534057617,0.5706666310628254
2018-12-04,20.739999771118164,0.28400001525878904
2018-12-06,21.190000534057617,0.2539999643961589
2018-12-07,23.229999542236328,0.11800003051757812
2018-12-10,22.639999389648438,0.1573333740234375
2018-12-11,21.760000228881836,0.21599998474121096
2018-12-12,21.459999084472656,0.23600006103515625
2018-12-13,20.649999618530273,0.2900000254313151
2018-12-14,21.6299991607666,0.22466672261555987
2018-12-17,24.520000457763672,0.0319999694824219
2018-12-18,25.579999923706055,-0.03866666158040366
2018-12-19,25.579999923706055,-0.03866666158040366
2018-12-20,28.3799991607666,-0.2253332773844401
2018-12-21,30.110000610351562,-0.34066670735677085
2018-12-24,36.06999969482422,-0.7379999796549479
2018-12-26,30.40999984741211,-0.36066665649414054
2018-12-27,29.959999084472656,-0.3306666056315104
2018-12-28,28.34000015258789,-0.22266667683919272
2018-12-31,25.420000076293945,-0.02800000508626299
2019-01-02,23.219999313354492,0.11866671244303384
2019-01-03,25.450000762939453,-0.030000050862630134
2019-01-04,21.3799991607666,0.24133338928222658
2019-01-07,21.399999618530273,0.24000002543131516
2019-01-08,20.469999313354492,0.3020000457763672
2019-01-09,19.979999542236328,0.3346666971842448
2019-01-10,19.5,0.3666666666666667
2019-01-11,18.190000534057617,0.45399996439615886
2019-01-14,19.06999969482422,0.3953333536783854
2019-01-15,18.600000381469727,0.4266666412353516
2019-01-16,19.040000915527344,0.39733327229817705
2019-01-17,18.059999465942383,0.46266670227050777
2019-01-18,17.799999237060547,0.4800000508626302
2019-01-22,20.799999237060547,0.28000005086263025
2019-01-23,19.520000457763672,0.36533330281575516
2019-01-24,18.889999389648438,0.4073333740234375
2019-01-25,17.420000076293945,0.5053333282470703
2019-01-28,18.8700008392334,0.40866661071777344
2019-01-29,19.1299991607666,0.3913333892822266
2019-01-30,17.65999984741211,0.48933334350585933
2019-01-31,16.56999969482422,0.5620000203450521
2019-02-01,16.139999389648438,0.5906667073567708
2019-02-04,15.729999542236328,0.6180000305175781
2019-02-05,15.569999694824219,0.6286666870117188
2019-02-06,15.380000114440918,0.6413333257039389
2019-02-07,16.3700008392334,0.5753332773844402
2019-02-08,15.720000267028809,0.6186666488647461
2019-02-11,15.970000267028809,0.6019999821980795
2019-02-12,15.430000305175781,0.6379999796549479
2019-02-13,15.649999618530273,0.6233333587646485
2019-02-14,16.219999313354492,0.5853333791097005
2019-02-15,14.90999984741211,0.6726666768391927
2019-02-19,14.880000114440918,0.6746666590372721
2019-02-20,14.020000457763672,0.7319999694824219
2019-02-21,14.460000038146973,0.7026666641235352
2019-02-22,13.510000228881836,0.7659999847412109
2019-02-25,14.850000381469727,0.6766666412353516
2019-02-26,15.170000076293945,0.6553333282470704
2019-02-27,14.699999809265137,0.6866666793823242
2019-02-28,14.779999732971191,0.681333351135254
2019-03-01,13.569999694824219,0.7620000203450521
2019-03-04,14.630000114440918,0.6913333257039388
2019-03-05,14.739999771118164,0.6840000152587891
2019-03-06,15.739999771118164,0.6173333485921224
2019-03-07,16.59000015258789,0.5606666564941406
2019-03-08,16.049999237060547,0.5966667175292969
2019-03-11,14.329999923706055,0.7113333384195963
2019-03-12,13.770000457763672,0.7486666361490886
2019-03-13,13.40999984741211,0.7726666768391928
2019-03-14,13.5,0.7666666666666666
2019-03-15,12.880000114440918,0.8079999923706055
2019-03-18,13.100000381469727,0.7933333079020182
2019-03-19,13.5600004196167,0.7626666386922201
2019-03-20,13.90999984741211,0.7393333435058593
2019-03-21,13.630000114440918,0.7579999923706054
2019-03-22,16.479999542236328,0.5680000305175781
2019-03-25,16.329999923706055,0.578000005086263
2019-03-26,14.680000305175781,0.6879999796549479
2019-03-27,15.149999618530273,0.6566666920979818
2019-03-28,14.430000305175781,0.7046666463216146
2019-03-29,13.710000038146973,0.7526666641235351
2019-04-01,13.399999618530273,0.7733333587646485
2019-04-02,13.359999656677246,0.7760000228881836
2019-04-03,13.739999771118164,0.7506666819254557
2019-04-04,13.579999923706055,0.7613333384195964
2019-04-05,12.819999694824219,0.8120000203450521
2019-04-08,13.180000305175781,0.787999979654948
2019-04-09,14.279999732971191,0.7146666844685872
2019-04-10,13.300000190734863,0.7799999872843424
2019-04-11,13.020000457763672,0.7986666361490885
2019-04-12,12.010000228881836,0.865999984741211
2019-04-15,12.319999694824219,0.8453333536783854
2019-04-16,12.180000305175781,0.8546666463216146
2019-04-17,12.600000381469727,0.8266666412353516
2019-04-18,12.09000015258789,0.8606666564941406
2019-04-22,12.420000076293945,0.8386666615804037
2019-04-23,12.279999732971191,0.8480000178019206
2019-04-24,13.140000343322754,0.7906666437784831
2019-04-25,13.25,0.7833333333333333
2019-04-26,12.729999542236328,0.8180000305175781
2019-04-29,13.109999656677246,0.7926666895548502
2019-04-30,13.119999885559082,0.7920000076293945
2019-05-01,14.800000190734863,0.6799999872843425
2019-05-02,14.420000076293945,0.7053333282470703
2019-05-03,12.869999885559082,0.8086666742960612
2019-05-06,15.4399995803833,0.63733336130778
2019-05-07,19.31999969482422,0.3786666870117188
2019-05-08,19.399999618530273,0.37333335876464846
2019-05-09,19.100000381469727,0.39333330790201826
2019-05-10,16.040000915527344,0.597333272298177
2019-05-13,20.549999237060547,0.29666671752929685
2019-05-14,18.059999465942383,0.46266670227050777
2019-05-15,16.440000534057617,0.5706666310628254
2019-05-16,15.289999961853027,0.6473333358764648
2019-05-17,15.960000038146973,0.6026666641235352
2019-05-20,16.309999465942383,0.5793333689371745
2019-05-21,14.949999809265137,0.6700000127156576
2019-05-22,14.75,0.6833333333333333
2019-05-23,16.920000076293945,0.5386666615804037
2019-05-24,15.850000381469727,0.6099999745686848
2019-05-28,17.5,0.5
2019-05-29,17.899999618530273,0.47333335876464844
2019-05-30,17.299999237060547,0.5133333841959635
2019-05-31,18.709999084472656,0.4193333943684896
2019-06-03,18.860000610351562,0.40933329264322915
2019-06-04,16.969999313354492,0.5353333791097006
2019-06-05,16.09000015258789,0.5939999898274739
2019-06-06,15.930000305175781,0.6046666463216146
2019-06-07,16.299999237060547,0.5800000508626302
2019-06-10,15.9399995803833,0.6040000279744466
2019-06-11,15.989999771118164,0.6006666819254558
2019-06-12,15.90999984741211,0.606000010172526
2019-06-13,15.819999694824219,0.6120000203450521
2019-06-14,15.279999732971191,0.6480000178019205
2019-06-17,15.350000381469727,0.6433333079020183
2019-06-18,15.149999618530273,0.6566666920979818
2019-06-19,14.329999923706055,0.7113333384195963
2019-06-20,14.75,0.6833333333333333
2019-06-21,15.399999618530273,0.6400000254313152
2019-06-24,15.260000228881836,0.6493333180745442
2019-06-25,16.280000686645508,0.5813332875569661
2019-06-26,16.209999084472656,0.5860000610351562
2019-06-27,15.819999694824219,0.6120000203450521
2019-06-28,15.079999923706055,0.6613333384195963
2019-07-01,14.0600004196167,0.7293333053588867
2019-07-02,12.930000305175781,0.8046666463216146
2019-07-03,12.569999694824219,0.8286666870117188
2019-07-05,13.279999732971191,0.7813333511352539
2019-07-08,13.960000038146973,0.7359999974568685
2019-07-09,14.09000015258789,0.7273333231608072
2019-07-10,13.029999732971191,0.7980000178019205
2019-07-11,12.930000305175781,0.8046666463216146
2019-07-12,12.390000343322754,0.8406666437784831
2019-07-15,12.680000305175781,0.8213333129882813
2019-07-16,12.859999656677246,0.8093333562215169
2019-07-17,13.970000267028809,0.7353333155314128
2019-07-18,13.529999732971191,0.7646666844685872
2019-07-19,14.449999809265137,0.7033333460489909
2019-07-22,13.529999732971191,0.7646666844685872
2019-07-23,12.609999656677246,0.8260000228881836
2019-07-24,12.069999694824219,0.8620000203450521
2019-07-25,12.739999771118164,0.8173333485921224
2019-07-26,12.15999984741211,0.856000010172526
2019-07-29,12.829999923706055,0.8113333384195963
2019-07-30,13.9399995803833,0.7373333613077799
2019-07-31,16.1200008392334,0.5919999440511068
2019-08-01,17.8700008392334,0.4753332773844401
2019-08-02,17.610000610351562,0.4926666259765625
2019-08-05,24.59000015258789,0.027333323160807277
2019-08-06,20.170000076293945,0.321999994913737
2019-08-07,19.489999771118164,0.3673333485921224
2019-08-08,16.90999984741211,0.5393333435058594
2019-08-09,17.969999313354492,0.4686667124430338
2019-08-12,21.09000015258789,0.26066665649414067
2019-08-13,17.520000457763672,0.49866663614908857
2019-08-14,22.100000381469727,0.1933333079020182
2019-08-15,21.18000030517578,0.2546666463216146
2019-08-16,18.469999313354492,0.4353333791097005
2019-08-19,16.8799991607666,0.5413333892822265
2019-08-20,17.5,0.5
2019-08-21,15.800000190734863,0.6133333206176758
2019-08-22,16.68000030517578,0.5546666463216146
2019-08-23,19.8700008392334,0.3419999440511068
2019-08-26,19.31999969482422,0.3786666870117188
2019-08-27,20.309999465942383,0.31266670227050786
2019-08-28,19.350000381469727,0.37666664123535154
2019-08-29,17.8799991607666,0.47466672261555987
2019-08-30,18.979999542236328,0.40133336385091145
2019-09-03,19.65999984741211,0.356000010172526
2019-09-04,17.329999923706055,0.5113333384195964
2019-09-05,16.270000457763672,0.5819999694824218
2019-09-06,15.0,0.6666666666666667
2019-09-09,15.270000457763672,0.6486666361490885
2019-09-10,15.199999809265137,0.653333346048991
2019-09-11,14.609999656677246,0.6926666895548503
2019-09-12,14.220000267028809,0.7186666488647461
2019-09-13,13.739999771118164,0.7506666819254557
2019-09-16,14.670000076293945,0.6886666615804036
2019-09-17,14.4399995803833,0.7040000279744466
2019-09-18,13.949999809265137,0.7366666793823242
2019-09-19,14.050000190734863,0.7299999872843425
2019-09-20,15.319999694824219,0.6453333536783854
2019-09-23,14.90999984741211,0.6726666768391927
2019-09-24,17.049999237060547,0.5300000508626301
2019-09-25,15.960000038146973,0.6026666641235352
2019-09-26,16.06999969482422,0.5953333536783854
2019-09-27,17.219999313354492,0.5186667124430339
2019-09-30,16.239999771118164,0.5840000152587891
2019-10-01,18.559999465942383,0.42933336893717444
2019-10-02,20.559999465942383,0.29600003560384114
2019-10-03,19.1200008392334,0.3919999440511067
2019-10-04,17.040000915527344,0.5306666056315104
2019-10-07,17.860000610351562,0.4759999593098958
2019-10-08,20.280000686645508,0.3146666208902995
2019-10-09,18.639999389648438,0.4240000406901042
2019-10-10,17.56999969482422,0.4953333536783854
2019-10-11,15.579999923706055,0.6280000050862631
2019-10-14,14.569999694824219,0.6953333536783854
2019-10-15,13.539999961853027,0.7640000025431315
2019-10-16,13.680000305175781,0.7546666463216146
2019-10-17,13.789999961853027,0.7473333358764649
2019-10-18,14.25,0.7166666666666667
2019-10-21,14.0,0.7333333333333334
2019-10-22,14.460000038146973,0.7026666641235352
2019-10-23,14.010000228881836,0.7326666514078777
2019-10-24,13.710000038146973,0.7526666641235351
2019-10-25,12.649999618530273,0.8233333587646484
2019-10-28,13.109999656677246,0.7926666895548502
2019-10-29,13.199999809265137,0.7866666793823243
2019-10-30,12.329999923706055,0.8446666717529296
2019-10-31,13.220000267028809,0.7853333155314127
2019-11-01,12.300000190734863,0.8466666539510092
2019-11-04,12.829999923706055,0.8113333384195963
2019-11-05,13.100000381469727,0.7933333079020182
2019-11-06,12.619999885559082,0.8253333409627279
2019-11-07,12.729999542236328,0.8180000305175781
2019-11-08,12.069999694824219,0.8620000203450521
2019-11-11,12.6899995803833,0.8206666946411133
2019-11-12,12.680000305175781,0.8213333129882813
2019-11-13,13.0,0.8
2019-11-14,13.050000190734863,0.7966666539510091
2019-11-15,12.050000190734863,0.8633333206176758
2019-11-18,12.460000038146973,0.8359999974568685
2019-11-19,12.859999656677246,0.8093333562215169
2019-11-20,12.779999732971191,0.8146666844685873
2019-11-21,13.130000114440918,0.7913333257039388
2019-11-22,12.34000015258789,0.8439999898274739
2019-11-25,11.869999885559082,0.8753333409627279
2019-11-26,11.539999961853027,0.8973333358764648
2019-11-27,11.75,0.8833333333333333
2019-11-29,12.619999885559082,0.8253333409627279
2019-12-02,14.90999984741211,0.6726666768391927
2019-12-03,15.960000038146973,0.6026666641235352
2019-12-04,14.800000190734863,0.6799999872843425
2019-12-05,14.520000457763672,0.6986666361490885
2019-12-06,13.619999885559082,0.7586666742960612
2019-12-09,15.859999656677246,0.6093333562215169
2019-12-10,15.680000305175781,0.6213333129882812
2019-12-11,14.989999771118164,0.6673333485921225
2019-12-12,13.9399995803833,0.7373333613077799
2019-12-13,12.630000114440918,0.8246666590372721
2019-12-16,12.140000343322754,0.8573333104451497
2019-12-17,12.289999961853027,0.8473333358764649
2019-12-18,12.579999923706055,0.828000005086263
2019-12-19,12.5,0.8333333333333334
2019-12-20,12.510000228881836,0.8326666514078775
2019-12-23,12.609999656677246,0.8260000228881836
2019-12-24,12.670000076293945,0.821999994913737
2019-12-26,12.649999618530273,0.8233333587646484
2019-12-27,13.430000305175781,0.7713333129882812
2019-12-30,14.819999694824219,0.6786666870117187
2019-12-31,13.779999732971191,0.7480000178019206
2020-01-02,12.470000267028809,0.8353333155314128
2020-01-03,14.020000457763672,0.7319999694824219
2020-01-06,13.850000381469727,0.7433333079020182
2020-01-07,13.789999961853027,0.7473333358764649
2020-01-08,13.449999809265137,0.7700000127156575
2020-01-09,12.539999961853027,0.8306666692097981
2020-01-10,12.5600004196167,0.8293333053588867
2020-01-13,12.319999694824219,0.8453333536783854
2020-01-14,12.390000343322754,0.8406666437784831
2020-01-15,12.420000076293945,0.8386666615804037
2020-01-16,12.319999694824219,0.8453333536783854
2020-01-17,12.100000381469727,0.8599999745686849
2020-01-21,12.850000381469727,0.8099999745686849
2020-01-22,12.90999984741211,0.806000010172526
2020-01-23,12.979999542236328,0.8013333638509115
2020-01-24,14.5600004196167,0.6959999720255534
2020-01-27,18.229999542236328,0.4513333638509115
2020-01-28,16.280000686645508,0.5813332875569661
2020-01-29,16.389999389648438,0.5740000406901042
2020-01-30,15.489999771118164,0.634000015258789
2020-01-31,18.84000015258789,0.4106666564941406
2020-02-03,17.969999313354492,0.4686667124430338
2020-02-04,16.049999237060547,0.5966667175292969
2020-02-05,15.149999618530273,0.6566666920979818
2020-02-06,14.960000038146973,0.6693333307902019
2020-02-07,15.470000267028809,0.6353333155314127
2020-02-10,15.039999961853027,0.6640000025431315
2020-02-11,15.180000305175781,0.6546666463216146
2020-02-12,13.739999771118164,0.7506666819254557
2020-02-13,14.149999618530273,0.7233333587646484
2020-02-14,13.680000305175781,0.7546666463216146
2020-02-18,14.829999923706055,0.678000005086263
2020-02-19,14.380000114440918,0.7079999923706055
2020-02-20,15.5600004196167,0.6293333053588868
2020-02-21,17.079999923706055,0.528000005086263
2020-02-24,25.030000686645508,-0.002000045776367143
2020-02-25,27.850000381469727,-0.190000025431315
2020-02-26,27.559999465942383,-0.17066663106282554
2020-02-27,39.15999984741211,-0.943999989827474
2020-02-28,40.0,-1.0
2020-03-02,33.41999816894531,-0.5613332112630209
2020-03-03,36.81999969482422,-0.787999979654948
2020-03-04,31.989999771118164,-0.46599998474121085
2020-03-05,39.619998931884766,-0.9746665954589844
2020-03-06,40.0,-1.0
2020-03-09,40.0,-1.0
2020-03-10,40.0,-1.0
2020-03-11,40.0,-1.0
2020-03-12,40.0,-1.0
2020-03-13,40.0,-1.0
2020-03-16,40.0,-1.0
2020-03-17,40.0,-1.0
2020-03-18,40.0,-1.0
2020-03-19,40.0,-1.0
2020-03-20,40.0,-1.0
2020-03-23,40.0,-1.0
2020-03-24,40.0,-1.0
2020-03-25,40.0,-1.0
2020-03-26,40.0,-1.0
2020-03-27,40.0,-1.0
2020-03-30,40.0,-1.0
2020-03-31,40.0,-1.0
2020-04-01,40.0,-1.0
2020-04-02,40.0,-1.0
2020-04-03,40.0,-1.0
2020-04-06,40.0,-1.0
2020-04-07,40.0,-1.0
2020-04-08,40.0,-1.0
2020-04-09,40.0,-1.0
2020-04-13,40.0,-1.0
2020-04-14,37.7599983215332,-0.8506665547688803
2020-04-15,40.0,-1.0
2020-04-16,40.0,-1.0
2020-04-17,38.150001525878906,-0.8766667683919271
2020-04-20,40.0,-1.0
2020-04-21,40.0,-1.0
2020-04-22,40.0,-1.0
2020-04-23,40.0,-1.0
2020-04-24,35.93000030517578,-0.7286666870117187
2020-04-27,33.290000915527344,-0.5526667277018229
2020-04-28,33.56999969482422,-0.5713333129882812
2020-04-29,31.229999542236328,-0.4153333028157553
2020-04-30,34.150001525878906,-0.6100001017252603
2020-05-01,37.189998626708984,-0.8126665751139324
2020-05-04,35.970001220703125,-0.7313334147135417
2020-05-05,33.61000061035156,-0.5740000406901042
2020-05-06,34.119998931884766,-0.6079999287923177
2020-05-07,31.440000534057617,-0.42933336893717455
2020-05-08,27.979999542236328,-0.19866663614908853
2020-05-11,27.56999969482422,-0.17133331298828125
2020-05-12,33.040000915527344,-0.5360000610351563
2020-05-13,35.279998779296875,-0.685333251953125
2020-05-14,32.61000061035156,-0.5073333740234376
2020-05-15,31.889999389648438,-0.4593332926432292
2020-05-18,29.299999237060547,-0.2866666158040365
2020-05-19,30.530000686645508,-0.36866671244303384
2020-05-20,27.989999771118164,-0.19933331807454424
2020-05-21,29.530000686645508,-0.3020000457763672
2020-05-22,28.15999984741211,-0.21066665649414062
2020-05-26,28.010000228881836,-0.20066668192545567
2020-05-27,27.6200008392334,-0.17466672261555982
2020-05-28,28.59000015258789,-0.23933334350585933
2020-05-29,27.510000228881836,-0.16733334859212246
2020-06-01,28.229999542236328,-0.21533330281575513
2020-06-02,26.84000015258789,-0.12266667683919263
2020-06-03,25.65999984741211,-0.043999989827473884
2020-06-04,25.809999465942383,-0.05399996439615884
2020-06-05,24.520000457763672,0.0319999694824219
2020-06-08,25.809999465942383,-0.05399996439615884
2020-06-09,27.56999969482422,-0.17133331298828125
2020-06-10,27.56999969482422,-0.17133331298828125
2020-06-11,40.0,-1.0
2020-06-12,36.09000015258789,-0.7393333435058593
2020-06-15,34.400001525878906,-0.6266667683919271
2020-06-16,33.66999816894531,-0.5779998779296875
2020-06-17,33.470001220703125,-0.564666748046875
2020-06-18,32.939998626708984,-0.5293332417805989
2020-06-19,35.119998931884766,-0.6746665954589843
2020-06-22,31.770000457763672,-0.4513333638509114
2020-06-23,31.3700008392334,-0.4246667226155598
2020-06-24,33.84000015258789,-0.5893333435058594
2020-06-25,32.220001220703125,-0.48133341471354174
2020-06-26,34.72999954223633,-0.6486666361490885
2020-06-29,31.780000686645508,-0.4520000457763671
2020-06-30,30.43000030517578,-0.3620000203450522
2020-07-01,28.6200008392334,-0.24133338928222647
2020-07-02,27.68000030517578,-0.17866668701171884
2020-07-06,27.940000534057617,-0.19600003560384116
2020-07-07,29.43000030517578,-0.2953333536783853
2020-07-08,28.079999923706055,-0.2053333282470704
2020-07-09,29.260000228881836,-0.28400001525878915
2020-07-10,27.290000915527344,-0.152666727701823
2020-07-13,32.189998626708984,-0.4793332417805989
2020-07-14,29.520000457763672,-0.3013333638509115
2020-07-15,27.760000228881836,-0.18400001525878906
2020-07-16,28.0,-0.19999999999999996
2020-07-17,25.68000030517578,-0.04533335367838531
2020-07-20,24.459999084472656,0.036000061035156294
2020-07-21,24.84000015258789,0.01066665649414067
2020-07-22,24.31999969482422,0.045333353678385424
2020-07-23,26.079999923706055,-0.07199999491373688
2020-07-24,25.84000015258789,-0.05600001017252598
2020-07-27,24.739999771118164,0.017333348592122433
2020-07-28,25.440000534057617,-0.02933336893717442
2020-07-29,24.100000381469727,0.05999997456868489
2020-07-30,24.760000228881836,0.015999984741210893
2020-07-31,24.459999084472656,0.036000061035156294
2020-08-03,24.280000686645508,0.04799995422363279
2020-08-04,23.760000228881836,0.08266665140787766
2020-08-05,22.989999771118164,0.13400001525878902
2020-08-06,22.649999618530273,0.15666669209798179
2020-08-07,22.209999084472656,0.1860000610351562
2020-08-10,22.1299991607666,0.19133338928222654
2020-08-11,24.030000686645508,0.06466662089029951
2020-08-12,22.280000686645508,0.1813332875569661
2020-08-13,22.1299991607666,0.19133338928222654
2020-08-14,22.049999237060547,0.19666671752929688
2020-08-17,21.350000381469727,0.24333330790201824
2020-08-18,21.510000228881836,0.23266665140787757
2020-08-19,22.540000915527344,0.16399993896484377
2020-08-20,22.719999313354492,0.15200004577636717
2020-08-21,22.540000915527344,0.16399993896484377
2020-08-24,22.3700008392334,0.17533327738444016
2020-08-25,22.030000686645508,0.1979999542236328
2020-08-26,23.270000457763672,0.11533330281575516
2020-08-27,24.469999313354492,0.03533337910970047
2020-08-28,22.959999084472656,0.13600006103515627
2020-08-31,26.40999984741211,-0.09399998982747393
2020-09-01,26.1200008392334,-0.07466672261555996
2020-09-02,26.56999969482422,-0.1046666463216146
2020-09-03,33.599998474121094,-0.5733332316080728
2020-09-04,30.75,-0.3833333333333333
2020-09-08,31.459999084472656,-0.4306666056315105
2020-09-09,28.809999465942383,-0.2539999643961588
2020-09-10,29.709999084472656,-0.3139999389648438
2020-09-11,26.8700008392334,-0.12466672261556
2020-09-14,25.850000381469727,-0.0566666920979817
2020-09-15,25.59000015258789,-0.039333343505859375
2020-09-16,26.040000915527344,-0.06933339436848951
2020-09-17,26.459999084472656,-0.09733327229817701
2020-09-18,25.829999923706055,-0.05533332824707027
2020-09-21,27.780000686645508,-0.1853333791097005
2020-09-22,26.860000610351562,-0.12400004069010406
2020-09-23,28.579999923706055,-0.23866666158040362
2020-09-24,28.510000228881836,-0.2340000152587891
2020-09-25,26.3799991607666,-0.09199994405110679
2020-09-28,26.190000534057617,-0.07933336893717446
2020-09-29,26.270000457763672,-0.08466669718424469
2020-09-30,26.3700008392334,-0.09133338928222656
2020-10-01,26.700000762939453,-0.11333338419596362
2020-10-02,27.6299991607666,-0.17533327738444004
2020-10-05,27.959999084472656,-0.1973332722981771
2020-10-06,29.479999542236328,-0.2986666361490886
2020-10-07,28.059999465942383,-0.20399996439615875
2020-10-08,26.360000610351562,-0.09066670735677085
2020-10-09,25.0,0.0
2020-10-12,25.06999969482422,-0.004666646321614509
2020-10-13,26.06999969482422,-0.07133331298828116
2020-10-14,26.399999618530273,-0.09333330790201821
2020-10-15,26.969999313354492,-0.13133328755696616
2020-10-16,27.40999984741211,-0.16066665649414058
2020-10-19,29.18000030517578,-0.2786666870117187
2020-10-20,29.350000381469727,-0.2900000254313151
2020-10-21,28.649999618530273,-0.24333330790201813
2020-10-22,28.110000610351562,-0.20733337402343754
2020-10-23,27.549999237060547,-0.16999994913736982
2020-10-26,32.459999084472656,-0.49733327229817714
2020-10-27,33.349998474121094,-0.5566665649414062
2020-10-28,40.0,-1.0
2020-10-29,37.59000015258789,-0.8393333435058594
2020-10-30,38.02000045776367,-0.8680000305175781
2020-11-02,37.130001068115234,-0.8086667378743491
2020-11-03,35.54999923706055,-0.703333282470703
2020-11-04,29.56999969482422,-0.30466664632161455
2020-11-05,27.579999923706055,-0.17199999491373696
2020-11-06,24.860000610351562,0.00933329264322913
2020-11-09,25.75,-0.050000000000000044
2020-11-10,24.799999237060547,0.013333384195963527
2020-11-11,23.450000762939453,0.10333328247070317
2020-11-12,25.350000381469727,-0.023333358764648482
2020-11-13,23.100000381469727,0.12666664123535154
2020-11-16,22.450000762939453,0.16999994913736982
2020-11-17,22.709999084472656,0.15266672770182288
2020-11-18,23.84000015258789,0.07733332316080732
2020-11-19,23.110000610351562,0.12599995930989583
2020-11-20,23.700000762939453,0.08666661580403645
2020-11-23,22.65999984741211,0.15600001017252607
2020-11-24,21.639999389648438,0.22400004069010415
2020-11-25,21.25,0.25
2020-11-27,20.84000015258789,0.2773333231608073
2020-11-30,20.56999969482422,0.2953333536783854
2020-12-01,20.770000457763672,0.2819999694824219
2020-12-02,21.170000076293945,0.25533332824707033
2020-12-03,21.280000686645508,0.24799995422363286
2020-12-04,20.790000915527344,0.28066660563151047
2020-12-07,21.299999237060547,0.24666671752929692
2020-12-08,20.68000030517578,0.28799997965494795
2020-12-09,22.270000457763672,0.18199996948242192
2020-12-10,22.520000457763672,0.1653333028157552
2020-12-11,23.309999465942383,0.11266670227050779
2020-12-14,24.719999313354492,0.01866671244303386
2020-12-15,22.889999389648438,0.14066670735677078
2020-12-16,22.5,0.16666666666666663
2020-12-17,21.93000030517578,0.20466664632161458
2020-12-18,21.56999969482422,0.22866668701171877
2020-12-21,25.15999984741211,-0.01066665649414067
2020-12-22,24.229999542236328,0.05133336385091147
2020-12-23,23.309999465942383,0.11266670227050779
2020-12-24,21.530000686645508,0.23133328755696614
2020-12-28,21.700000762939453,0.21999994913736975
2020-12-29,23.079999923706055,0.12800000508626297
2020-12-30,22.770000457763672,0.1486666361490886
2020-12-31,22.75,0.15000000000000002
2021-01-04,26.969999313354492,-0.13133328755696616
2021-01-05,25.34000015258789,-0.022666676839192768
2021-01-06,25.06999969482422,-0.004666646321614509
2021-01-07,22.3700008392334,0.17533327738444016
2021-01-08,21.559999465942383,0.2293333689371745
2021-01-11,24.079999923706055,0.06133333841959632
2021-01-12,23.329999923706055,0.11133333841959636
2021-01-13,22.209999084472656,0.1860000610351562
2021-01-14,23.25,0.1166666666666667
2021-01-15,24.34000015258789,0.043999989827473995
2021-01-19,23.239999771118164,0.11733334859212241
2021-01-20,21.579999923706055,0.22800000508626306
2021-01-21,21.31999969482422,0.24533335367838538
2021-01-22,21.90999984741211,0.206000010172526
2021-01-25,23.190000534057617,0.12066663106282549
2021-01-26,23.020000457763672,0.13199996948242188
2021-01-27,37.209999084472656,-0.8139999389648438
2021-01-28,30.209999084472656,-0.347333272298177
2021-01-29,33.09000015258789,-0.5393333435058594
2021-02-01,30.239999771118164,-0.3493333180745444
2021-02-02,25.559999465942383,-0.03733329772949223
2021-02-03,22.90999984741211,0.13933334350585935
2021-02-04,21.770000457763672,0.21533330281575525
2021-02-05,20.8700008392334,0.27533327738444013
2021-02-08,21.239999771118164,0.2506666819254557
2021-02-09,21.6299991607666,0.22466672261555987
2021-02-10,21.989999771118164,0.20066668192545578
2021-02-11,21.25,0.25
2021-02-12,19.969999313354492,0.3353333791097005
2021-02-16,21.459999084472656,0.23600006103515625
2021-02-17,21.5,0.23333333333333328
2021-02-18,22.489999771118164,0.16733334859212234
2021-02-19,22.049999237060547,0.19666671752929688
2021-02-22,23.450000762939453,0.10333328247070317
2021-02-23,23.110000610351562,0.12599995930989583
2021-02-24,21.34000015258789,0.24399998982747395
2021-02-25,28.889999389648438,-0.25933329264322924
2021-02-26,27.950000762939453,-0.19666671752929688
2021-03-01,23.350000381469727,0.10999997456868493
2021-03-02,24.100000381469727,0.05999997456868489
2021-03-03,26.670000076293945,-0.11133333841959625
2021-03-04,28.56999969482422,-0.2379999796549479
2021-03-05,24.65999984741211,0.022666676839192657
2021-03-08,25.469999313354492,-0.03133328755696607
2021-03-09,24.030000686645508,0.06466662089029951
2021-03-10,22.559999465942383,0.16266670227050783
2021-03-11,21.90999984741211,0.206000010172526
2021-03-12,20.690000534057617,0.28733329772949223
2021-03-15,20.030000686645508,0.3313332875569661
2021-03-16,19.790000915527344,0.3473332722981771
2021-03-17,19.229999542236328,0.38466669718424484
2021-03-18,21.579999923706055,0.22800000508626306
2021-03-19,20.950000762939453,0.2699999491373698
2021-03-22,18.8799991607666,0.4080000559488932
2021-03-23,20.299999237060547,0.31333338419596357
2021-03-24,21.200000762939453,0.2533332824707031
2021-03-25,19.809999465942383,0.3460000356038412
2021-03-26,18.860000610351562,0.40933329264322915
2021-03-29,20.739999771118164,0.28400001525878904
2021-03-30,19.610000610351562,0.3593332926432292
2021-03-31,19.399999618530273,0.37333335876464846
2021-04-01,17.329999923706055,0.5113333384195964
2021-04-05,17.90999984741211,0.4726666768391927
2021-04-06,18.1200008392334,0.4586666107177735
2021-04-07,17.15999984741211,0.5226666768391928
2021-04-08,16.950000762939453,0.5366666158040365
2021-04-09,16.690000534057617,0.5539999643961588
2021-04-12,16.90999984741211,0.5393333435058594
2021-04-13,16.649999618530273,0.5566666920979817
2021-04-14,16.989999771118164,0.534000015258789
2021-04-15,16.56999969482422,0.5620000203450521
2021-04-16,16.25,0.5833333333333333
2021-04-19,17.290000915527344,0.5139999389648438
2021-04-20,18.68000030517578,0.42133331298828125
2021-04-21,17.5,0.5
2021-04-22,18.709999084472656,0.4193333943684896
2021-04-23,17.329999923706055,0.5113333384195964
2021-04-26,17.639999389648438,0.49066670735677087
2021-04-27,17.559999465942383,0.4960000356038411
2021-04-28,17.280000686645508,0.5146666208902995
2021-04-29,17.610000610351562,0.4926666259765625
2021-04-30,18.610000610351562,0.42599995930989587
2021-05-03,18.309999465942383,0.44600003560384116
2021-05-04,19.479999542236328,0.3680000305175781
2021-05-05,19.149999618530273,0.39000002543131507
2021-05-06,18.389999389648438,0.4406667073567708
2021-05-07,16.690000534057617,0.5539999643961588
2021-05-10,19.65999984741211,0.356000010172526
2021-05-11,21.84000015258789,0.21066665649414062
2021-05-12,27.59000015258789,-0.17266667683919268
2021-05-13,23.1299991607666,0.12466672261555989
2021-05-14,18.809999465942383,0.41266670227050783
2021-05-17,19.719999313354492,0.35200004577636723
2021-05-18,21.34000015258789,0.24399998982747395
2021-05-19,22.18000030517578,0.18799997965494797
2021-05-20,20.670000076293945,0.28866666158040366
2021-05-21,20.149999618530273,0.3233333587646484
2021-05-24,18.399999618530273,0.4400000254313151
2021-05-25,18.84000015258789,0.4106666564941406
2021-05-26,17.360000610351562,0.5093332926432292
2021-05-27,16.739999771118164,0.5506666819254558
2021-05-28,16.760000228881836,0.5493333180745443
2021-06-01,17.899999618530273,0.47333335876464844
2021-06-02,17.479999542236328,0.5013333638509114
2021-06-03,18.040000915527344,0.4639999389648437
2021-06-04,16.420000076293945,0.571999994913737
2021-06-07,16.420000076293945,0.571999994913737
2021-06-08,17.06999969482422,0.5286666870117187
2021-06-09,17.889999389648438,0.47400004069010415
2021-06-10,16.100000381469727,0.5933333079020182
2021-06-11,15.649999618530273,0.6233333587646485
2021-06-14,16.389999389648438,0.5740000406901042
2021-06-15,17.020000457763672,0.5319999694824219
2021-06-16,18.149999618530273,0.4566666920979817
2021-06-17,17.75,0.4833333333333333
2021-06-18,20.700000762939453,0.2866666158040364
2021-06-21,17.889999389648438,0.47400004069010415
2021-06-22,16.65999984741211,0.556000010172526
2021-06-23,16.31999969482422,0.5786666870117188
2021-06-24,15.970000267028809,0.6019999821980795
2021-06-25,15.619999885559082,0.6253333409627279
2021-06-28,15.760000228881836,0.615999984741211
2021-06-29,16.020000457763672,0.5986666361490885
2021-06-30,15.829999923706055,0.6113333384195964
2021-07-01,15.479999542236328,0.6346666971842447
2021-07-02,15.069999694824219,0.662000020345052
2021-07-06,16.440000534057617,0.5706666310628254
2021-07-07,16.200000762939453,0.5866666158040365
2021-07-08,19.0,0.4
2021-07-09,16.18000030517578,0.587999979654948
2021-07-12,16.170000076293945,0.5886666615804037
2021-07-13,17.1200008392334,0.5253332773844401
2021-07-14,16.329999923706055,0.578000005086263
2021-07-15,17.010000228881836,0.5326666514078776
2021-07-16,18.450000762939453,0.43666661580403643
2021-07-19,22.5,0.16666666666666663
2021-07-20,19.729999542236328,0.3513333638509114
2021-07-21,17.90999984741211,0.4726666768391927
2021-07-22,17.690000534057617,0.4873332977294922
2021-07-23,17.200000762939453,0.5199999491373698
2021-07-26,17.579999923706055,0.49466667175292967
2021-07-27,19.360000610351562,0.3759999593098958
2021-07-28,18.309999465942383,0.44600003560384116
2021-07-29,17.700000762939453,0.4866666158040365
2021-07-30,18.239999771118164,0.4506666819254558
2021-08-02,19.459999084472656,0.36933339436848955
2021-08-03,18.040000915527344,0.4639999389648437
2021-08-04,17.969999313354492,0.4686667124430338
2021-08-05,17.280000686645508,0.5146666208902995
2021-08-06,16.149999618530273,0.5900000254313151
2021-08-09,16.719999313354492,0.5520000457763672
2021-08-10,16.790000915527344,0.5473332722981771
2021-08-11,16.170000076293945,0.5886666615804037
2021-08-12,15.59000015258789,0.6273333231608074
2021-08-13,15.449999809265137,0.6366666793823242
2021-08-16,16.1200008392334,0.5919999440511068
2021-08-17,17.90999984741211,0.4726666768391927
2021-08-18,21.56999969482422,0.22866668701171877
2021-08-19,21.670000076293945,0.221999994913737
2021-08-20,18.559999465942383,0.42933336893717444
2021-08-23,17.149999618530273,0.5233333587646485
2021-08-24,17.219999313354492,0.5186667124430339
2021-08-25,16.790000915527344,0.5473332722981771
2021-08-26,18.84000015258789,0.4106666564941406
2021-08-27,16.389999389648438,0.5740000406901042
2021-08-30,16.190000534057617,0.5873332977294922
2021-08-31,16.479999542236328,0.5680000305175781
2021-09-01,16.110000610351562,0.5926666259765625
2021-09-02,16.40999984741211,0.5726666768391927
2021-09-03,16.40999984741211,0.5726666768391927
2021-09-07,18.139999389648438,0.45733337402343754
2021-09-08,17.959999084472656,0.46933339436848953
2021-09-09,18.799999237060547,0.41333338419596355
2021-09-10,20.950000762939453,0.2699999491373698
2021-09-13,19.3700008392334,0.3753332773844401
2021-09-14,19.459999084472656,0.36933339436848955
2021-09-15,18.18000030517578,0.4546666463216146
2021-09-16,18.690000534057617,0.42066663106282554
2021-09-17,20.809999465942383,0.27933336893717453
2021-09-20,25.709999084472656,-0.04733327229817719
2021-09-21,24.360000610351562,0.042666625976562456
2021-09-22,20.8700008392334,0.27533327738444013
2021-09-23,18.6299991607666,0.42466672261555993
2021-09-24,17.75,0.4833333333333333
2021-09-27,18.760000228881836,0.4159999847412109
2021-09-28,23.25,0.1166666666666667
2021-09-29,22.559999465942383,0.16266670227050783
2021-09-30,23.139999389648438,0.12400004069010417
2021-10-01,21.100000381469727,0.25999997456868484
2021-10-04,22.959999084472656,0.13600006103515627
2021-10-05,21.299999237060547,0.24666671752929692
2021-10-06,21.0,0.2666666666666667
2021-10-07,19.540000915527344,0.36399993896484373
2021-10-08,18.770000457763672,0.4153333028157552
2021-10-11,20.0,0.33333333333333337
2021-10-12,19.850000381469727,0.3433333079020182
2021-10-13,18.639999389648438,0.4240000406901042
2021-10-14,16.860000610351562,0.5426666259765625
2021-10-15,16.299999237060547,0.5800000508626302
2021-10-18,16.309999465942383,0.5793333689371745
2021-10-19,15.699999809265137,0.6200000127156575
2021-10-20,15.489999771118164,0.634000015258789
2021-10-21,15.010000228881836,0.6659999847412109
2021-10-22,15.430000305175781,0.6379999796549479
2021-10-25,15.239999771118164,0.6506666819254557
2021-10-26,15.979999542236328,0.6013333638509115
2021-10-27,16.979999542236328,0.5346666971842449
2021-10-28,16.530000686645508,0.5646666208902995
2021-10-29,16.260000228881836,0.5826666514078775
2021-11-01,16.40999984741211,0.5726666768391927
2021-11-02,16.030000686645508,0.5979999542236328
2021-11-03,15.100000381469727,0.6599999745686849
2021-11-04,15.4399995803833,0.63733336130778
2021-11-05,16.479999542236328,0.5680000305175781
2021-11-08,17.219999313354492,0.5186667124430339
2021-11-09,17.780000686645508,0.48133328755696614
2021-11-10,18.729999542236328,0.41800003051757817
2021-11-11,17.65999984741211,0.48933334350585933
2021-11-12,16.290000915527344,0.5806666056315104
2021-11-15,16.489999771118164,0.5673333485921224
2021-11-16,16.3700008392334,0.5753332773844402
2021-11-17,17.110000610351562,0.5259999593098958
2021-11-18,17.59000015258789,0.49399998982747395
2021-11-19,17.90999984741211,0.4726666768391927
2021-11-22,19.170000076293945,0.38866666158040364
2021-11-23,19.3799991607666,0.3746667226155599
2021-11-24,18.579999923706055,0.428000005086263
2021-11-26,28.6200008392334,-0.24133338928222647
2021-11-29,22.959999084472656,0.13600006103515627
2021-11-30,27.190000534057617,-0.14600003560384112
2021-12-01,31.1200008392334,-0.4080000559488932
2021-12-02,27.950000762939453,-0.19666671752929688
2021-12-03,30.670000076293945,-0.3780000050862631
2021-12-06,27.18000030517578,-0.1453333536783854
2021-12-07,21.889999389648438,0.20733337402343754
2021-12-08,19.899999618530273,0.34000002543131513
2021-12-09,21.579999923706055,0.22800000508626306
2021-12-10,18.690000534057617,0.42066663106282554
2021-12-13,20.309999465942383,0.31266670227050786
2021-12-14,21.889999389648438,0.20733337402343754
2021-12-15,19.290000915527344,0.38066660563151045
2021-12-16,20.56999969482422,0.2953333536783854
2021-12-17,21.56999969482422,0.22866668701171877
2021-12-20,22.8700008392334,0.14199994405110672
2021-12-21,21.010000228881836,0.2659999847412109
2021-12-22,18.6299991607666,0.42466672261555993
2021-12-23,17.959999084472656,0.46933339436848953
2021-12-27,17.68000030517578,0.4879999796549479
2021-12-28,17.540000915527344,0.49733327229817703
2021-12-29,16.950000762939453,0.5366666158040365
2021-12-30,17.329999923706055,0.5113333384195964
2021-12-31,17.219999313354492,0.5186667124430339
2022-01-03,16.600000381469727,0.5599999745686849
2022-01-04,16.90999984741211,0.5393333435058594
2022-01-05,19.729999542236328,0.3513333638509114
2022-01-06,19.610000610351562,0.3593332926432292
2022-01-07,18.760000228881836,0.4159999847412109
2022-01-10,19.399999618530273,0.37333335876464846
2022-01-11,18.40999984741211,0.4393333435058594
2022-01-12,17.6200008392334,0.4919999440511068
2022-01-13,20.309999465942383,0.31266670227050786
2022-01-14,19.190000534057617,0.3873332977294922
2022-01-18,22.790000915527344,0.14733327229817705
2022-01-19,23.850000381469727,0.0766666412353516
2022-01-20,25.59000015258789,-0.039333343505859375
2022-01-21,28.850000381469727,-0.2566666920979819
2022-01-24,29.899999618530273,-0.3266666412353516
2022-01-25,31.15999984741211,-0.4106666564941406
2022-01-26,31.959999084472656,-0.4639999389648437
2022-01-27,30.489999771118164,-0.365999984741211
2022-01-28,27.65999984741211,-0.1773333231608072
2022-01-31,24.829999923706055,0.011333338419596384
2022-02-01,21.959999084472656,0.20266672770182292
2022-02-02,22.09000015258789,0.1939999898274739
2022-02-03,24.350000381469727,0.04333330790201828
2022-02-04,23.219999313354492,0.11866671244303384
2022-02-07,22.860000610351562,0.14266662597656254
2022-02-08,21.440000534057617,0.2373332977294922
2022-02-09,19.959999084472656,0.33600006103515623
2022-02-10,23.90999984741211,0.0726666768391927
2022-02-11,27.360000610351562,-0.1573333740234375
2022-02-14,28.329999923706055,-0.221999994913737
2022-02-15,25.700000762939453,-0.046666717529296964
2022-02-16,24.290000915527344,0.047333272298177076
2022-02-17,28.110000610351562,-0.20733337402343754
2022-02-18,27.75,-0.18333333333333335
2022-02-22,28.809999465942383,-0.2539999643961588
2022-02-23,31.020000457763672,-0.40133336385091156
2022-02-24,30.31999969482422,-0.3546666463216146
2022-02-25,27.59000015258789,-0.17266667683919268
2022-02-28,30.149999618530273,-0.3433333079020182
2022-03-01,33.31999969482422,-0.5546666463216146
2022-03-02,30.739999771118164,-0.3826666514078776
2022-03-03,30.479999542236328,-0.36533330281575527
2022-03-04,31.979999542236328,-0.46533330281575513
2022-03-07,36.45000076293945,-0.7633333841959635
2022-03-08,35.130001068115234,-0.6753334045410155
2022-03-09,32.45000076293945,-0.4966667175292969
2022-03-10,30.229999542236328,-0.34866663614908844
2022-03-11,30.75,-0.3833333333333333
2022-03-14,31.770000457763672,-0.4513333638509114
2022-03-15,29.829999923706055,-0.3219999949137369
2022-03-16,26.670000076293945,-0.11133333841959625
2022-03-17,25.670000076293945,-0.0446666717529296
2022-03-18,23.8700008392334,0.07533327738444007
2022-03-21,23.530000686645508,0.09799995422363283
2022-03-22,22.940000534057617,0.1373332977294922
2022-03-23,23.56999969482422,0.09533335367838547
2022-03-24,21.670000076293945,0.221999994913737
2022-03-25,20.809999465942383,0.27933336893717453
2022-03-28,19.6299991607666,0.3580000559488933
2022-03-29,18.899999618530273,0.4066666920979818
2022-03-30,19.329999923706055,0.37800000508626297
2022-03-31,20.559999465942383,0.29600003560384114
2022-04-01,19.6299991607666,0.3580000559488933
2022-04-04,18.56999969482422,0.42866668701171873
2022-04-05,21.030000686645508,0.26466662089029946
2022-04-06,22.100000381469727,0.1933333079020182
2022-04-07,21.549999237060547,0.2300000508626302
2022-04-08,21.15999984741211,0.25600001017252605
2022-04-11,24.3700008392334,0.04199994405110674
2022-04-12,24.260000228881836,0.04933331807454422
2022-04-13,21.81999969482422,0.21200002034505205
2022-04-14,22.700000762939453,0.1533332824707031
2022-04-18,22.170000076293945,0.18866666158040368
2022-04-19,21.3700008392334,0.2419999440511068
2022-04-20,20.31999969482422,0.31200002034505203
2022-04-21,22.68000030517578,0.15466664632161453
2022-04-22,28.209999084472656,-0.2139999389648437
2022-04-25,27.020000457763672,-0.13466669718424473
2022-04-26,33.52000045776367,-0.5680000305175781
2022-04-27,31.600000381469727,-0.440000025431315
2022-04-28,29.989999771118164,-0.33266665140787754
2022-04-29,33.400001525878906,-0.5600001017252605
2022-05-02,32.34000015258789,-0.48933334350585933
2022-05-03,29.25,-0.28333333333333344
2022-05-04,25.420000076293945,-0.02800000508626299
2022-05-05,31.200000762939453,-0.41333338419596344
2022-05-06,30.190000534057617,-0.34600003560384107
2022-05-09,34.75,-0.6499999999999999
2022-05-10,32.9900016784668,-0.5326667785644532
2022-05-11,32.560001373291016,-0.5040000915527343
2022-05-12,31.770000457763672,-0.4513333638509114
2022-05-13,28.8700008392334,-0.2580000559488933
2022-05-16,27.469999313354492,-0.16466662089029938
2022-05-17,26.100000381469727,-0.07333335876464853
2022-05-18,30.959999084472656,-0.39733327229817705
2022-05-19,29.350000381469727,-0.2900000254313151
2022-05-20,29.43000030517578,-0.2953333536783853
2022-05-23,28.479999542236328,-0.23199996948242196
2022-05-24,29.450000762939453,-0.29666671752929696
2022-05-25,28.3700008392334,-0.22466672261555987
2022-05-26,27.5,-0.16666666666666674
2022-05-27,25.719999313354492,-0.0479999542236329
2022-05-31,26.190000534057617,-0.07933336893717446
2022-06-01,25.690000534057617,-0.04600003560384125
2022-06-02,24.719999313354492,0.01866671244303386
2022-06-03,24.790000915527344,0.01399993896484375
2022-06-06,25.06999969482422,-0.004666646321614509
2022-06-07,24.020000457763672,0.06533330281575522
2022-06-08,23.959999084472656,0.06933339436848962
2022-06-09,26.09000015258789,-0.07266667683919281
2022-06-10,27.75,-0.18333333333333335
2022-06-13,34.02000045776367,-0.6013333638509115
2022-06-14,32.689998626708984,-0.5126665751139323
2022-06-15,29.6200008392334,-0.3080000559488931
2022-06-16,32.95000076293945,-0.5300000508626301
2022-06-17,31.1299991607666,-0.40866661071777344
2022-06-21,30.190000534057617,-0.34600003560384107
2022-06-22,28.950000762939453,-0.2633333841959635
2022-06-23,29.049999237060547,-0.2699999491373697
2022-06-24,27.229999542236328,-0.14866663614908848
2022-06-27,26.950000762939453,-0.13000005086263022
2022-06-28,28.360000610351562,-0.22400004069010415
2022-06-29,28.15999984741211,-0.21066665649414062
2022-06-30,28.709999084472656,-0.24733327229817714
2022-07-01,26.700000762939453,-0.11333338419596362
2022-07-05,27.540000915527344,-0.1693333943684896
2022-07-06,26.729999542236328,-0.11533330281575527
2022-07-07,26.079999923706055,-0.07199999491373688
2022-07-08,24.639999389648438,0.024000040690104196
2022-07-11,26.170000076293945,-0.07800000508626304
2022-07-12,27.290000915527344,-0.152666727701823
2022-07-13,26.81999969482422,-0.1213333129882812
2022-07-14,26.399999618530273,-0.09333330790201821
2022-07-15,24.229999542236328,0.05133336385091147
2022-07-18,25.299999237060547,-0.019999949137369688
2022-07-19,24.5,0.033333333333333326
2022-07-20,23.8799991607666,0.07466672261555984
2022-07-21,23.110000610351562,0.12599995930989583
2022-07-22,23.030000686645508,0.13133328755696616
2022-07-25,23.360000610351562,0.10933329264322922
2022-07-26,24.690000534057617,0.020666631062825513
2022-07-27,23.239999771118164,0.11733334859212241
2022-07-28,22.329999923706055,0.178000005086263
2022-07-29,21.329999923706055,0.24466667175292967
2022-08-01,22.84000015258789,0.14399998982747397
2022-08-02,23.93000030517578,0.07133331298828127
2022-08-03,21.950000762939453,0.20333328247070315
2022-08-04,21.440000534057617,0.2373332977294922
2022-08-05,21.149999618530273,0.25666669209798176
2022-08-08,21.290000915527344,0.24733327229817703
2022-08-09,21.770000457763672,0.21533330281575525
2022-08-10,19.739999771118164,0.3506666819254557
2022-08-11,20.200000762939453,0.31999994913736984
2022-08-12,19.530000686645508,0.36466662089029944
2022-08-15,19.950000762939453,0.33666661580403645
2022-08-16,19.690000534057617,0.3539999643961589
2022-08-17,19.899999618530273,0.34000002543131513
2022-08-18,19.559999465942383,0.3626667022705078
2022-08-19,20.600000381469727,0.2933333079020183
2022-08-22,23.799999237060547,0.08000005086263018
2022-08-23,24.110000610351562,0.059333292643229174
2022-08-24,22.81999969482422,0.1453333536783854
2022-08-25,21.780000686645508,0.21466662089029953
2022-08-26,25.559999465942383,-0.03733329772949223
2022-08-29,26.209999084472656,-0.0806666056315104
2022-08-30,26.209999084472656,-0.0806666056315104
2022-08-31,25.8700008392334,-0.058000055948893126
2022-09-01,25.559999465942383,-0.03733329772949223
2022-09-02,25.469999313354492,-0.03133328755696607
2022-09-06,26.90999984741211,-0.12733332316080737
2022-09-07,24.639999389648438,0.024000040690104196
2022-09-08,23.610000610351562,0.0926666259765625
2022-09-09,22.790000915527344,0.14733327229817705
2022-09-12,23.8700008392334,0.07533327738444007
2022-09-13,27.270000457763672,-0.15133336385091156
2022-09-14,26.15999984741211,-0.07733332316080732
2022-09-15,26.270000457763672,-0.08466669718424469
2022-09-16,26.299999237060547,-0.08666661580403656
2022-09-19,25.760000228881836,-0.05066668192545576
2022-09-20,27.15999984741211,-0.14399998982747397
2022-09-21,27.989999771118164,-0.19933331807454424
2022-09-22,27.350000381469727,-0.15666669209798179
2022-09-23,29.920000076293945,-0.32800000508626304
2022-09-26,32.2599983215332,-0.4839998881022136
2022-09-27,32.599998474121094,-0.5066665649414062
2022-09-28,30.18000030517578,-0.34533335367838536
2022-09-29,31.84000015258789,-0.4560000101725261
2022-09-30,31.6200008392334,-0.44133338928222665
2022-10-03,30.100000381469727,-0.34000002543131513
2022-10-04,29.06999969482422,-0.27133331298828134
2022-10-05,28.549999237060547,-0.23666661580403647
2022-10-06,30.520000457763672,-0.3680000305175781
2022-10-07,31.360000610351562,-0.4240000406901041
2022-10-10,32.45000076293945,-0.4966667175292969
2022-10-11,33.630001068115234,-0.5753334045410157
2022-10-12,33.56999969482422,-0.5713333129882812
2022-10-13,31.940000534057617,-0.46266670227050777
2022-10-14,32.02000045776367,-0.4680000305175782
2022-10-17,31.3700008392334,-0.4246667226155598
2022-10-18,30.5,-0.3666666666666667
2022-10-19,30.760000228881836,-0.384000015258789
2022-10-20,29.979999542236328,-0.33199996948242183
2022-10-21,29.690000534057617,-0.31266670227050786
2022-10-24,29.850000381469727,-0.3233333587646485
2022-10-25,28.459999084472656,-0.2306666056315103
2022-10-26,27.280000686645508,-0.15200004577636728
2022-10-27,27.389999389648438,-0.15933329264322915
2022-10-28,25.75,-0.050000000000000044
2022-10-31,25.8799991607666,-0.05866661071777335
2022-11-01,25.809999465942383,-0.05399996439615884
2022-11-02,25.860000610351562,-0.05733337402343741
2022-11-03,25.299999237060547,-0.019999949137369688
2022-11-04,24.549999237060547,0.030000050862630245
2022-11-07,24.350000381469727,0.04333330790201828
2022-11-08,25.540000915527344,-0.036000061035156294
2022-11-09,26.09000015258789,-0.07266667683919281
2022-11-10,23.530000686645508,0.09799995422363283
2022-11-11,22.520000457763672,0.1653333028157552
2022-11-14,23.729999542236328,0.0846666971842448
2022-11-15,24.540000915527344,0.03066660563151047
2022-11-16,24.110000610351562,0.059333292643229174
2022-11-17,23.93000030517578,0.07133331298828127
2022-11-18,23.1200008392334,0.1253332773844401
2022-11-21,22.360000610351562,0.17599995930989587
2022-11-22,21.290000915527344,0.24733327229817703
2022-11-23,20.350000381469727,0.3099999745686849
2022-11-25,20.5,0.30000000000000004
2022-11-28,22.209999084472656,0.1860000610351562
2022-11-29,21.889999389648438,0.20733337402343754
2022-11-30,20.579999923706055,0.2946666717529297
2022-12-01,19.84000015258789,0.34399998982747393
2022-12-02,19.059999465942383,0.3960000356038411
2022-12-05,20.75,0.2833333333333333
2022-12-06,22.170000076293945,0.18866666158040368
2022-12-07,22.68000030517578,0.15466664632161453
2022-12-08,22.290000915527344,0.18066660563151038
2022-12-09,22.829999923706055,0.1446666717529297
2022-12-12,25.0,0.0
2022-12-13,22.549999237060547,0.16333338419596355
2022-12-14,21.139999389648438,0.2573333740234375
2022-12-15,22.829999923706055,0.1446666717529297
2022-12-16,22.6200008392334,0.15866661071777344
2022-12-19,22.420000076293945,0.17199999491373696
2022-12-20,21.479999542236328,0.23466669718424482
2022-12-21,20.06999969482422,0.32866668701171875
2022-12-22,21.969999313354492,0.2020000457763672
2022-12-23,20.8700008392334,0.27533327738444013
2022-12-27,21.649999618530273,0.22333335876464844
2022-12-28,22.139999389648438,0.19066670735677083
2022-12-29,21.440000534057617,0.2373332977294922
2022-12-30,21.670000076293945,0.221999994913737
2023-01-03,22.899999618530273,0.14000002543131507
2023-01-04,22.010000228881836,0.19933331807454424
2023-01-05,22.459999084472656,0.1693333943684896
2023-01-06,21.1299991607666,0.2580000559488932
2023-01-09,21.969999313354492,0.2020000457763672
2023-01-10,20.579999923706055,0.2946666717529297
2023-01-11,21.09000015258789,0.26066665649414067
2023-01-12,18.829999923706055,0.4113333384195964
2023-01-13,18.350000381469727,0.4433333079020182
2023-01-17,19.360000610351562,0.3759999593098958
2023-01-18,20.34000015258789,0.3106666564941406
2023-01-19,20.520000457763672,0.2986666361490885
2023-01-20,19.850000381469727,0.3433333079020182
2023-01-23,19.809999465942383,0.3460000356038412
2023-01-24,19.200000762939453,0.3866666158040365
2023-01-25,19.079999923706055,0.3946666717529297
2023-01-26,18.729999542236328,0.41800003051757817
2023-01-27,18.510000228881836,0.43266665140787763
2023-01-30,19.940000534057617,0.33733329772949217
2023-01-31,19.399999618530273,0.37333335876464846
2023-02-01,17.8700008392334,0.4753332773844401
2023-02-02,18.729999542236328,0.41800003051757817
2023-02-03,18.329999923706055,0.44466667175292973
2023-02-06,19.43000030517578,0.3713333129882812
2023-02-07,18.65999984741211,0.4226666768391927
2023-02-08,19.6299991607666,0.3580000559488933
2023-02-09,20.709999084472656,0.2860000610351563
2023-02-10,20.530000686645508,0.2979999542236328
2023-02-13,20.34000015258789,0.3106666564941406
2023-02-14,18.90999984741211,0.40600001017252607
2023-02-15,18.229999542236328,0.4513333638509115
2023-02-16,20.170000076293945,0.321999994913737
2023-02-17,20.020000457763672,0.33199996948242183
2023-02-21,22.8700008392334,0.14199994405110672
2023-02-22,22.290000915527344,0.18066660563151038
2023-02-23,21.139999389648438,0.2573333740234375
2023-02-24,21.670000076293945,0.221999994913737
2023-02-27,20.950000762939453,0.2699999491373698
2023-02-28,20.700000762939453,0.2866666158040364
2023-03-01,20.579999923706055,0.2946666717529297
2023-03-02,19.59000015258789,0.36066665649414065
2023-03-03,18.489999771118164,0.43400001525878906
2023-03-06,18.610000610351562,0.42599995930989587
2023-03-07,19.59000015258789,0.36066665649414065
2023-03-08,19.110000610351562,0.39266662597656254
2023-03-09,22.610000610351562,0.15933329264322915
2023-03-10,24.799999237060547,0.013333384195963527
2023-03-13,26.520000457763672,-0.10133336385091152
2023-03-14,23.729999542236328,0.0846666971842448
2023-03-15,26.139999389648438,-0.07599995930989589
2023-03-16,22.989999771118164,0.13400001525878902
2023-03-17,25.510000228881836,-0.03400001525878915
2023-03-20,24.149999618530273,0.05666669209798181
2023-03-21,21.3799991607666,0.24133338928222658
2023-03-22,22.260000228881836,0.18266665140787763
2023-03-23,22.610000610351562,0.15933329264322915
2023-03-24,21.739999771118164,0.2173333485921224
2023-03-27,20.600000381469727,0.2933333079020183
2023-03-28,19.969999313354492,0.3353333791097005
2023-03-29,19.1200008392334,0.3919999440511067
2023-03-30,19.020000457763672,0.3986666361490886
2023-03-31,18.700000762939453,0.4199999491373698
2023-04-03,18.549999237060547,0.43000005086263016
2023-04-04,19.0,0.4
2023-04-05,19.079999923706055,0.3946666717529297
2023-04-06,18.399999618530273,0.4400000254313151
2023-04-10,18.969999313354492,0.40200004577636717
2023-04-11,19.100000381469727,0.39333330790201826
2023-04-12,19.09000015258789,0.393999989827474
2023-04-13,17.799999237060547,0.4800000508626302
2023-04-14,17.06999969482422,0.5286666870117187
2023-04-17,16.950000762939453,0.5366666158040365
2023-04-18,16.829999923706055,0.5446666717529297
2023-04-19,16.459999084472656,0.5693333943684895
2023-04-20,17.170000076293945,0.521999994913737
2023-04-21,16.770000457763672,0.5486666361490886
2023-04-24,16.889999389648438,0.5406667073567708
2023-04-25,18.760000228881836,0.4159999847412109
2023-04-26,18.84000015258789,0.4106666564941406
2023-04-27,17.030000686645508,0.5313332875569661
2023-04-28,15.779999732971191,0.6146666844685873
2023-05-01,16.079999923706055,0.5946666717529296
2023-05-02,17.780000686645508,0.48133328755696614
2023-05-03,18.34000015258789,0.4439999898274739
2023-05-04,20.09000015258789,0.3273333231608073
2023-05-05,17.190000534057617,0.5206666310628255
2023-05-08,16.979999542236328,0.5346666971842449
2023-05-09,17.709999084472656,0.48600006103515625
2023-05-10,16.940000534057617,0.5373332977294922
2023-05-11,16.93000030517578,0.537999979654948
2023-05-12,17.030000686645508,0.5313332875569661
2023-05-15,17.1200008392334,0.5253332773844401
2023-05-16,17.989999771118164,0.4673333485921224
2023-05-17,16.8700008392334,0.5419999440511067
2023-05-18,16.049999237060547,0.5966667175292969
2023-05-19,16.809999465942383,0.5460000356038411
2023-05-22,17.209999084472656,0.5193333943684896
2023-05-23,18.530000686645508,0.4313332875569661
2023-05-24,20.030000686645508,0.3313332875569661
2023-05-25,19.139999389648438,0.3906667073567708
2023-05-26,17.950000762939453,0.46999994913736975
2023-05-30,17.459999084472656,0.5026667277018229
2023-05-31,17.940000534057617,0.47066663106282547
2023-06-01,15.649999618530273,0.6233333587646485
2023-06-02,14.600000381469727,0.6933333079020183
2023-06-05,14.729999542236328,0.6846666971842448
2023-06-06,13.960000038146973,0.7359999974568685
2023-06-07,13.9399995803833,0.7373333613077799
2023-06-08,13.649999618530273,0.7566666920979818
2023-06-09,13.829999923706055,0.7446666717529297
2023-06-12,15.010000228881836,0.6659999847412109
2023-06-13,14.609999656677246,0.6926666895548503
2023-06-14,13.880000114440918,0.7413333257039387
2023-06-15,14.5,0.7
2023-06-16,13.539999961853027,0.7640000025431315
2023-06-20,13.880000114440918,0.7413333257039387
2023-06-21,13.199999809265137,0.7866666793823243
2023-06-22,12.90999984741211,0.806000010172526
2023-06-23,13.4399995803833,0.7706666946411133
2023-06-26,14.25,0.7166666666666667
2023-06-27,13.739999771118164,0.7506666819254557
2023-06-28,13.430000305175781,0.7713333129882812
2023-06-29,13.539999961853027,0.7640000025431315
2023-06-30,13.59000015258789,0.7606666564941407
2023-07-03,13.569999694824219,0.7620000203450521
2023-07-05,14.180000305175781,0.7213333129882813
2023-07-06,15.4399995803833,0.63733336130778
2023-07-07,14.829999923706055,0.678000005086263
2023-07-10,15.069999694824219,0.662000020345052
2023-07-11,14.84000015258789,0.6773333231608073
2023-07-12,13.539999961853027,0.7640000025431315
2023-07-13,13.609999656677246,0.759333356221517
2023-07-14,13.34000015258789,0.7773333231608073
2023-07-17,13.479999542236328,0.7680000305175781
2023-07-18,13.300000190734863,0.7799999872843424
2023-07-19,13.760000228881836,0.7493333180745443
2023-07-20,13.989999771118164,0.7340000152587891
2023-07-21,13.600000381469727,0.759999974568685
2023-07-24,13.90999984741211,0.7393333435058593
2023-07-25,13.859999656677246,0.7426666895548503
2023-07-26,13.1899995803833,0.78733336130778
2023-07-27,14.40999984741211,0.7060000101725261
2023-07-28,13.329999923706055,0.778000005086263
2023-07-31,13.630000114440918,0.7579999923706054
2023-08-01,13.930000305175781,0.7379999796549479
2023-08-02,16.09000015258789,0.5939999898274739
2023-08-03,15.920000076293945,0.6053333282470703
2023-08-04,17.100000381469727,0.5266666412353516
2023-08-07,15.770000457763672,0.6153333028157553
2023-08-08,15.989999771118164,0.6006666819254558
2023-08-09,15.960000038146973,0.6026666641235352
2023-08-10,15.850000381469727,0.6099999745686848
2023-08-11,14.84000015258789,0.6773333231608073
2023-08-14,14.819999694824219,0.6786666870117187
2023-08-15,16.459999084472656,0.5693333943684895
2023-08-16,16.780000686645508,0.5479999542236328
2023-08-17,17.889999389648438,0.47400004069010415
2023-08-18,17.299999237060547,0.5133333841959635
2023-08-21,17.1299991607666,0.5246667226155599
2023-08-22,16.969999313354492,0.5353333791097006
2023-08-23,15.979999542236328,0.6013333638509115
2023-08-24,17.200000762939453,0.5199999491373698
2023-08-25,15.680000305175781,0.6213333129882812
2023-08-28,15.079999923706055,0.6613333384195963
2023-08-29,14.449999809265137,0.7033333460489909
2023-08-30,13.880000114440918,0.7413333257039387
2023-08-31,13.569999694824219,0.7620000203450521
2023-09-01,13.09000015258789,0.793999989827474
2023-09-05,14.010000228881836,0.7326666514078777
2023-09-06,14.449999809265137,0.7033333460489909
2023-09-07,14.399999618530273,0.7066666920979818
2023-09-08,13.84000015258789,0.743999989827474
2023-09-11,13.800000190734863,0.7466666539510092
2023-09-12,14.229999542236328,0.7180000305175781
2023-09-13,13.479999542236328,0.7680000305175781
2023-09-14,12.819999694824219,0.8120000203450521
2023-09-15,13.789999961853027,0.7473333358764649
2023-09-18,14.0,0.7333333333333334
2023-09-19,14.109999656677246,0.7260000228881835
2023-09-20,15.140000343322754,0.6573333104451498
2023-09-21,17.540000915527344,0.49733327229817703
2023-09-22,17.200000762939453,0.5199999491373698
2023-09-25,16.899999618530273,0.5400000254313151
2023-09-26,18.940000534057617,0.4039999643961588
2023-09-27,18.219999313354492,0.4520000457763672
2023-09-28,17.34000015258789,0.5106666564941407
2023-09-29,17.520000457763672,0.49866663614908857
2023-10-02,17.610000610351562,0.4926666259765625
2023-10-03,19.780000686645508,0.34799995422363283
2023-10-04,18.579999923706055,0.428000005086263
2023-10-05,18.489999771118164,0.43400001525878906
2023-10-06,17.450000762939453,0.5033332824707031
2023-10-09,17.700000762939453,0.4866666158040365
2023-10-10,17.030000686645508,0.5313332875569661
2023-10-11,16.09000015258789,0.5939999898274739
2023-10-12,16.690000534057617,0.5539999643961588
2023-10-13,19.31999969482422,0.3786666870117188
2023-10-16,17.209999084472656,0.5193333943684896
2023-10-17,17.8799991607666,0.47466672261555987
2023-10-18,19.219999313354492,0.38533337910970056
2023-10-19,21.399999618530273,0.24000002543131516
2023-10-20,21.709999084472656,0.21933339436848953
2023-10-23,20.3700008392334,0.30866661071777346
2023-10-24,18.969999313354492,0.40200004577636717
2023-10-25,20.190000534057617,0.32066663106282556
2023-10-26,20.68000030517578,0.28799997965494795
2023-10-27,21.270000457763672,0.24866663614908857
2023-10-30,19.75,0.35
2023-10-31,18.139999389648438,0.45733337402343754
2023-11-01,16.8700008392334,0.5419999440511067
2023-11-02,15.65999984741211,0.6226666768391926
2023-11-03,14.90999984741211,0.6726666768391927
2023-11-06,14.890000343322754,0.6739999771118164
2023-11-07,14.8100004196167,0.6793333053588867
2023-11-08,14.449999809265137,0.7033333460489909
2023-11-09,15.289999961853027,0.6473333358764648
2023-11-10,14.170000076293945,0.721999994913737
2023-11-13,14.760000228881836,0.6826666514078776
2023-11-14,14.15999984741211,0.7226666768391927
2023-11-15,14.180000305175781,0.7213333129882813
2023-11-16,14.319999694824219,0.712000020345052
2023-11-17,13.800000190734863,0.7466666539510092
2023-11-20,13.40999984741211,0.7726666768391928
2023-11-21,13.350000381469727,0.7766666412353516
2023-11-22,12.850000381469727,0.8099999745686849
2023-11-24,12.460000038146973,0.8359999974568685
2023-11-27,12.6899995803833,0.8206666946411133
2023-11-28,12.6899995803833,0.8206666946411133
2023-11-29,12.979999542236328,0.8013333638509115
2023-11-30,12.920000076293945,0.8053333282470703
2023-12-01,12.630000114440918,0.8246666590372721
2023-12-04,13.079999923706055,0.7946666717529297
2023-12-05,12.850000381469727,0.8099999745686849
2023-12-06,12.970000267028809,0.8019999821980794
2023-12-07,13.0600004196167,0.7959999720255534
2023-12-08,12.350000381469727,0.8433333079020182
2023-12-11,12.630000114440918,0.8246666590372721
2023-12-12,12.069999694824219,0.8620000203450521
2023-12-13,12.1899995803833,0.8540000279744466
2023-12-14,12.479999542236328,0.8346666971842448
2023-12-15,12.279999732971191,0.8480000178019206
2023-12-18,12.5600004196167,0.8293333053588867
2023-12-19,12.529999732971191,0.8313333511352539
2023-12-20,13.670000076293945,0.7553333282470703
2023-12-21,13.649999618530273,0.7566666920979818
2023-12-22,13.029999732971191,0.7980000178019205
2023-12-26,12.989999771118164,0.8006666819254558
2023-12-27,12.430000305175781,0.8379999796549479
2023-12-28,12.470000267028809,0.8353333155314128
2023-12-29,12.449999809265137,0.8366666793823242
2024-01-02,13.199999809265137,0.7866666793823243
2024-01-03,14.039999961853027,0.7306666692097982
2024-01-04,14.130000114440918,0.7246666590372721
2024-01-05,13.350000381469727,0.7766666412353516
2024-01-08,13.079999923706055,0.7946666717529297
2024-01-09,12.760000228881836,0.8159999847412109
2024-01-10,12.6899995803833,0.8206666946411133
2024-01-11,12.4399995803833,0.8373333613077799
2024-01-12,12.699999809265137,0.8200000127156576
2024-01-16,13.84000015258789,0.743999989827474
2024-01-17,14.789999961853027,0.6806666692097982
2024-01-18,14.130000114440918,0.7246666590372721
2024-01-19,13.300000190734863,0.7799999872843424
2024-01-22,13.1899995803833,0.78733336130778
2024-01-23,12.550000190734863,0.8299999872843424
2024-01-24,13.140000343322754,0.7906666437784831
2024-01-25,13.449999809265137,0.7700000127156575
2024-01-26,13.260000228881836,0.7826666514078776
2024-01-29,13.600000381469727,0.759999974568685
2024-01-30,13.3100004196167,0.7793333053588867
2024-01-31,14.350000381469727,0.7099999745686849
2024-02-01,13.880000114440918,0.7413333257039387
2024-02-02,13.850000381469727,0.7433333079020182
2024-02-05,13.670000076293945,0.7553333282470703
2024-02-06,13.0600004196167,0.7959999720255534
2024-02-07,12.829999923706055,0.8113333384195963
2024-02-08,12.789999961853027,0.8140000025431315
2024-02-09,12.930000305175781,0.8046666463216146
2024-02-12,13.930000305175781,0.7379999796549479
2024-02-13,15.850000381469727,0.6099999745686848
2024-02-14,14.380000114440918,0.7079999923706055
2024-02-15,14.010000228881836,0.7326666514078777
2024-02-16,14.239999771118164,0.7173333485921224
2024-02-20,15.420000076293945,0.6386666615804036
2024-02-21,15.34000015258789,0.643999989827474
2024-02-22,14.539999961853027,0.6973333358764648
2024-02-23,13.75,0.75
2024-02-26,13.739999771118164,0.7506666819254557
2024-02-27,13.430000305175781,0.7713333129882812
2024-02-28,13.84000015258789,0.743999989827474
2024-02-29,13.399999618530273,0.7733333587646485
2024-03-01,13.109999656677246,0.7926666895548502
2024-03-04,13.489999771118164,0.7673333485921224
2024-03-05,14.460000038146973,0.7026666641235352
2024-03-06,14.5,0.7
2024-03-07,14.4399995803833,0.7040000279744466
2024-03-08,14.739999771118164,0.6840000152587891
2024-03-11,15.220000267028809,0.6519999821980794
2024-03-12,13.84000015258789,0.743999989827474
2024-03-13,13.75,0.75
2024-03-14,14.399999618530273,0.7066666920979818
2024-03-15,14.40999984741211,0.7060000101725261
2024-03-18,14.329999923706055,0.7113333384195963
2024-03-19,13.819999694824219,0.7453333536783855
2024-03-20,13.039999961853027,0.7973333358764648
2024-03-21,12.920000076293945,0.8053333282470703
2024-03-22,13.0600004196167,0.7959999720255534
2024-03-25,13.1899995803833,0.78733336130778
2024-03-26,13.239999771118164,0.784000015258789
2024-03-27,12.779999732971191,0.8146666844685873
2024-03-28,13.010000228881836,0.7993333180745443
2024-04-01,13.649999618530273,0.7566666920979818
2024-04-02,14.609999656677246,0.6926666895548503
2024-04-03,14.329999923706055,0.7113333384195963
2024-04-04,16.350000381469727,0.5766666412353516
2024-04-05,16.030000686645508,0.5979999542236328
2024-04-08,15.1899995803833,0.6540000279744467
2024-04-09,14.979999542236328,0.6680000305175782
2024-04-10,15.800000190734863,0.6133333206176758
2024-04-11,14.90999984741211,0.6726666768391927
2024-04-12,17.309999465942383,0.5126667022705078
2024-04-15,19.229999542236328,0.38466669718424484
2024-04-16,18.399999618530273,0.4400000254313151
2024-04-17,18.209999084472656,0.4526667277018229
2024-04-18,18.0,0.4666666666666667
2024-04-19,18.709999084472656,0.4193333943684896
2024-04-22,16.940000534057617,0.5373332977294922
2024-04-23,15.6899995803833,0.6206666946411132
2024-04-24,15.970000267028809,0.6019999821980795
2024-04-25,15.369999885559082,0.6420000076293946
2024-04-26,15.029999732971191,0.6646666844685872
2024-04-29,14.670000076293945,0.6886666615804036
2024-04-30,15.649999618530273,0.6233333587646485
2024-05-01,15.390000343322754,0.6406666437784831
2024-05-02,14.680000305175781,0.6879999796549479
2024-05-03,13.489999771118164,0.7673333485921224
2024-05-06,13.489999771118164,0.7673333485921224
2024-05-07,13.229999542236328,0.7846666971842448
2024-05-08,13.0,0.8
2024-05-09,12.6899995803833,0.8206666946411133
2024-05-10,12.550000190734863,0.8299999872843424
2024-05-13,13.600000381469727,0.759999974568685
2024-05-14,13.420000076293945,0.7719999949137369
2024-05-15,12.449999809265137,0.8366666793823242
2024-05-16,12.420000076293945,0.8386666615804037
2024-05-17,11.989999771118164,0.8673333485921224
2024-05-20,12.149999618530273,0.8566666920979817
2024-05-21,11.859999656677246,0.8760000228881836
2024-05-22,12.289999961853027,0.8473333358764649
2024-05-23,12.770000457763672,0.8153333028157552
2024-05-24,11.930000305175781,0.8713333129882812
2024-05-28,12.920000076293945,0.8053333282470703
2024-05-29,14.279999732971191,0.7146666844685872
2024-05-30,14.470000267028809,0.7019999821980794
2024-05-31,12.920000076293945,0.8053333282470703
2024-06-03,13.109999656677246,0.7926666895548502
2024-06-04,13.15999984741211,0.7893333435058594
2024-06-05,12.630000114440918,0.8246666590372721
2024-06-06,12.579999923706055,0.828000005086263
2024-06-07,12.220000267028809,0.8519999821980795
2024-06-10,12.739999771118164,0.8173333485921224
2024-06-11,12.850000381469727,0.8099999745686849
2024-06-12,12.039999961853027,0.8640000025431315
2024-06-13,11.9399995803833,0.8706666946411132
2024-06-14,12.65999984741211,0.8226666768391927
2024-06-17,12.75,0.8166666666666667
2024-06-18,12.300000190734863,0.8466666539510092
2024-06-20,13.279999732971191,0.7813333511352539
2024-06-21,13.199999809265137,0.7866666793823243
2024-06-24,13.329999923706055,0.778000005086263
2024-06-25,12.84000015258789,0.8106666564941406
2024-06-26,12.550000190734863,0.8299999872843424
2024-06-27,12.239999771118164,0.8506666819254557
2024-06-28,12.4399995803833,0.8373333613077799
2024-07-01,12.220000267028809,0.8519999821980795
2024-07-02,12.029999732971191,0.8646666844685873
2024-07-03,12.09000015258789,0.8606666564941406
2024-07-05,12.479999542236328,0.8346666971842448
2024-07-08,12.369999885559082,0.8420000076293945
2024-07-09,12.510000228881836,0.8326666514078775
2024-07-10,12.850000381469727,0.8099999745686849
2024-07-11,12.920000076293945,0.8053333282470703
2024-07-12,12.460000038146973,0.8359999974568685
2024-07-15,13.119999885559082,0.7920000076293945
2024-07-16,13.1899995803833,0.78733336130778
2024-07-17,14.479999542236328,0.7013333638509114
2024-07-18,15.930000305175781,0.6046666463216146
2024-07-19,16.520000457763672,0.5653333028157552
2024-07-22,14.90999984741211,0.6726666768391927
2024-07-23,14.720000267028809,0.6853333155314127
2024-07-24,18.040000915527344,0.4639999389648437
2024-07-25,18.459999084472656,0.4360000610351562
2024-07-26,16.389999389648438,0.5740000406901042
2024-07-29,16.600000381469727,0.5599999745686849
2024-07-30,17.690000534057617,0.4873332977294922
2024-07-31,16.360000610351562,0.5759999593098959
2024-08-01,18.59000015258789,0.4273333231608073
2024-08-02,23.389999389648438,0.10733337402343746
2024-08-05,38.56999969482422,-0.9046666463216146
2024-08-06,27.709999084472656,-0.1806666056315105
2024-08-07,27.850000381469727,-0.190000025431315
2024-08-08,23.790000915527344,0.0806666056315104
2024-08-09,20.3700008392334,0.30866661071777346
2024-08-12,20.709999084472656,0.2860000610351563
2024-08-13,18.1200008392334,0.4586666107177735
2024-08-14,16.190000534057617,0.5873332977294922
2024-08-15,15.229999542236328,0.6513333638509115
2024-08-16,14.800000190734863,0.6799999872843425
2024-08-19,14.649999618530273,0.6900000254313151
2024-08-20,15.880000114440918,0.6079999923706054
2024-08-21,16.270000457763672,0.5819999694824218
2024-08-22,17.549999237060547,0.4966667175292969
2024-08-23,15.859999656677246,0.6093333562215169
2024-08-26,16.149999618530273,0.5900000254313151
2024-08-27,15.430000305175781,0.6379999796549479
2024-08-28,17.110000610351562,0.5259999593098958
2024-08-29,15.649999618530273,0.6233333587646485
2024-08-30,15.0,0.6666666666666667
2024-09-03,20.719999313354492,0.28533337910970047
2024-09-04,21.31999969482422,0.24533335367838538
2024-09-05,19.899999618530273,0.34000002543131513
2024-09-06,22.3799991607666,0.17466672261555993
2024-09-09,19.450000762939453,0.3699999491373698
2024-09-10,19.079999923706055,0.3946666717529297
2024-09-11,17.690000534057617,0.4873332977294922
2024-09-12,17.06999969482422,0.5286666870117187
2024-09-13,16.559999465942383,0.5626667022705079
2024-09-16,17.139999389648438,0.5240000406901042
2024-09-17,17.610000610351562,0.4926666259765625
2024-09-18,18.229999542236328,0.4513333638509115
2024-09-19,16.329999923706055,0.578000005086263
2024-09-20,16.149999618530273,0.5900000254313151
2024-09-23,15.890000343322754,0.6073333104451497
2024-09-24,15.390000343322754,0.6406666437784831
2024-09-25,15.40999984741211,0.6393333435058594
2024-09-26,15.369999885559082,0.6420000076293946
2024-09-27,16.959999084472656,0.5360000610351563
2024-09-30,16.729999542236328,0.5513333638509115
2024-10-01,19.260000228881836,0.3826666514078776
2024-10-02,18.899999618530273,0.4066666920979818
2024-10-03,20.489999771118164,0.30066668192545576
2024-10-04,19.209999084472656,0.38600006103515627
2024-10-07,22.639999389648438,0.1573333740234375
2024-10-08,21.420000076293945,0.23866666158040362
2024-10-09,20.860000610351562,0.27599995930989585
2024-10-10,20.93000030517578,0.27133331298828123
2024-10-11,20.459999084472656,0.3026667277018229
2024-10-14,19.700000762939453,0.35333328247070317
2024-10-15,20.639999389648438,0.2906667073567708
2024-10-16,19.579999923706055,0.36133333841959636
2024-10-17,19.110000610351562,0.39266662597656254
2024-10-18,18.030000686645508,0.46466662089029953
2024-10-21,18.3700008392334,0.44199994405110676
2024-10-22,18.200000762939453,0.45333328247070315
2024-10-23,19.239999771118164,0.384000015258789
2024-10-24,19.079999923706055,0.3946666717529297
2024-10-25,20.329999923706055,0.3113333384195963
2024-10-28,19.799999237060547,0.3466667175292969
2024-10-29,19.34000015258789,0.37733332316080725
2024-10-30,20.350000381469727,0.3099999745686849
2024-10-31,23.15999984741211,0.12266667683919275
2024-11-01,21.8799991607666,0.20800005594889326
2024-11-04,21.979999542236328,0.2013333638509115
2024-11-05,20.489999771118164,0.30066668192545576
2024-11-06,16.270000457763672,0.5819999694824218
2024-11-07,15.199999809265137,0.653333346048991
2024-11-08,14.9399995803833,0.6706666946411133
2024-11-11,14.970000267028809,0.6686666488647461
2024-11-12,14.710000038146973,0.6859999974568685
2024-11-13,14.020000457763672,0.7319999694824219
2024-11-14,14.3100004196167,0.71266663869222
2024-11-15,16.139999389648438,0.5906667073567708
2024-11-18,15.579999923706055,0.6280000050862631
2024-11-19,16.350000381469727,0.5766666412353516
2024-11-20,17.15999984741211,0.5226666768391928
2024-11-21,16.8700008392334,0.5419999440511067
2024-11-22,15.239999771118164,0.6506666819254557
2024-11-25,14.600000381469727,0.6933333079020183
2024-11-26,14.100000381469727,0.7266666412353515
2024-11-27,14.100000381469727,0.7266666412353515
2024-11-29,13.510000228881836,0.7659999847412109
2024-12-02,13.34000015258789,0.7773333231608073
2024-12-03,13.300000190734863,0.7799999872843424
2024-12-04,13.449999809265137,0.7700000127156575
2024-12-05,13.539999961853027,0.7640000025431315
2024-12-06,12.770000457763672,0.8153333028157552
2024-12-09,14.1899995803833,0.7206666946411133
2024-12-10,14.180000305175781,0.7213333129882813
2024-12-11,13.579999923706055,0.7613333384195964
2024-12-12,13.920000076293945,0.7386666615804036
2024-12-13,13.8100004196167,0.7459999720255535
2024-12-16,14.6899995803833,0.6873333613077799
2024-12-17,15.869999885559082,0.6086666742960611
2024-12-18,27.6200008392334,-0.17466672261555982
2024-12-19,24.09000015258789,0.0606666564941406
2024-12-20,18.360000610351562,0.4426666259765625
2024-12-23,16.780000686645508,0.5479999542236328
2024-12-24,14.270000457763672,0.7153333028157551
2024-12-26,14.729999542236328,0.6846666971842448
2024-12-27,15.949999809265137,0.6033333460489909
2024-12-30,17.399999618530273,0.5066666920979818
2024-12-31,17.350000381469727,0.509999974568685
2025-01-02,17.93000030517578,0.4713333129882813
2025-01-03,16.1299991607666,0.5913333892822266
2025-01-06,16.040000915527344,0.597333272298177
2025-01-07,17.81999969482422,0.47866668701171877
2025-01-08,17.700000762939453,0.4866666158040365
2025-01-10,19.540000915527344,0.36399993896484373
2025-01-13,19.190000534057617,0.3873332977294922
2025-01-14,18.709999084472656,0.4193333943684896
2025-01-15,16.1200008392334,0.5919999440511068
2025-01-16,16.600000381469727,0.5599999745686849
2025-01-17,15.970000267028809,0.6019999821980795
2025-01-21,15.0600004196167,0.66266663869222
2025-01-22,15.100000381469727,0.6599999745686849
2025-01-23,15.020000457763672,0.6653333028157552
2025-01-24,14.850000381469727,0.6766666412353516
2025-01-27,17.899999618530273,0.47333335876464844
2025-01-28,16.40999984741211,0.5726666768391927
2025-01-29,16.559999465942383,0.5626667022705079
2025-01-30,15.84000015258789,0.6106666564941406
2025-01-31,16.43000030517578,0.5713333129882813
2025-02-03,18.6200008392334,0.42533327738444016
2025-02-04,17.209999084472656,0.5193333943684896
2025-02-05,15.770000457763672,0.6153333028157553
2025-02-06,15.5,0.6333333333333333
2025-02-07,16.540000915527344,0.5639999389648438
2025-02-10,15.8100004196167,0.61266663869222
2025-02-11,16.020000457763672,0.5986666361490885
2025-02-12,15.890000343322754,0.6073333104451497
2025-02-13,15.100000381469727,0.6599999745686849
2025-02-14,14.770000457763672,0.6819999694824219
2025-02-18,15.350000381469727,0.6433333079020183
2025-02-19,15.270000457763672,0.6486666361490885
2025-02-20,15.65999984741211,0.6226666768391926
2025-02-21,18.209999084472656,0.4526667277018229
2025-02-24,18.979999542236328,0.40133336385091145
2025-02-25,19.43000030517578,0.3713333129882812
2025-02-26,19.100000381469727,0.39333330790201826
2025-02-27,21.1299991607666,0.2580000559488932
2025-02-28,19.6299991607666,0.3580000559488933
2025-03-03,22.780000686645508,0.14799995422363277
2025-03-04,23.510000228881836,0.09933331807454426
2025-03-05,21.93000030517578,0.20466664632161458
2025-03-06,24.8700008392334,0.008666610717773415
2025-03-07,23.3700008392334,0.1086666107177734
2025-03-10,27.860000610351562,-0.19066670735677094
2025-03-11,26.920000076293945,-0.12800000508626308
2025-03-12,24.229999542236328,0.05133336385091147
2025-03-13,24.65999984741211,0.022666676839192657
2025-03-14,21.770000457763672,0.21533330281575525
2025-03-17,20.510000228881836,0.2993333180745442
2025-03-18,21.700000762939453,0.21999994913736975
2025-03-19,19.899999618530273,0.34000002543131513
2025-03-20,19.799999237060547,0.3466667175292969
2025-03-21,19.280000686645508,0.38133328755696616
2025-03-24,17.479999542236328,0.5013333638509114
2025-03-25,17.149999618530273,0.5233333587646485
2025-03-26,18.329999923706055,0.44466667175292973
2025-03-27,18.690000534057617,0.42066663106282554
2025-03-28,21.649999618530273,0.22333335876464844
2025-03-31,22.280000686645508,0.1813332875569661
2025-04-01,21.770000457763672,0.21533330281575525
2025-04-02,21.510000228881836,0.23266665140787757
2025-04-03,30.020000457763672,-0.3346666971842447
2025-04-04,40.0,-1.0
2025-04-07,40.0,-1.0
2025-04-08,40.0,-1.0
2025-04-09,33.619998931884766,-0.5746665954589845
2025-04-10,40.0,-1.0
2025-04-11,37.560001373291016,-0.8373334248860678
2025-04-14,30.889999389648438,-0.39266662597656254
2025-04-15,30.1200008392334,-0.34133338928222656
2025-04-16,32.63999938964844,-0.5093332926432292
2025-04-17,29.649999618530273,-0.309999974568685
2025-04-21,33.81999969482422,-0.587999979654948
2025-04-22,30.56999969482422,-0.3713333129882812
2025-04-23,28.450000762939453,-0.2300000508626303
2025-04-24,26.469999313354492,-0.09799995422363272
2025-04-25,24.84000015258789,0.01066665649414067
2025-04-28,25.149999618530273,-0.009999974568684955
2025-04-29,24.170000076293945,0.05533332824707027
2025-04-30,24.700000762939453,0.0199999491373698
2025-05-01,24.600000381469727,0.026666641235351562
2025-05-02,22.68000030517578,0.15466664632161453
2025-05-05,23.639999389648438,0.09066670735677085
2025-05-06,24.760000228881836,0.015999984741210893
2025-05-07,23.549999237060547,0.0966667175292969
2025-05-08,22.479999542236328,0.16800003051757817
2025-05-09,21.899999618530273,0.20666669209798172
2025-05-12,18.389999389648438,0.4406667073567708
2025-05-13,18.219999313354492,0.4520000457763672
2025-05-14,18.6200008392334,0.42533327738444016
2025-05-15,17.829999923706055,0.47800000508626306
2025-05-16,17.239999771118164,0.5173333485921223
2025-05-19,18.139999389648438,0.45733337402343754
2025-05-20,18.09000015258789,0.4606666564941406
2025-05-21,20.8700008392334,0.27533327738444013
2025-05-22,20.280000686645508,0.3146666208902995
2025-05-23,22.290000915527344,0.18066660563151038
2025-05-27,18.959999084472656,0.4026667277018229
2025-05-28,19.309999465942383,0.3793333689371745
2025-05-29,19.18000030517578,0.3879999796549479
2025-05-30,18.56999969482422,0.42866668701171873
2025-06-02,18.360000610351562,0.4426666259765625
2025-06-03,17.690000534057617,0.4873332977294922
2025-06-04,17.610000610351562,0.4926666259765625
2025-06-05,18.479999542236328,0.4346666971842448
2025-06-06,16.770000457763672,0.5486666361490886
2025-06-09,17.15999984741211,0.5226666768391928
2025-06-10,16.950000762939453,0.5366666158040365
2025-06-11,17.260000228881836,0.5159999847412109
2025-06-12,18.020000457763672,0.46533330281575525
2025-06-13,20.81999969482422,0.2786666870117187
2025-06-16,19.110000610351562,0.39266662597656254
2025-06-17,21.600000381469727,0.22666664123535152
2025-06-18,20.139999389648438,0.32400004069010413
2025-06-20,20.6200008392334,0.29199994405110674
2025-06-23,19.829999923706055,0.34466667175292964
2025-06-24,17.479999542236328,0.5013333638509114
2025-06-25,16.760000228881836,0.5493333180745443
2025-06-26,16.59000015258789,0.5606666564941406
2025-06-27,16.31999969482422,0.5786666870117188
2025-06-30,16.729999542236328,0.5513333638509115
2025-07-01,16.829999923706055,0.5446666717529297
2025-07-02,16.639999389648438,0.5573333740234375
2025-07-03,16.3799991607666,0.57466672261556
2025-07-07,17.790000915527344,0.4806666056315104
2025-07-08,16.809999465942383,0.5460000356038411
2025-07-09,15.9399995803833,0.6040000279744466
2025-07-10,15.779999732971191,0.6146666844685873
2025-07-11,16.399999618530273,0.5733333587646484
2025-07-14,17.200000762939453,0.5199999491373698
2025-07-15,17.3799991607666,0.5080000559488933
2025-07-16,17.15999984741211,0.5226666768391928
2025-07-17,16.520000457763672,0.5653333028157552
2025-07-18,16.40999984741211,0.5726666768391927
2025-07-21,16.649999618530273,0.5566666920979817
2025-07-22,16.5,0.5666666666666667
2025-07-23,15.369999885559082,0.6420000076293946
2025-07-24,15.390000343322754,0.6406666437784831
2025-07-25,14.930000305175781,0.6713333129882812
2025-07-28,15.029999732971191,0.6646666844685872
2025-07-29,15.979999542236328,0.6013333638509115
2025-07-30,15.479999542236328,0.6346666971842447
2025-07-31,16.719999313354492,0.5520000457763672
2025-08-01,20.3799991607666,0.30800005594889324
2025-08-04,17.520000457763672,0.49866663614908857
2025-08-05,17.850000381469727,0.4766666412353515
2025-08-06,16.770000457763672,0.5486666361490886
2025-08-07,16.56999969482422,0.5620000203450521
2025-08-08,15.149999618530273,0.6566666920979818
2025-08-11,16.25,0.5833333333333333
2025-08-12,14.729999542236328,0.6846666971842448
2025-08-13,14.489999771118164,0.7006666819254557
2025-08-14,14.829999923706055,0.678000005086263
2025-08-15,15.09000015258789,0.6606666564941406
2025-08-18,14.989999771118164,0.6673333485921225
2025-08-19,15.569999694824219,0.6286666870117188
2025-08-20,15.6899995803833,0.6206666946411132
2025-08-21,16.600000381469727,0.5599999745686849
2025-08-22,14.220000267028809,0.7186666488647461
2025-08-25,14.789999961853027,0.6806666692097982
2025-08-26,14.619999885559082,0.6920000076293945
2025-08-27,14.850000381469727,0.6766666412353516
2025-08-28,14.430000305175781,0.7046666463216146
2025-08-29,15.359999656677246,0.6426666895548503
2025-09-02,17.170000076293945,0.521999994913737
2025-09-03,16.350000381469727,0.5766666412353516
2025-09-04,15.300000190734863,0.6466666539510091
2025-09-05,15.180000305175781,0.6546666463216146
2025-09-08,15.109999656677246,0.6593333562215169
2025-09-09,15.039999961853027,0.6640000025431315
2025-09-10,15.350000381469727,0.6433333079020183
2025-09-11,14.710000038146973,0.6859999974568685
2025-09-12,14.760000228881836,0.6826666514078776
2025-09-15,15.6899995803833,0.6206666946411132
2025-09-16,16.360000610351562,0.5759999593098959
2025-09-17,15.720000267028809,0.6186666488647461
2025-09-18,15.699999809265137,0.6200000127156575
2025-09-19,15.449999809265137,0.6366666793823242
2025-09-22,16.100000381469727,0.5933333079020182
2025-09-23,16.639999389648438,0.5573333740234375
2025-09-24,16.18000030517578,0.587999979654948
2025-09-25,16.739999771118164,0.5506666819254558
2025-09-26,15.289999961853027,0.6473333358764648
2025-09-29,16.1200008392334,0.5919999440511068
2025-09-30,16.280000686645508,0.5813332875569661
2025-10-01,16.290000915527344,0.5806666056315104
2025-10-02,16.6299991607666,0.5580000559488932
2025-10-03,16.649999618530273,0.5566666920979817
2025-10-06,16.3700008392334,0.5753332773844402
2025-10-07,17.239999771118164,0.5173333485921223
2025-10-08,16.299999237060547,0.5800000508626302
2025-10-09,16.43000030517578,0.5713333129882813
2025-10-10,21.65999984741211,0.22266667683919272
2025-10-13,19.030000686645508,0.39799995422363277
2025-10-14,20.809999465942383,0.27933336893717453
2025-10-15,20.639999389648438,0.2906667073567708
2025-10-16,25.309999465942383,-0.020666631062825624
2025-10-17,20.780000686645508,0.2813332875569662
2025-10-20,18.229999542236328,0.4513333638509115
2025-10-21,17.8700008392334,0.4753332773844401
2025-10-22,18.600000381469727,0.4266666412353516
2025-10-23,17.299999237060547,0.5133333841959635
2025-10-24,16.3700008392334,0.5753332773844402
2025-10-27,15.789999961853027,0.6140000025431316
2025-10-28,16.420000076293945,0.571999994913737
2025-10-29,16.920000076293945,0.5386666615804037
2025-10-30,16.90999984741211,0.5393333435058594
2025-10-31,17.440000534057617,0.5039999643961588
2025-11-03,17.170000076293945,0.521999994913737
2025-11-04,19.0,0.4
2025-11-05,18.010000228881836,0.46599998474121096
2025-11-06,19.5,0.3666666666666667
2025-11-07,19.079999923706055,0.3946666717529297
2025-11-10,17.600000381469727,0.49333330790201824
2025-11-11,17.280000686645508,0.5146666208902995
2025-11-12,17.510000228881836,0.4993333180745443
2025-11-13,20.0,0.33333333333333337
2025-11-14,19.829999923706055,0.34466667175292964
2025-11-17,22.3799991607666,0.17466672261555993
2025-11-18,24.690000534057617,0.020666631062825513
2025-11-19,23.65999984741211,0.08933334350585942
2025-11-20,26.420000076293945,-0.09466667175292964
2025-11-21,23.43000030517578,0.1046666463216146
2025-11-24,20.520000457763672,0.2986666361490885
2025-11-25,18.559999465942383,0.42933336893717444
2025-11-26,17.190000534057617,0.5206666310628255
2025-11-28,16.350000381469727,0.5766666412353516
2025-12-01,17.239999771118164,0.5173333485921223
2025-12-02,16.59000015258789,0.5606666564941406
2025-12-03,16.079999923706055,0.5946666717529296
2025-12-04,15.779999732971191,0.6146666844685873
2025-12-05,15.40999984741211,0.6393333435058594
2025-12-08,16.65999984741211,0.556000010172526
2025-12-09,16.93000030517578,0.537999979654948
2025-12-10,15.770000457763672,0.6153333028157553
2025-12-11,14.850000381469727,0.6766666412353516
2025-12-12,15.739999771118164,0.6173333485921224
2025-12-15,16.5,0.5666666666666667
2025-12-16,16.479999542236328,0.5680000305175781
2025-12-17,17.6200008392334,0.4919999440511068
2025-12-18,16.8700008392334,0.5419999440511067
2025-12-19,14.90999984741211,0.6726666768391927
2025-12-22,14.079999923706055,0.728000005086263
2025-12-23,14.0,0.7333333333333334
2025-12-24,13.470000267028809,0.7686666488647461
2025-12-26,13.600000381469727,0.759999974568685
2025-12-29,14.199999809265137,0.7200000127156576
2025-12-30,14.329999923706055,0.7113333384195963
2025-12-31,14.949999809265137,0.6700000127156576
2026-01-02,14.510000228881836,0.6993333180745442
2026-01-05,14.899999618530273,0.6733333587646484
2026-01-06,14.75,0.6833333333333333
2026-01-07,15.380000114440918,0.6413333257039389
2026-01-08,15.449999809265137,0.6366666793823242
2026-01-09,14.489999771118164,0.7006666819254557
2026-01-12,15.119999885559082,0.6586666742960612
2026-01-13,15.979999542236328,0.6013333638509115
2026-01-14,16.75,0.55
2026-01-15,15.84000015258789,0.6106666564941406
2026-01-16,15.859999656677246,0.6093333562215169
2026-01-20,20.09000015258789,0.3273333231608073
2026-01-21,16.899999618530273,0.5400000254313151
2026-01-22,15.640000343322754,0.6239999771118164
2026-01-23,16.09000015258789,0.5939999898274739
2026-01-26,16.149999618530273,0.5900000254313151
2026-01-27,16.350000381469727,0.5766666412353516
2026-01-28,16.350000381469727,0.5766666412353516
2026-01-29,16.8799991607666,0.5413333892822265
2026-01-30,17.440000534057617,0.5039999643961588
2026-02-02,16.34000015258789,0.5773333231608073
2026-02-03,18.0,0.4666666666666667
2026-02-04,18.639999389648438,0.4240000406901042
2026-02-05,21.770000457763672,0.21533330281575525
2026-02-06,20.3700008392334,0.30866661071777346
2026-02-09,17.360000610351562,0.5093332926432292
2026-02-10,17.790000915527344,0.4806666056315104
2026-02-11,17.649999618530273,0.49000002543131516
2026-02-12,20.81999969482422,0.2786666870117187
2026-02-13,20.600000381469727,0.2933333079020183
2026-02-17,20.290000915527344,0.3139999389648438
2026-02-18,19.6200008392334,0.3586666107177734
2026-02-19,20.229999542236328,0.3180000305175781
2026-02-20,19.09000015258789,0.393999989827474
2026-02-23,21.010000228881836,0.2659999847412109
2026-02-24,19.549999237060547,0.3633333841959635
2026-02-25,17.93000030517578,0.4713333129882813
2026-02-26,18.6299991607666,0.42466672261555993
2026-02-27,19.860000610351562,0.3426666259765625
2026-03-02,21.440000534057617,0.2373332977294922
2026-03-03,23.56999969482422,0.09533335367838547
2026-03-04,21.149999618530273,0.25666669209798176
2026-03-05,23.75,0.08333333333333337
2026-03-06,29.489999771118164,-0.29933331807454433
2026-03-09,25.5,-0.03333333333333344
2026-03-10,24.93000030517578,0.00466664632161462
2026-03-11,24.229999542236328,0.05133336385091147
2026-03-12,27.290000915527344,-0.152666727701823
2026-03-13,27.190000534057617,-0.14600003560384112
2026-03-16,23.510000228881836,0.09933331807454426
2026-03-17,22.3700008392334,0.17533327738444016
2026-03-18,25.09000015258789,-0.006000010172525938
2026-03-19,24.059999465942383,0.06266670227050786
2026-03-20,26.780000686645508,-0.11866671244303384
2026-03-23,26.149999618530273,-0.0766666412353516
2026-03-24,26.950000762939453,-0.13000005086263022
2026-03-25,25.329999923706055,-0.021999994913737053
2026-03-26,27.440000534057617,-0.16266670227050772
2026-03-27,31.049999237060547,-0.4033332824707032
2026-03-30,30.610000610351562,-0.37400004069010406
2026-03-31,25.25,-0.016666666666666607
2026-04-01,24.540000915527344,0.03066660563151047
2026-04-02,23.8700008392334,0.07533327738444007
2026-04-06,24.170000076293945,0.05533332824707027
2026-04-07,25.780000686645508,-0.05200004577636719
2026-04-08,21.040000915527344,0.26399993896484375
2026-04-09,19.489999771118164,0.3673333485921224
2026-04-10,19.229999542236328,0.38466669718424484
