date,selected_stocks,n_holdings,gross_return,net_return,turnover,equity,drawdown,exposure,risk_flag,kept_existing,newly_added,forced_keep_count,entry_candidates_count
2010-05-12,V,1,-0.1483428494111495,-0.1493428494111495,1.0,0.8506571505888505,-0.1493428494111495,1.0,,0,1,0,1
2010-05-19,NVDA|V,2,0.0025546726238628503,0.0015546726238628503,1.0,0.8519796439731642,-0.14802035602683583,1.0,,1,1,1,6
2010-05-26,NVDA|V,2,-0.00577592328345765,-0.00577592328345765,0.0,0.8470586749105076,-0.15294132508949243,1.0,,2,0,1,7
2010-06-03,MSFT|V,2,-0.002978659405454054,-0.003978659405454054,1.0,0.8436885169466034,-0.1563114830533966,1.0,,1,1,0,1
2010-06-10,MSFT|V,2,0.032499679135794796,0.032499679135794796,0.0,0.8711081230379225,-0.1288918769620775,1.0,,2,0,1,0
2010-06-17,MSFT|UNH,2,-0.053595377097385655,-0.054595377097385656,1.0,0.8235496465680713,-0.17645035343192872,1.0,,1,1,0,2
2010-06-24,AMZN|UNH,2,-0.0632316832057433,-0.0642316832057433,1.0,0.7706516665655091,-0.2293483334344909,1.0,,1,1,1,5
2010-07-01,AMZN|MSFT,2,0.0,-0.001,1.0,0.7698810148989436,-0.23011898510105644,0.0,cash_lock,1,1,1,7
2010-07-09,AMZN|MSFT,2,0.0,0.0,0.0,0.7698810148989436,-0.23011898510105644,0.0,cash_lock,2,0,1,0
2010-07-16,AMZN|JNJ,2,0.0,0.0,0.0,0.7698810148989436,-0.23011898510105644,0.0,cash_lock,1,1,0,1
2010-07-23,JNJ,1,0.0,0.0,0.0,0.7698810148989436,-0.23011898510105644,0.0,cash_lock,1,0,1,0
2010-07-30,JNJ|UNH,2,0.0,0.0,0.0,0.7698810148989436,-0.23011898510105644,0.0,cash_lock,1,1,0,3
2010-08-06,UNH|V,2,0.0,0.0,0.0,0.7698810148989436,-0.23011898510105644,0.0,cash_lock,1,1,1,2
2010-08-13,AAPL|V,2,0.0,0.0,0.0,0.7698810148989436,-0.23011898510105644,0.0,cash_lock,1,1,1,5
2010-08-20,AAPL|UNH,2,0.0,0.0,0.0,0.7698810148989436,-0.23011898510105644,0.0,cash_lock,1,1,1,3
2010-08-27,UNH|V,2,0.0,0.0,0.0,0.7698810148989436,-0.23011898510105644,0.0,cash_lock,1,1,1,2
2010-09-03,V,1,0.0,0.0,0.0,0.7698810148989436,-0.23011898510105644,0.0,cash_lock,1,0,1,0
2010-09-13,V,1,0.0,0.0,0.0,0.7698810148989436,-0.23011898510105644,0.0,cash_lock,1,0,0,0
2010-09-20,V,1,0.0,0.0,0.0,0.7698810148989436,-0.23011898510105644,0.0,cash_lock,1,0,0,0
2010-09-27,MSFT|V,2,0.0,0.0,0.0,0.7698810148989436,-0.23011898510105644,0.0,cash_lock,1,1,0,4
2010-10-04,JPM|MSFT,2,0.0,0.0,0.0,0.7698810148989436,-0.23011898510105644,0.0,cash_lock,1,1,1,1
2010-10-11,JPM|MSFT,2,0.0,0.0,0.0,0.7698810148989436,-0.23011898510105644,0.0,cash_lock,2,0,1,0
2010-10-18,JPM|MSFT,2,0.0,0.0,0.0,0.7698810148989436,-0.23011898510105644,0.0,cash_lock,2,0,0,0
2010-10-25,JPM|MSFT,2,0.0,0.0,0.0,0.7698810148989436,-0.23011898510105644,0.0,cash_lock,2,0,0,0
2010-11-01,JPM,1,0.0,0.0,0.0,0.7698810148989436,-0.23011898510105644,0.0,cash_lock,1,0,0,0
2010-11-08,,0,0.0,0.0,0.0,0.7698810148989436,-0.23011898510105644,0.0,cash_lock,0,0,0,0
2010-11-15,,0,0.0,0.0,0.0,0.7698810148989436,-0.23011898510105644,0.0,cash_lock,0,0,0,0
2010-11-22,,0,0.0,0.0,0.0,0.7698810148989436,-0.23011898510105644,0.0,cash_lock,0,0,0,0
2010-11-30,,0,0.0,0.0,0.0,0.7698810148989436,-0.23011898510105644,0.0,cash_lock,0,0,0,0
2010-12-07,,0,0.0,0.0,0.0,0.7698810148989436,-0.23011898510105644,0.0,cash_lock,0,0,0,0
2010-12-14,,0,0.0,0.0,0.0,0.7698810148989436,-0.23011898510105644,0.0,cash_lock,0,0,0,0
2010-12-21,V,1,0.0,0.0,0.0,0.7698810148989436,-0.23011898510105644,0.0,cash_lock,0,1,0,2
2010-12-29,UNH|V,2,0.0,0.0,0.0,0.7698810148989436,-0.23011898510105644,0.0,cash_lock,1,1,1,1
2011-01-05,UNH|V,2,0.0,0.0,0.0,0.7698810148989436,-0.23011898510105644,0.0,cash_lock,2,0,1,0
2011-01-12,V,1,0.0,0.0,0.0,0.7698810148989436,-0.23011898510105644,0.0,cash_lock,1,0,0,0
2011-01-20,,0,0.0,0.0,0.0,0.7698810148989436,-0.23011898510105644,0.0,cash_lock,0,0,0,0
2011-01-27,,0,0.0,0.0,0.0,0.7698810148989436,-0.23011898510105644,0.0,cash_lock,0,0,0,0
2011-02-03,JNJ,1,0.0,0.0,0.0,0.7698810148989436,-0.23011898510105644,0.0,cash_lock,0,1,0,1
2011-02-10,JNJ,1,0.0,0.0,0.0,0.7698810148989436,-0.23011898510105644,0.0,cash_lock,1,0,1,0
2011-02-17,JNJ,1,0.0,0.0,0.0,0.7698810148989436,-0.23011898510105644,0.0,cash_lock,1,0,0,0
2011-02-25,,0,0.0,0.0,0.0,0.7698810148989436,-0.23011898510105644,0.0,cash_lock,0,0,0,0
2011-03-04,,0,0.0,0.0,0.0,0.7698810148989436,-0.23011898510105644,0.0,cash_lock,0,0,0,0
2011-03-11,,0,0.0,0.0,0.0,0.7698810148989436,-0.23011898510105644,0.0,cash_lock,0,0,0,0
2011-03-18,NVDA,1,0.0,0.0,0.0,0.7698810148989436,-0.23011898510105644,0.0,cash_lock,0,1,0,1
2011-03-25,NVDA,1,0.0,0.0,0.0,0.7698810148989436,-0.23011898510105644,0.0,cash_lock,1,0,1,0
2011-04-01,NVDA,1,0.0,0.0,0.0,0.7698810148989436,-0.23011898510105644,0.0,cash_lock,1,0,0,0
2011-04-08,NVDA|UNH,2,0.0,0.0,0.0,0.7698810148989436,-0.23011898510105644,0.0,cash_lock,1,1,0,1
2011-04-15,AAPL|UNH,2,0.0,0.0,0.0,0.7698810148989436,-0.23011898510105644,0.0,cash_lock,1,1,1,1
2011-04-25,AAPL|GOOGL,2,0.0,0.0,0.0,0.7698810148989436,-0.23011898510105644,0.0,cash_lock,1,1,1,2
2011-05-02,GOOGL,1,0.0,0.0,0.0,0.7698810148989436,-0.23011898510105644,0.0,cash_lock,1,0,1,0
2011-05-09,GOOGL,1,0.0,0.0,0.0,0.7698810148989436,-0.23011898510105644,0.0,cash_lock,1,0,0,0
2011-05-16,GOOGL,1,0.0,0.0,0.0,0.7698810148989436,-0.23011898510105644,0.0,cash_lock,1,0,0,0
2011-05-23,GOOGL|V,2,0.0,0.0,0.0,0.7698810148989436,-0.23011898510105644,0.0,cash_lock,1,1,0,2
2011-05-31,V,1,0.0,0.0,0.0,0.7698810148989436,-0.23011898510105644,0.0,cash_lock,1,0,1,0
2011-06-07,JPM|V,2,0.0,0.0,0.0,0.7698810148989436,-0.23011898510105644,0.0,cash_lock,1,1,0,5
2011-06-14,JPM|V,2,0.0,0.0,0.0,0.7698810148989436,-0.23011898510105644,0.0,cash_lock,2,0,1,0
2011-06-21,JPM|V,2,0.0,0.0,0.0,0.7698810148989436,-0.23011898510105644,0.0,cash_lock,2,0,0,0
2011-06-28,JPM|V,2,0.0,0.0,0.0,0.7698810148989436,-0.23011898510105644,0.0,cash_lock,2,0,0,0
2011-07-06,JPM,1,0.0,0.0,0.0,0.7698810148989436,-0.23011898510105644,0.0,cash_lock,1,0,0,0
2011-07-13,JPM|NVDA,2,0.0,0.0,0.0,0.7698810148989436,-0.23011898510105644,0.0,cash_lock,1,1,0,2
2011-07-20,NVDA,1,0.0,0.0,0.0,0.7698810148989436,-0.23011898510105644,0.0,cash_lock,1,0,1,0
2011-07-27,JNJ|NVDA,2,0.0,0.0,0.0,0.7698810148989436,-0.23011898510105644,0.0,cash_lock,1,1,0,2
2011-08-03,JNJ|UNH,2,0.0,0.0,0.0,0.7698810148989436,-0.23011898510105644,0.0,cash_lock,1,1,1,1
2011-08-10,GOOGL|UNH,2,0.0,0.0,0.0,0.7698810148989436,-0.23011898510105644,0.0,cash_lock,1,1,1,7
2011-08-17,GOOGL|JPM,2,0.0,0.0,0.0,0.7698810148989436,-0.23011898510105644,0.0,cash_lock,1,1,1,1
2011-08-24,JPM|UNH,2,0.0,0.0,0.0,0.7698810148989436,-0.23011898510105644,0.0,cash_lock,1,1,1,7
2011-08-31,JNJ|UNH,2,0.0,0.0,0.0,0.7698810148989436,-0.23011898510105644,0.0,cash_lock,1,1,1,3
2011-09-08,JNJ|V,2,0.0,0.0,0.0,0.7698810148989436,-0.23011898510105644,0.0,cash_lock,1,1,1,7
2011-09-15,JPM|V,2,0.0,0.0,0.0,0.7698810148989436,-0.23011898510105644,0.0,cash_lock,1,1,1,1
2011-09-22,JNJ|JPM,2,0.0,0.0,0.0,0.7698810148989436,-0.23011898510105644,0.0,cash_lock,1,1,1,7
2011-09-29,JNJ,1,0.0,0.0,0.0,0.7698810148989436,-0.23011898510105644,0.0,cash_lock,1,0,1,0
2011-10-06,JNJ|MSFT,2,0.0,0.0,0.0,0.7698810148989436,-0.23011898510105644,0.0,cash_lock,1,1,0,7
2011-10-13,JNJ|MSFT,2,0.0,0.0,0.0,0.7698810148989436,-0.23011898510105644,0.0,cash_lock,2,0,1,2
2011-10-20,JNJ|UNH,2,0.0,0.0,0.0,0.7698810148989436,-0.23011898510105644,0.0,cash_lock,1,1,0,4
2011-10-27,UNH,1,0.0,0.0,0.0,0.7698810148989436,-0.23011898510105644,0.0,cash_lock,1,0,1,0
2011-11-03,AMZN|UNH,2,0.0,0.0,0.0,0.7698810148989436,-0.23011898510105644,0.0,cash_lock,1,1,0,5
2011-11-10,AMZN|UNH,2,0.0,0.0,0.0,0.7698810148989436,-0.23011898510105644,0.0,cash_lock,2,0,1,3
2011-11-17,AMZN|UNH,2,0.0,0.0,0.0,0.7698810148989436,-0.23011898510105644,0.0,cash_lock,2,0,0,7
2011-11-25,UNH|V,2,0.0,0.0,0.0,0.7698810148989436,-0.23011898510105644,0.0,cash_lock,1,1,0,7
2011-12-02,V,1,0.0,0.0,0.0,0.7698810148989436,-0.23011898510105644,0.0,cash_lock,1,0,1,0
2011-12-09,V,1,0.0,0.0,0.0,0.7698810148989436,-0.23011898510105644,0.0,cash_lock,1,0,0,0
2011-12-16,AMZN|V,2,0.0,0.0,0.0,0.7698810148989436,-0.23011898510105644,0.0,cash_lock,1,1,0,8
2011-12-23,AMZN,1,0.0,0.0,0.0,0.7698810148989436,-0.23011898510105644,0.0,cash_lock,1,0,1,0
2012-01-03,AMZN|MSFT,2,0.0,0.0,0.0,0.7698810148989436,-0.23011898510105644,0.0,cash_lock,1,1,0,3
2012-01-10,MSFT|V,2,0.0,0.0,0.0,0.7698810148989436,-0.23011898510105644,0.0,cash_lock,1,1,1,2
2012-01-18,GOOGL|V,2,0.0,0.0,0.0,0.7698810148989436,-0.23011898510105644,0.0,cash_lock,1,1,1,1
2012-01-25,GOOGL|V,2,0.0,0.0,0.0,0.7698810148989436,-0.23011898510105644,0.0,cash_lock,2,0,1,1
2012-02-01,GOOGL|V,2,0.0,0.0,0.0,0.7698810148989436,-0.23011898510105644,0.0,cash_lock,2,0,0,2
2012-02-08,GOOGL|UNH,2,0.0,0.0,0.0,0.7698810148989436,-0.23011898510105644,0.0,cash_lock,1,1,0,1
2012-02-15,JNJ|UNH,2,0.0,0.0,0.0,0.7698810148989436,-0.23011898510105644,0.0,cash_lock,1,1,1,1
2012-02-23,JNJ|UNH,2,0.0,0.0,0.0,0.7698810148989436,-0.23011898510105644,0.0,cash_lock,2,0,1,0
2012-03-01,JNJ|UNH,2,0.0,0.0,0.0,0.7698810148989436,-0.23011898510105644,0.0,cash_lock,2,0,0,0
2012-03-08,,0,0.0,0.0,0.0,0.7698810148989436,-0.23011898510105644,0.0,cash_lock,0,0,0,0
2012-03-15,,0,0.0,0.0,0.0,0.7698810148989436,-0.23011898510105644,0.0,cash_lock,0,0,0,0
2012-03-22,UNH,1,0.0,0.0,0.0,0.7698810148989436,-0.23011898510105644,0.0,cash_lock,0,1,0,3
2012-03-29,JNJ|UNH,2,0.0,0.0,0.0,0.7698810148989436,-0.23011898510105644,0.0,cash_lock,1,1,1,1
2012-04-05,JNJ|MSFT,2,0.0,0.0,0.0,0.7698810148989436,-0.23011898510105644,0.0,cash_lock,1,1,1,6
2012-04-13,MSFT|UNH,2,0.0,0.0,0.0,0.7698810148989436,-0.23011898510105644,0.0,cash_lock,1,1,1,4
2012-04-20,JNJ|UNH,2,0.0,0.0,0.0,0.7698810148989436,-0.23011898510105644,0.0,cash_lock,1,1,1,3
2012-04-27,JNJ|V,2,0.0,0.0,0.0,0.7698810148989436,-0.23011898510105644,0.0,cash_lock,1,1,1,4
2012-05-04,UNH|V,2,0.0,0.0,0.0,0.7698810148989436,-0.23011898510105644,0.0,cash_lock,1,1,1,6
2012-05-11,UNH|V,2,0.0,0.0,0.0,0.7698810148989436,-0.23011898510105644,0.0,cash_lock,2,0,1,3
2012-05-18,JPM|V,2,0.0,0.0,0.0,0.7698810148989436,-0.23011898510105644,0.0,cash_lock,1,1,0,7
2012-05-25,JPM|UNH,2,0.0,0.0,0.0,0.7698810148989436,-0.23011898510105644,0.0,cash_lock,1,1,1,5
2012-06-04,GOOGL|UNH,2,0.0,0.0,0.0,0.7698810148989436,-0.23011898510105644,0.0,cash_lock,1,1,1,7
2012-06-11,GOOGL|JNJ,2,0.0,0.0,0.0,0.7698810148989436,-0.23011898510105644,0.0,cash_lock,1,1,1,3
2012-06-18,JNJ|V,2,0.0,0.0,0.0,0.7698810148989436,-0.23011898510105644,0.0,cash_lock,1,1,1,5
2012-06-25,UNH|V,2,0.0,0.0,0.0,0.7698810148989436,-0.23011898510105644,0.0,cash_lock,1,1,1,7
2012-07-02,UNH|V,2,0.0,0.0,0.0,0.7698810148989436,-0.23011898510105644,0.0,cash_lock,2,0,1,0
2012-07-10,MSFT|UNH,2,0.0,0.0,0.0,0.7698810148989436,-0.23011898510105644,0.0,cash_lock,1,1,0,7
2012-07-17,MSFT|UNH,2,0.0,0.0,0.0,0.7698810148989436,-0.23011898510105644,0.0,cash_lock,2,0,1,1
2012-07-24,JNJ|UNH,2,0.0,0.0,0.0,0.7698810148989436,-0.23011898510105644,0.0,cash_lock,1,1,0,7
2012-07-31,JNJ|MSFT,2,0.0,0.0,0.0,0.7698810148989436,-0.23011898510105644,0.0,cash_lock,1,1,1,3
2012-08-07,MSFT|UNH,2,0.0,0.0,0.0,0.7698810148989436,-0.23011898510105644,0.0,cash_lock,1,1,1,2
2012-08-14,UNH|V,2,0.0,0.0,0.0,0.7698810148989436,-0.23011898510105644,0.0,cash_lock,1,1,1,3
2012-08-21,JNJ|V,2,0.0,0.0,0.0,0.7698810148989436,-0.23011898510105644,0.0,cash_lock,1,1,1,3
2012-08-28,JNJ|MSFT,2,0.0,0.0,0.0,0.7698810148989436,-0.23011898510105644,0.0,cash_lock,1,1,1,7
2012-09-05,MSFT|V,2,0.0,0.0,0.0,0.7698810148989436,-0.23011898510105644,0.0,cash_lock,1,1,1,3
2012-09-12,UNH|V,2,0.0,0.0,0.0,0.7698810148989436,-0.23011898510105644,0.0,cash_lock,1,1,1,1
2012-09-19,MSFT|UNH,2,0.0,0.0,0.0,0.7698810148989436,-0.23011898510105644,0.0,cash_lock,1,1,1,3
2012-09-26,AMZN|MSFT,2,0.0,0.0,0.0,0.7698810148989436,-0.23011898510105644,0.0,cash_lock,1,1,1,7
2012-10-03,AMZN|MSFT,2,0.0,0.0,0.0,0.7698810148989436,-0.23011898510105644,0.0,cash_lock,2,0,1,0
2012-10-10,MSFT|V,2,0.0,0.0,0.0,0.7698810148989436,-0.23011898510105644,0.0,cash_lock,1,1,0,6
2012-10-17,MSFT|V,2,0.0,0.0,0.0,0.7698810148989436,-0.23011898510105644,0.0,cash_lock,2,0,1,0
2012-10-24,MSFT|UNH,2,0.0,0.0,0.0,0.7698810148989436,-0.23011898510105644,0.0,cash_lock,1,1,0,7
2012-11-02,GOOGL|UNH,2,0.0,0.0,0.0,0.7698810148989436,-0.23011898510105644,0.0,cash_lock,1,1,1,5
2012-11-09,GOOGL|JNJ,2,0.0,0.0,0.0,0.7698810148989436,-0.23011898510105644,0.0,cash_lock,1,1,1,7
2012-11-16,JNJ|UNH,2,0.0,0.0,0.0,0.7698810148989436,-0.23011898510105644,0.0,cash_lock,1,1,1,7
2012-11-26,JPM|UNH,2,0.0,0.0,0.0,0.7698810148989436,-0.23011898510105644,0.0,cash_lock,1,1,1,3
2012-12-03,AAPL|JPM,2,0.0,0.0,0.0,0.7698810148989436,-0.23011898510105644,0.0,cash_lock,1,1,1,6
2012-12-10,AAPL|UNH,2,0.0,0.0,0.0,0.7698810148989436,-0.23011898510105644,0.0,cash_lock,1,1,1,6
2012-12-17,AAPL|UNH,2,0.0,0.0,0.0,0.7698810148989436,-0.23011898510105644,0.0,cash_lock,2,0,1,0
2012-12-24,AAPL|V,2,0.0,0.0,0.0,0.7698810148989436,-0.23011898510105644,0.0,cash_lock,1,1,0,5
2013-01-02,V,1,0.0,0.0,0.0,0.7698810148989436,-0.23011898510105644,0.0,cash_lock,1,0,1,0
2013-01-09,UNH|V,2,0.0,0.0,0.0,0.7698810148989436,-0.23011898510105644,0.0,cash_lock,1,1,0,3
2013-01-16,NVDA|UNH,2,0.0,0.0,0.0,0.7698810148989436,-0.23011898510105644,0.0,cash_lock,1,1,1,5
2013-01-24,NVDA|UNH,2,0.0,0.0,0.0,0.7698810148989436,-0.23011898510105644,0.0,cash_lock,2,0,1,3
2013-01-31,UNH|V,2,0.0,0.0,0.0,0.7698810148989436,-0.23011898510105644,0.0,cash_lock,1,1,0,5
2013-02-07,UNH|V,2,0.0,0.0,0.0,0.7698810148989436,-0.23011898510105644,0.0,cash_lock,2,0,1,7
2013-02-14,UNH|V,2,0.0,0.0,0.0,0.7698810148989436,-0.23011898510105644,0.0,cash_lock,2,0,0,7
2013-02-22,UNH|V,2,0.0,0.0,0.0,0.7698810148989436,-0.23011898510105644,0.0,cash_lock,2,0,0,8
2013-03-01,META|UNH,2,0.0,0.0,0.0,0.7698810148989436,-0.23011898510105644,0.0,cash_lock,1,1,0,1
2013-03-08,META|UNH,2,0.0,0.0,0.0,0.7698810148989436,-0.23011898510105644,0.0,cash_lock,2,0,1,0
2013-03-15,META|V,2,0.0,0.0,0.0,0.7698810148989436,-0.23011898510105644,0.0,cash_lock,1,1,0,3
2013-03-22,META|V,2,0.0,0.0,0.0,0.7698810148989436,-0.23011898510105644,0.0,cash_lock,2,0,1,5
2013-04-01,JPM|META,2,0.0,0.0,0.0,0.7698810148989436,-0.23011898510105644,0.0,cash_lock,1,1,0,4
2013-04-08,JPM|V,2,0.0,0.0,0.0,0.7698810148989436,-0.23011898510105644,0.0,cash_lock,1,1,1,6
2013-04-15,MSFT|V,2,0.0,0.0,0.0,0.7698810148989436,-0.23011898510105644,0.0,cash_lock,1,1,1,4
2013-04-22,MSFT|V,2,0.0,0.0,0.0,0.7698810148989436,-0.23011898510105644,0.0,cash_lock,2,0,1,2
2013-04-29,UNH|V,2,0.0,0.0,0.0,0.7698810148989436,-0.23011898510105644,0.0,cash_lock,1,1,0,3
2013-05-06,JPM|UNH,2,0.0,0.0,0.0,0.7698810148989436,-0.23011898510105644,0.0,cash_lock,1,1,1,2
2013-05-13,JPM|MSFT,2,0.0,0.0,0.0,0.7698810148989436,-0.23011898510105644,0.0,cash_lock,1,1,1,3
2013-05-20,MSFT|UNH,2,0.0,0.0,0.0,0.7698810148989436,-0.23011898510105644,0.0,cash_lock,1,1,1,3
2013-05-28,UNH|V,2,0.0,0.0,0.0,0.7698810148989436,-0.23011898510105644,0.0,cash_lock,1,1,1,4
2013-06-04,UNH|V,2,0.0,0.0,0.0,0.7698810148989436,-0.23011898510105644,0.0,cash_lock,2,0,1,3
2013-06-11,JNJ|UNH,2,0.0,0.0,0.0,0.7698810148989436,-0.23011898510105644,0.0,cash_lock,1,1,0,1
2013-06-18,JNJ|JPM,2,0.0,0.0,0.0,0.7698810148989436,-0.23011898510105644,0.0,cash_lock,1,1,1,2
2013-06-25,JPM|V,2,0.0,0.0,0.0,0.7698810148989436,-0.23011898510105644,0.0,cash_lock,1,1,1,2
2013-07-02,JNJ|V,2,0.0,0.0,0.0,0.7698810148989436,-0.23011898510105644,0.0,cash_lock,1,1,1,7
2013-07-10,JNJ|UNH,2,0.0,0.0,0.0,0.7698810148989436,-0.23011898510105644,0.0,cash_lock,1,1,1,3
2013-07-17,JPM|UNH,2,0.0,0.0,0.0,0.7698810148989436,-0.23011898510105644,0.0,cash_lock,1,1,1,4
2013-07-24,JPM|MSFT,2,0.0,0.0,0.0,0.7698810148989436,-0.23011898510105644,0.0,cash_lock,1,1,1,5
2013-07-31,GOOGL|MSFT,2,0.0,0.0,0.0,0.7698810148989436,-0.23011898510105644,0.0,cash_lock,1,1,1,4
2013-08-07,GOOGL|MSFT,2,0.0,0.0,0.0,0.7698810148989436,-0.23011898510105644,0.0,cash_lock,2,0,1,4
2013-08-14,GOOGL|V,2,0.0,0.0,0.0,0.7698810148989436,-0.23011898510105644,0.0,cash_lock,1,1,0,5
2013-08-21,JNJ|V,2,0.0,0.0,0.0,0.7698810148989436,-0.23011898510105644,0.0,cash_lock,1,1,1,4
2013-08-28,JNJ|UNH,2,0.0,0.0,0.0,0.7698810148989436,-0.23011898510105644,0.0,cash_lock,1,1,1,1
2013-09-05,JNJ|UNH,2,0.0,0.0,0.0,0.7698810148989436,-0.23011898510105644,0.0,cash_lock,2,0,1,0
2013-09-12,JNJ|MSFT,2,0.0,0.0,0.0,0.7698810148989436,-0.23011898510105644,0.0,cash_lock,1,1,0,1
2013-09-19,MSFT|UNH,2,0.0,0.0,0.0,0.7698810148989436,-0.23011898510105644,0.0,cash_lock,1,1,1,1
2013-09-26,JNJ|UNH,2,0.0,0.0,0.0,0.7698810148989436,-0.23011898510105644,0.0,cash_lock,1,1,1,3
2013-10-03,JNJ|UNH,2,0.0,0.0,0.0,0.7698810148989436,-0.23011898510105644,0.0,cash_lock,2,0,1,0
2013-10-10,UNH,1,0.0,0.0,0.0,0.7698810148989436,-0.23011898510105644,0.0,cash_lock,1,0,0,0
2013-10-17,UNH,1,0.0,0.0,0.0,0.7698810148989436,-0.23011898510105644,0.0,cash_lock,1,0,0,0
2013-10-24,JNJ|UNH,2,0.0,0.0,0.0,0.7698810148989436,-0.23011898510105644,0.0,cash_lock,1,1,0,1
2013-10-31,JNJ|UNH,2,0.0,0.0,0.0,0.7698810148989436,-0.23011898510105644,0.0,cash_lock,2,0,1,4
2013-11-07,JPM|UNH,2,0.0,0.0,0.0,0.7698810148989436,-0.23011898510105644,0.0,cash_lock,1,1,0,5
2013-11-14,JPM|UNH,2,0.0,0.0,0.0,0.7698810148989436,-0.23011898510105644,0.0,cash_lock,2,0,1,1
2013-11-21,META|UNH,2,0.0,0.0,0.0,0.7698810148989436,-0.23011898510105644,0.0,cash_lock,1,1,0,2
2013-11-29,JNJ|META,2,0.0,0.0,0.0,0.7698810148989436,-0.23011898510105644,0.0,cash_lock,1,1,1,1
2013-12-06,JNJ|META,2,0.0,0.0,0.0,0.7698810148989436,-0.23011898510105644,0.0,cash_lock,2,0,1,0
2013-12-13,JNJ|JPM,2,0.0,0.0,0.0,0.7698810148989436,-0.23011898510105644,0.0,cash_lock,1,1,0,2
2013-12-20,JNJ|JPM,2,0.0,0.0,0.0,0.7698810148989436,-0.23011898510105644,0.0,cash_lock,2,0,1,0
2013-12-30,JNJ|UNH,2,0.0,0.0,0.0,0.7698810148989436,-0.23011898510105644,0.0,cash_lock,1,1,0,1
2014-01-07,MSFT|UNH,2,0.0,0.0,0.0,0.7698810148989436,-0.23011898510105644,0.0,cash_lock,1,1,1,1
2014-01-14,MSFT|UNH,2,0.0,0.0,0.0,0.7698810148989436,-0.23011898510105644,0.0,cash_lock,2,0,1,0
2014-01-22,MSFT|UNH,2,0.0,0.0,0.0,0.7698810148989436,-0.23011898510105644,0.0,cash_lock,2,0,0,0
2014-01-29,GOOGL|UNH,2,0.0,0.0,0.0,0.7698810148989436,-0.23011898510105644,0.0,cash_lock,1,1,0,3
2014-02-05,GOOGL|V,2,0.0,0.0,0.0,0.7698810148989436,-0.23011898510105644,0.0,cash_lock,1,1,1,1
2014-02-12,V,1,0.0,0.0,0.0,0.7698810148989436,-0.23011898510105644,0.0,cash_lock,1,0,1,0
2014-02-20,AMZN|V,2,0.0,0.0,0.0,0.7698810148989436,-0.23011898510105644,0.0,cash_lock,1,1,0,3
2014-02-27,AMZN|JPM,2,0.0,0.0,0.0,0.7698810148989436,-0.23011898510105644,0.0,cash_lock,1,1,1,2
2014-03-06,JPM|V,2,0.0,0.0,0.0,0.7698810148989436,-0.23011898510105644,0.0,cash_lock,1,1,1,1
2014-03-13,JPM|V,2,0.0,0.0,0.0,0.7698810148989436,-0.23011898510105644,0.0,cash_lock,2,0,1,3
2014-03-20,V,1,0.0,0.0,0.0,0.7698810148989436,-0.23011898510105644,0.0,cash_lock,1,0,0,0
2014-03-27,META|V,2,0.0,0.0,0.0,0.7698810148989436,-0.23011898510105644,0.0,cash_lock,1,1,0,3
2014-04-03,META|V,2,0.0,0.0,0.0,0.7698810148989436,-0.23011898510105644,0.0,cash_lock,2,0,1,0
2014-04-10,META|V,2,0.0,0.0,0.0,0.7698810148989436,-0.23011898510105644,0.0,cash_lock,2,0,0,2
2014-04-17,JPM|V,2,0.0,0.0,0.0,0.7698810148989436,-0.23011898510105644,0.0,cash_lock,1,1,0,1
2014-04-25,JPM|UNH,2,0.0,0.0,0.0,0.7698810148989436,-0.23011898510105644,0.0,cash_lock,1,1,1,4
2014-05-02,META|UNH,2,0.0,0.0,0.0,0.7698810148989436,-0.23011898510105644,0.0,cash_lock,1,1,1,7
2014-05-09,JNJ|META,2,0.0,0.0,0.0,0.7698810148989436,-0.23011898510105644,0.0,cash_lock,1,1,1,6
2014-05-16,JNJ|META,2,0.0,0.0,0.0,0.7698810148989436,-0.23011898510105644,0.0,cash_lock,2,0,1,7
2014-05-23,JNJ|UNH,2,0.0,0.0,0.0,0.7698810148989436,-0.23011898510105644,0.0,cash_lock,1,1,0,4
2014-06-02,JNJ|UNH,2,0.0,0.0,0.0,0.7698810148989436,-0.23011898510105644,0.0,cash_lock,2,0,1,3
2014-06-09,JNJ|UNH,2,0.0,0.0,0.0,0.7698810148989436,-0.23011898510105644,0.0,cash_lock,2,0,0,0
2014-06-16,MSFT|UNH,2,0.0,0.0,0.0,0.7698810148989436,-0.23011898510105644,0.0,cash_lock,1,1,0,4
2014-06-23,MSFT|UNH,2,0.0,0.0,0.0,0.7698810148989436,-0.23011898510105644,0.0,cash_lock,2,0,1,3
2014-06-30,MSFT|NVDA,2,0.0,0.0,0.0,0.7698810148989436,-0.23011898510105644,0.0,cash_lock,1,1,0,6
2014-07-08,JNJ|NVDA,2,0.0,0.0,0.0,0.7698810148989436,-0.23011898510105644,0.0,cash_lock,1,1,1,2
2014-07-15,JNJ|UNH,2,0.0,0.0,0.0,0.7698810148989436,-0.23011898510105644,0.0,cash_lock,1,1,1,3
2014-07-22,JNJ|UNH,2,0.0,0.0,0.0,0.7698810148989436,-0.23011898510105644,0.0,cash_lock,2,0,1,4
2014-07-29,JNJ|MSFT,2,0.0,0.0,0.0,0.7698810148989436,-0.23011898510105644,0.0,cash_lock,1,1,0,6
2014-08-05,JNJ|MSFT,2,0.0,0.0,0.0,0.7698810148989436,-0.23011898510105644,0.0,cash_lock,2,0,1,3
2014-08-12,JNJ|UNH,2,0.0,0.0,0.0,0.7698810148989436,-0.23011898510105644,0.0,cash_lock,1,1,0,1
2014-08-19,JNJ|UNH,2,0.0,0.0,0.0,0.7698810148989436,-0.23011898510105644,0.0,cash_lock,2,0,1,0
2014-08-26,JNJ|UNH,2,0.0,0.0,0.0,0.7698810148989436,-0.23011898510105644,0.0,cash_lock,2,0,0,0
2014-09-03,JNJ|V,2,0.0,0.0,0.0,0.7698810148989436,-0.23011898510105644,0.0,cash_lock,1,1,0,2
2014-09-10,AAPL|V,2,0.0,0.0,0.0,0.7698810148989436,-0.23011898510105644,0.0,cash_lock,1,1,1,2
2014-09-17,AAPL|META,2,0.0,0.0,0.0,0.7698810148989436,-0.23011898510105644,0.0,cash_lock,1,1,1,3
2014-09-24,META|MSFT,2,0.0,0.0,0.0,0.7698810148989436,-0.23011898510105644,0.0,cash_lock,1,1,1,5
2014-10-01,MSFT|UNH,2,0.0,0.0,0.0,0.7698810148989436,-0.23011898510105644,0.0,cash_lock,1,1,1,7
2014-10-08,META|UNH,2,0.0,0.0,0.0,0.7698810148989436,-0.23011898510105644,0.0,cash_lock,1,1,1,1
2014-10-15,JNJ|META,2,0.0,0.0,0.0,0.7698810148989436,-0.23011898510105644,0.0,cash_lock,1,1,1,8
2014-10-22,JNJ|JPM,2,0.0,0.0,0.0,0.7698810148989436,-0.23011898510105644,0.0,cash_lock,1,1,1,1
2014-10-29,JNJ|JPM,2,0.0,0.0,0.0,0.7698810148989436,-0.23011898510105644,0.0,cash_lock,2,0,1,2
2014-11-05,JNJ|JPM,2,0.0,0.0,0.0,0.7698810148989436,-0.23011898510105644,0.0,cash_lock,2,0,0,4
2014-11-12,JNJ|UNH,2,0.0,0.0,0.0,0.7698810148989436,-0.23011898510105644,0.0,cash_lock,1,1,0,5
2014-11-19,JPM|UNH,2,0.0,0.0,0.0,0.7698810148989436,-0.23011898510105644,0.0,cash_lock,1,1,1,3
2014-11-26,GOOGL|JPM,2,0.0,0.0,0.0,0.7698810148989436,-0.23011898510105644,0.0,cash_lock,1,1,1,3
2014-12-04,AMZN|GOOGL,2,0.0,0.0,0.0,0.7698810148989436,-0.23011898510105644,0.0,cash_lock,1,1,1,6
2014-12-11,AMZN|JNJ,2,0.0,0.0,0.0,0.7698810148989436,-0.23011898510105644,0.0,cash_lock,1,1,1,1
2014-12-18,AMZN|JNJ,2,0.0,0.0,0.0,0.7698810148989436,-0.23011898510105644,0.0,cash_lock,2,0,1,0
2014-12-26,JNJ|UNH,2,0.0,0.0,0.0,0.7698810148989436,-0.23011898510105644,0.0,cash_lock,1,1,0,3
2015-01-05,JNJ|UNH,2,0.0,0.0,0.0,0.7698810148989436,-0.23011898510105644,0.0,cash_lock,2,0,1,8
2015-01-12,JNJ|UNH,2,0.0,0.0,0.0,0.7698810148989436,-0.23011898510105644,0.0,cash_lock,2,0,0,8
2015-01-20,JNJ|V,2,0.0,0.0,0.0,0.7698810148989436,-0.23011898510105644,0.0,cash_lock,1,1,0,7
2015-01-27,JNJ|V,2,0.0,0.0,0.0,0.7698810148989436,-0.23011898510105644,0.0,cash_lock,2,0,1,5
2015-02-03,UNH|V,2,0.0,0.0,0.0,0.7698810148989436,-0.23011898510105644,0.0,cash_lock,1,1,0,4
2015-02-10,MSFT|UNH,2,0.0,0.0,0.0,0.7698810148989436,-0.23011898510105644,0.0,cash_lock,1,1,1,4
2015-02-18,MSFT|UNH,2,0.0,0.0,0.0,0.7698810148989436,-0.23011898510105644,0.0,cash_lock,2,0,1,4
2015-02-25,JNJ|MSFT,2,0.0,0.0,0.0,0.7698810148989436,-0.23011898510105644,0.0,cash_lock,1,1,0,6
2015-03-04,JNJ|UNH,2,0.0,0.0,0.0,0.7698810148989436,-0.23011898510105644,0.0,cash_lock,1,1,1,5
2015-03-11,META|UNH,2,0.0,0.0,0.0,0.7698810148989436,-0.23011898510105644,0.0,cash_lock,1,1,1,6
2015-03-18,META,1,0.0,0.0,0.0,0.7698810148989436,-0.23011898510105644,0.0,cash_lock,1,0,1,0
2015-03-25,META|UNH,2,0.0,0.0,0.0,0.7698810148989436,-0.23011898510105644,0.0,cash_lock,1,1,0,8
2015-04-01,UNH|V,2,0.0,0.0,0.0,0.7698810148989436,-0.23011898510105644,0.0,cash_lock,1,1,1,7
2015-04-09,UNH|V,2,0.0,0.0,0.0,0.7698810148989436,-0.23011898510105644,0.0,cash_lock,2,0,1,1
2015-04-16,AMZN|UNH,2,0.0,0.0,0.0,0.7698810148989436,-0.23011898510105644,0.0,cash_lock,1,1,0,7
2015-04-23,AMZN|JPM,2,0.0,0.0,0.0,0.7698810148989436,-0.23011898510105644,0.0,cash_lock,1,1,1,5
2015-04-30,JNJ|JPM,2,0.0,0.0,0.0,0.7698810148989436,-0.23011898510105644,0.0,cash_lock,1,1,1,7
2015-05-07,AMZN|JNJ,2,0.0,0.0,0.0,0.7698810148989436,-0.23011898510105644,0.0,cash_lock,1,1,1,7
2015-05-14,AMZN|UNH,2,0.0,0.0,0.0,0.7698810148989436,-0.23011898510105644,0.0,cash_lock,1,1,1,6
2015-05-21,AAPL|UNH,2,0.0,0.0,0.0,0.7698810148989436,-0.23011898510105644,0.0,cash_lock,1,1,1,7
2015-05-29,AAPL|V,2,0.0,0.0,0.0,0.7698810148989436,-0.23011898510105644,0.0,cash_lock,1,1,1,5
2015-06-05,UNH|V,2,0.0,0.0,0.0,0.7698810148989436,-0.23011898510105644,0.0,cash_lock,1,1,1,2
2015-06-12,META|UNH,2,0.0,0.0,0.0,0.7698810148989436,-0.23011898510105644,0.0,cash_lock,1,1,1,4
2015-06-19,META|UNH,2,0.0,0.0,0.0,0.7698810148989436,-0.23011898510105644,0.0,cash_lock,2,0,1,3
2015-06-26,MSFT|UNH,2,0.0,0.0,0.0,0.7698810148989436,-0.23011898510105644,0.0,cash_lock,1,1,0,1
2015-07-06,AMZN|MSFT,2,0.0,0.0,0.0,0.7698810148989436,-0.23011898510105644,0.0,cash_lock,1,1,1,8
2015-07-13,AMZN|MSFT,2,0.0,0.0,0.0,0.7698810148989436,-0.23011898510105644,0.0,cash_lock,2,0,1,0
2015-07-20,MSFT|UNH,2,0.0,0.0,0.0,0.7698810148989436,-0.23011898510105644,0.0,cash_lock,1,1,0,4
2015-07-27,MSFT|UNH,2,0.0,0.0,0.0,0.7698810148989436,-0.23011898510105644,0.0,cash_lock,2,0,1,7
2015-08-03,JNJ|UNH,2,0.0,0.0,0.0,0.7698810148989436,-0.23011898510105644,0.0,cash_lock,1,1,0,4
2015-08-10,JNJ|META,2,0.0,0.0,0.0,0.7698810148989436,-0.23011898510105644,0.0,cash_lock,1,1,1,2
2015-08-17,META|V,2,0.0,0.0,0.0,0.7698810148989436,-0.23011898510105644,0.0,cash_lock,1,1,1,4
2015-08-24,META|V,2,0.0,0.0,0.0,0.7698810148989436,-0.23011898510105644,0.0,cash_lock,2,0,1,8
2015-08-31,JNJ|V,2,0.0,0.0,0.0,0.7698810148989436,-0.23011898510105644,0.0,cash_lock,1,1,0,4
2015-09-08,JNJ|UNH,2,0.0,0.0,0.0,0.7698810148989436,-0.23011898510105644,0.0,cash_lock,1,1,1,4
2015-09-15,JNJ|UNH,2,0.0,0.0,0.0,0.7698810148989436,-0.23011898510105644,0.0,cash_lock,2,0,1,7
2015-09-22,JNJ|V,2,0.0,0.0,0.0,0.7698810148989436,-0.23011898510105644,0.0,cash_lock,1,1,0,8
2015-09-29,UNH|V,2,0.0,0.0,0.0,0.7698810148989436,-0.23011898510105644,0.0,cash_lock,1,1,1,8
2015-10-06,UNH|V,2,0.0,0.0,0.0,0.7698810148989436,-0.23011898510105644,0.0,cash_lock,2,0,1,3
2015-10-13,META|UNH,2,0.0,0.0,0.0,0.7698810148989436,-0.23011898510105644,0.0,cash_lock,1,1,0,7
2015-10-20,JNJ|META,2,0.0,0.0,0.0,0.7698810148989436,-0.23011898510105644,0.0,cash_lock,1,1,1,5
2015-10-27,JNJ|UNH,2,0.0,0.0,0.0,0.7698810148989436,-0.23011898510105644,0.0,cash_lock,1,1,1,5
2015-11-03,JNJ|UNH,2,0.0,0.0,0.0,0.7698810148989436,-0.23011898510105644,0.0,cash_lock,2,0,1,2
2015-11-10,JNJ|UNH,2,0.0,0.0,0.0,0.7698810148989436,-0.23011898510105644,0.0,cash_lock,2,0,0,3
2015-11-17,JNJ|UNH,2,0.0,0.0,0.0,0.7698810148989436,-0.23011898510105644,0.0,cash_lock,2,0,0,6
2015-11-24,JNJ|UNH,2,0.0,0.0,0.0,0.7698810148989436,-0.23011898510105644,0.0,cash_lock,2,0,0,0
2015-12-02,JNJ|UNH,2,0.0,0.0,0.0,0.7698810148989436,-0.23011898510105644,0.0,cash_lock,2,0,0,1
2015-12-09,JNJ|V,2,0.0,0.0,0.0,0.7698810148989436,-0.23011898510105644,0.0,cash_lock,1,1,0,2
2015-12-16,JNJ|V,2,0.0,0.0,0.0,0.7698810148989436,-0.23011898510105644,0.0,cash_lock,2,0,1,0
2015-12-23,JNJ|MSFT,2,0.0,0.0,0.0,0.7698810148989436,-0.23011898510105644,0.0,cash_lock,1,1,0,6
2015-12-31,JNJ|MSFT,2,0.0,0.0,0.0,0.7698810148989436,-0.23011898510105644,0.0,cash_lock,2,0,1,8
2016-01-08,JNJ|MSFT,2,0.0,0.0,0.0,0.7698810148989436,-0.23011898510105644,0.0,cash_lock,2,0,0,8
2016-01-15,JNJ|UNH,2,0.0,0.0,0.0,0.7698810148989436,-0.23011898510105644,0.0,cash_lock,1,1,0,8
2016-01-25,JNJ|UNH,2,0.0,0.0,0.0,0.7698810148989436,-0.23011898510105644,0.0,cash_lock,2,0,1,8
2016-02-01,UNH|V,2,0.0,0.0,0.0,0.7698810148989436,-0.23011898510105644,0.0,cash_lock,1,1,0,7
2016-02-08,UNH|V,2,0.0,0.0,0.0,0.7698810148989436,-0.23011898510105644,0.0,cash_lock,2,0,1,8
2016-02-16,META|UNH,2,0.0,0.0,0.0,0.7698810148989436,-0.23011898510105644,0.0,cash_lock,1,1,0,7
2016-02-23,JNJ|META,2,0.0,0.0,0.0,0.7698810148989436,-0.23011898510105644,0.0,cash_lock,1,1,1,7
2016-03-01,JNJ|UNH,2,0.0,0.0,0.0,0.7698810148989436,-0.23011898510105644,0.0,cash_lock,1,1,1,1
2016-03-08,JNJ|UNH,2,0.0,0.0,0.0,0.7698810148989436,-0.23011898510105644,0.0,cash_lock,2,0,1,5
2016-03-15,JNJ|UNH,2,0.0,0.0,0.0,0.7698810148989436,-0.23011898510105644,0.0,cash_lock,2,0,0,3
2016-03-22,JNJ|META,2,0.0,0.0,0.0,0.7698810148989436,-0.23011898510105644,0.0,cash_lock,1,1,0,3
2016-03-30,JNJ|META,2,0.0,0.0,0.0,0.7698810148989436,-0.23011898510105644,0.0,cash_lock,2,0,1,5
2016-04-06,META|UNH,2,0.0,0.0,0.0,0.7698810148989436,-0.23011898510105644,0.0,cash_lock,1,1,0,5
2016-04-13,JNJ|UNH,2,0.0,0.0,0.0,0.7698810148989436,-0.23011898510105644,0.0,cash_lock,1,1,1,1
2016-04-20,JNJ|META,2,0.0,0.0,0.0,0.7698810148989436,-0.23011898510105644,0.0,cash_lock,1,1,1,1
2016-04-27,META|V,2,0.0,0.0,0.0,0.7698810148989436,-0.23011898510105644,0.0,cash_lock,1,1,1,5
2016-05-04,GOOGL|V,2,0.0,0.0,0.0,0.7698810148989436,-0.23011898510105644,0.0,cash_lock,1,1,1,6
2016-05-11,GOOGL|UNH,2,0.0,0.0,0.0,0.7698810148989436,-0.23011898510105644,0.0,cash_lock,1,1,1,3
2016-05-18,META|UNH,2,0.0,0.0,0.0,0.7698810148989436,-0.23011898510105644,0.0,cash_lock,1,1,1,2
2016-05-25,META|UNH,2,0.0,0.0,0.0,0.7698810148989436,-0.23011898510105644,0.0,cash_lock,2,0,1,0
2016-06-02,META|V,2,0.0,0.0,0.0,0.7698810148989436,-0.23011898510105644,0.0,cash_lock,1,1,0,2
2016-06-09,JPM|V,2,0.0,0.0,0.0,0.7698810148989436,-0.23011898510105644,0.0,cash_lock,1,1,1,5
2016-06-16,JPM|META,2,0.0,0.0,0.0,0.7698810148989436,-0.23011898510105644,0.0,cash_lock,1,1,1,3
2016-06-23,JPM|META,2,0.0,0.0,0.0,0.7698810148989436,-0.23011898510105644,0.0,cash_lock,2,0,1,0
2016-06-30,JPM|META,2,0.0,0.0,0.0,0.7698810148989436,-0.23011898510105644,0.0,cash_lock,2,0,0,6
2016-07-08,JPM|META,2,0.0,0.0,0.0,0.7698810148989436,-0.23011898510105644,0.0,cash_lock,2,0,0,6
2016-07-15,JPM|V,2,0.0,0.0,0.0,0.7698810148989436,-0.23011898510105644,0.0,cash_lock,1,1,0,1
2016-07-22,JPM|V,2,0.0,0.0,0.0,0.7698810148989436,-0.23011898510105644,0.0,cash_lock,2,0,1,7
2016-07-29,JPM|UNH,2,0.0,0.0,0.0,0.7698810148989436,-0.23011898510105644,0.0,cash_lock,1,1,0,5
2016-08-05,UNH|V,2,0.0,0.0,0.0,0.7698810148989436,-0.23011898510105644,0.0,cash_lock,1,1,1,2
2016-08-12,META|V,2,0.0,0.0,0.0,0.7698810148989436,-0.23011898510105644,0.0,cash_lock,1,1,1,6
2016-08-19,JNJ|META,2,0.0,0.0,0.0,0.7698810148989436,-0.23011898510105644,0.0,cash_lock,1,1,1,1
2016-08-26,JNJ|UNH,2,0.0,0.0,0.0,0.7698810148989436,-0.23011898510105644,0.0,cash_lock,1,1,1,3
2016-09-02,JNJ|UNH,2,0.0,0.0,0.0,0.7698810148989436,-0.23011898510105644,0.0,cash_lock,2,0,1,0
2016-09-12,AMZN|UNH,2,0.0,0.0,0.0,0.7698810148989436,-0.23011898510105644,0.0,cash_lock,1,1,0,1
2016-09-19,AMZN|META,2,0.0,0.0,0.0,0.7698810148989436,-0.23011898510105644,0.0,cash_lock,1,1,1,6
2016-09-26,AAPL|META,2,0.0,0.0,0.0,0.7698810148989436,-0.23011898510105644,0.0,cash_lock,1,1,1,7
2016-10-03,AAPL|JNJ,2,0.0,0.0,0.0,0.7698810148989436,-0.23011898510105644,0.0,cash_lock,1,1,1,3
2016-10-10,JNJ|UNH,2,0.0,0.0,0.0,0.7698810148989436,-0.23011898510105644,0.0,cash_lock,1,1,1,1
2016-10-17,NVDA|UNH,2,0.0,0.0,0.0,0.7698810148989436,-0.23011898510105644,0.0,cash_lock,1,1,1,6
2016-10-24,NVDA|V,2,0.0,0.0,0.0,0.7698810148989436,-0.23011898510105644,0.0,cash_lock,1,1,1,1
2016-10-31,META|V,2,0.0,0.0,0.0,0.7698810148989436,-0.23011898510105644,0.0,cash_lock,1,1,1,3
2016-11-07,META|UNH,2,0.0,0.0,0.0,0.7698810148989436,-0.23011898510105644,0.0,cash_lock,1,1,1,1
2016-11-14,META|UNH,2,0.0,0.0,0.0,0.7698810148989436,-0.23011898510105644,0.0,cash_lock,2,0,1,1
2016-11-21,JNJ|META,2,0.0,0.0,0.0,0.7698810148989436,-0.23011898510105644,0.0,cash_lock,1,1,0,7
2016-11-29,JNJ|V,2,0.0,0.0,0.0,0.7698810148989436,-0.23011898510105644,0.0,cash_lock,1,1,1,7
2016-12-06,JNJ|V,2,0.0,0.0,0.0,0.7698810148989436,-0.23011898510105644,0.0,cash_lock,2,0,1,6
2016-12-13,JNJ|V,2,0.0,0.0,0.0,0.7698810148989436,-0.23011898510105644,0.0,cash_lock,2,0,0,2
2016-12-20,JNJ|V,2,0.0,0.0,0.0,0.7698810148989436,-0.23011898510105644,0.0,cash_lock,2,0,0,4
2016-12-28,META|V,2,0.0,0.0,0.0,0.7698810148989436,-0.23011898510105644,0.0,cash_lock,1,1,0,5
2017-01-05,META|UNH,2,0.0,0.0,0.0,0.7698810148989436,-0.23011898510105644,0.0,cash_lock,1,1,1,5
2017-01-12,MSFT|UNH,2,0.0,0.0,0.0,0.7698810148989436,-0.23011898510105644,0.0,cash_lock,1,1,1,2
2017-01-20,MSFT|UNH,2,0.0,0.0,0.0,0.7698810148989436,-0.23011898510105644,0.0,cash_lock,2,0,1,2
2017-01-27,JNJ|UNH,2,0.0,0.0,0.0,0.7698810148989436,-0.23011898510105644,0.0,cash_lock,1,1,0,3
2017-02-03,JNJ|UNH,2,0.0,0.0,0.0,0.7698810148989436,-0.23011898510105644,0.0,cash_lock,2,0,1,3
2017-02-10,MSFT|UNH,2,0.0,0.0,0.0,0.7698810148989436,-0.23011898510105644,0.0,cash_lock,1,1,0,5
2017-02-17,MSFT|V,2,0.0,0.0,0.0,0.7698810148989436,-0.23011898510105644,0.0,cash_lock,1,1,1,2
2017-02-27,UNH|V,2,0.0,0.0,0.0,0.7698810148989436,-0.23011898510105644,0.0,cash_lock,1,1,1,4
2017-03-06,MSFT|UNH,2,0.0,0.0,0.0,0.7698810148989436,-0.23011898510105644,0.0,cash_lock,1,1,1,3
2017-03-13,JPM|MSFT,2,0.0,0.0,0.0,0.7698810148989436,-0.23011898510105644,0.0,cash_lock,1,1,1,2
2017-03-20,JPM|MSFT,2,0.0,0.0,0.0,0.7698810148989436,-0.23011898510105644,0.0,cash_lock,2,0,1,1
2017-03-27,JPM|UNH,2,0.0,0.0,0.0,0.7698810148989436,-0.23011898510105644,0.0,cash_lock,1,1,0,1
2017-04-03,UNH,1,0.0,0.0,0.0,0.7698810148989436,-0.23011898510105644,0.0,cash_lock,1,0,1,0
2017-04-10,UNH,1,0.0,0.0,0.0,0.7698810148989436,-0.23011898510105644,0.0,cash_lock,1,0,0,0
2017-04-18,UNH,1,0.0,0.0,0.0,0.7698810148989436,-0.23011898510105644,0.0,cash_lock,1,0,0,0
2017-04-25,,0,0.0,0.0,0.0,0.7698810148989436,-0.23011898510105644,0.0,cash_lock,0,0,0,0
2017-05-02,JNJ,1,0.0,0.0,0.0,0.7698810148989436,-0.23011898510105644,0.0,cash_lock,0,1,0,1
2017-05-09,JNJ|JPM,2,0.0,0.0,0.0,0.7698810148989436,-0.23011898510105644,0.0,cash_lock,1,1,1,1
2017-05-16,JPM|UNH,2,0.0,0.0,0.0,0.7698810148989436,-0.23011898510105644,0.0,cash_lock,1,1,1,3
2017-05-23,MSFT|UNH,2,0.0,0.0,0.0,0.7698810148989436,-0.23011898510105644,0.0,cash_lock,1,1,1,6
2017-05-31,JPM|MSFT,2,0.0,0.0,0.0,0.7698810148989436,-0.23011898510105644,0.0,cash_lock,1,1,1,3
2017-06-07,AAPL|JPM,2,0.0,0.0,0.0,0.7698810148989436,-0.23011898510105644,0.0,cash_lock,1,1,1,3
2017-06-14,AAPL|V,2,0.0,0.0,0.0,0.7698810148989436,-0.23011898510105644,0.0,cash_lock,1,1,1,6
2017-06-21,MSFT|V,2,0.0,0.0,0.0,0.7698810148989436,-0.23011898510105644,0.0,cash_lock,1,1,1,6
2017-06-28,META|MSFT,2,0.0,0.0,0.0,0.7698810148989436,-0.23011898510105644,0.0,cash_lock,1,1,1,4
2017-07-06,AMZN|META,2,0.0,0.0,0.0,0.7698810148989436,-0.23011898510105644,0.0,cash_lock,1,1,1,5
2017-07-13,AMZN|JNJ,2,0.0,0.0,0.0,0.7698810148989436,-0.23011898510105644,0.0,cash_lock,1,1,1,1
2017-07-20,JNJ|JPM,2,0.0,0.0,0.0,0.7698810148989436,-0.23011898510105644,0.0,cash_lock,1,1,1,4
2017-07-27,JNJ|JPM,2,0.0,0.0,0.0,0.7698810148989436,-0.23011898510105644,0.0,cash_lock,2,0,1,1
2017-08-03,JNJ|MSFT,2,0.0,0.0,0.0,0.7698810148989436,-0.23011898510105644,0.0,cash_lock,1,1,0,6
2017-08-10,JNJ|MSFT,2,0.0,0.0,0.0,0.7698810148989436,-0.23011898510105644,0.0,cash_lock,2,0,1,3
2017-08-17,JNJ|JPM,2,0.0,0.0,0.0,0.7698810148989436,-0.23011898510105644,0.0,cash_lock,1,1,0,2
2017-08-24,JPM|MSFT,2,0.0,0.0,0.0,0.7698810148989436,-0.23011898510105644,0.0,cash_lock,1,1,1,1
2017-08-31,JPM|MSFT,2,0.0,0.0,0.0,0.7698810148989436,-0.23011898510105644,0.0,cash_lock,2,0,1,0
2017-09-08,JNJ|JPM,2,0.0,0.0,0.0,0.7698810148989436,-0.23011898510105644,0.0,cash_lock,1,1,0,3
2017-09-15,JNJ|JPM,2,0.0,0.0,0.0,0.7698810148989436,-0.23011898510105644,0.0,cash_lock,2,0,1,0
2017-09-22,JNJ|META,2,0.0,0.0,0.0,0.7698810148989436,-0.23011898510105644,0.0,cash_lock,1,1,0,6
2017-09-29,JNJ|META,2,0.0,0.0,0.0,0.7698810148989436,-0.23011898510105644,0.0,cash_lock,2,0,1,7
2017-10-06,JNJ|META,2,0.0,0.0,0.0,0.7698810148989436,-0.23011898510105644,0.0,cash_lock,2,0,0,6
2017-10-13,META|UNH,2,0.0,0.0,0.0,0.7698810148989436,-0.23011898510105644,0.0,cash_lock,1,1,0,7
2017-10-20,AAPL|UNH,2,0.0,0.0,0.0,0.7698810148989436,-0.23011898510105644,0.0,cash_lock,1,1,1,1
2017-10-27,AAPL|V,2,0.0,0.0,0.0,0.7698810148989436,-0.23011898510105644,0.0,cash_lock,1,1,1,2
2017-11-03,JNJ|V,2,0.0,0.0,0.0,0.7698810148989436,-0.23011898510105644,0.0,cash_lock,1,1,1,4
2017-11-10,JNJ|META,2,0.0,0.0,0.0,0.7698810148989436,-0.23011898510105644,0.0,cash_lock,1,1,1,4
2017-11-17,JPM|META,2,0.0,0.0,0.0,0.7698810148989436,-0.23011898510105644,0.0,cash_lock,1,1,1,5
2017-11-27,JNJ|JPM,2,0.0,0.0,0.0,0.7698810148989436,-0.23011898510105644,0.0,cash_lock,1,1,1,3
2017-12-04,JNJ|META,2,0.0,0.0,0.0,0.7698810148989436,-0.23011898510105644,0.0,cash_lock,1,1,1,2
2017-12-11,META|V,2,0.0,0.0,0.0,0.7698810148989436,-0.23011898510105644,0.0,cash_lock,1,1,1,6
2017-12-18,JPM|V,2,0.0,0.0,0.0,0.7698810148989436,-0.23011898510105644,0.0,cash_lock,1,1,1,4
2017-12-26,JPM|META,2,0.0,0.0,0.0,0.7698810148989436,-0.23011898510105644,0.0,cash_lock,1,1,1,4
2018-01-03,JNJ|META,2,0.0,0.0,0.0,0.7698810148989436,-0.23011898510105644,0.0,cash_lock,1,1,1,5
2018-01-10,JNJ|MSFT,2,0.0,0.0,0.0,0.7698810148989436,-0.23011898510105644,0.0,cash_lock,1,1,1,4
2018-01-18,META|MSFT,2,0.0,0.0,0.0,0.7698810148989436,-0.23011898510105644,0.0,cash_lock,1,1,1,1
2018-01-25,JNJ|META,2,0.0,0.0,0.0,0.7698810148989436,-0.23011898510105644,0.0,cash_lock,1,1,1,1
2018-02-01,JNJ|UNH,2,0.0,0.0,0.0,0.7698810148989436,-0.23011898510105644,0.0,cash_lock,1,1,1,3
2018-02-08,JNJ|UNH,2,0.0,0.0,0.0,0.7698810148989436,-0.23011898510105644,0.0,cash_lock,2,0,1,6
2018-02-15,JNJ|UNH,2,0.0,0.0,0.0,0.7698810148989436,-0.23011898510105644,0.0,cash_lock,2,0,0,0
2018-02-23,JNJ|UNH,2,0.0,0.0,0.0,0.7698810148989436,-0.23011898510105644,0.0,cash_lock,2,0,0,4
2018-03-02,JNJ|UNH,2,0.0,0.0,0.0,0.7698810148989436,-0.23011898510105644,0.0,cash_lock,2,0,0,3
2018-03-09,UNH,1,0.0,0.0,0.0,0.7698810148989436,-0.23011898510105644,0.0,cash_lock,1,0,0,0
2018-03-16,JPM|UNH,2,0.0,0.0,0.0,0.7698810148989436,-0.23011898510105644,0.0,cash_lock,1,1,0,4
2018-03-23,JPM|UNH,2,0.0,0.0,0.0,0.7698810148989436,-0.23011898510105644,0.0,cash_lock,2,0,1,8
2018-04-02,UNH|V,2,0.0,0.0,0.0,0.7698810148989436,-0.23011898510105644,0.0,cash_lock,1,1,0,8
2018-04-09,UNH|V,2,0.0,0.0,0.0,0.7698810148989436,-0.23011898510105644,0.0,cash_lock,2,0,1,3
2018-04-16,JPM|V,2,0.0,0.0,0.0,0.7698810148989436,-0.23011898510105644,0.0,cash_lock,1,1,0,3
2018-04-23,JNJ|JPM,2,0.0,0.0,0.0,0.7698810148989436,-0.23011898510105644,0.0,cash_lock,1,1,1,4
2018-04-30,JNJ|JPM,2,0.0,0.0,0.0,0.7698810148989436,-0.23011898510105644,0.0,cash_lock,2,0,1,6
2018-05-07,JPM|UNH,2,0.0,0.0,0.0,0.7698810148989436,-0.23011898510105644,0.0,cash_lock,1,1,0,2
2018-05-14,JPM|UNH,2,0.0,0.0,0.0,0.7698810148989436,-0.23011898510105644,0.0,cash_lock,2,0,1,0
2018-05-21,JNJ|JPM,2,0.0,0.0,0.0,0.7698810148989436,-0.23011898510105644,0.0,cash_lock,1,1,0,4
2018-05-29,JNJ|UNH,2,0.0,0.0,0.0,0.7698810148989436,-0.23011898510105644,0.0,cash_lock,1,1,1,6
2018-06-05,JNJ|UNH,2,0.0,0.0,0.0,0.7698810148989436,-0.23011898510105644,0.0,cash_lock,2,0,1,0
2018-06-12,JNJ|JPM,2,0.0,0.0,0.0,0.7698810148989436,-0.23011898510105644,0.0,cash_lock,1,1,0,3
2018-06-19,JPM|MSFT,2,0.0,0.0,0.0,0.7698810148989436,-0.23011898510105644,0.0,cash_lock,1,1,1,1
2018-06-26,MSFT|V,2,0.0,0.0,0.0,0.7698810148989436,-0.23011898510105644,0.0,cash_lock,1,1,1,5
2018-07-03,UNH|V,2,0.0,0.0,0.0,0.7698810148989436,-0.23011898510105644,0.0,cash_lock,1,1,1,5
2018-07-11,AMZN|UNH,2,0.0,0.0,0.0,0.7698810148989436,-0.23011898510105644,0.0,cash_lock,1,1,1,3
2018-07-18,AMZN|UNH,2,0.0,0.0,0.0,0.7698810148989436,-0.23011898510105644,0.0,cash_lock,2,0,1,0
2018-07-25,AMZN|UNH,2,0.0,0.0,0.0,0.7698810148989436,-0.23011898510105644,0.0,cash_lock,2,0,0,0
2018-08-01,AMZN|V,2,0.0,0.0,0.0,0.7698810148989436,-0.23011898510105644,0.0,cash_lock,1,1,0,6
2018-08-08,META|V,2,0.0,0.0,0.0,0.7698810148989436,-0.23011898510105644,0.0,cash_lock,1,1,1,3
2018-08-15,JNJ|META,2,0.0,0.0,0.0,0.7698810148989436,-0.23011898510105644,0.0,cash_lock,1,1,1,4
2018-08-22,JNJ|MSFT,2,0.0,0.0,0.0,0.7698810148989436,-0.23011898510105644,0.0,cash_lock,1,1,1,5
2018-08-29,JNJ|MSFT,2,0.0,0.0,0.0,0.7698810148989436,-0.23011898510105644,0.0,cash_lock,2,0,1,0
2018-09-06,MSFT|V,2,0.0,0.0,0.0,0.7698810148989436,-0.23011898510105644,0.0,cash_lock,1,1,0,3
2018-09-13,GOOGL|V,2,0.0,0.0,0.0,0.7698810148989436,-0.23011898510105644,0.0,cash_lock,1,1,1,1
2018-09-20,AMZN|GOOGL,2,0.0,0.0,0.0,0.7698810148989436,-0.23011898510105644,0.0,cash_lock,1,1,1,3
2018-09-27,AMZN|JNJ,2,0.0,0.0,0.0,0.7698810148989436,-0.23011898510105644,0.0,cash_lock,1,1,1,5
2018-10-04,AMZN|JNJ,2,0.0,0.0,0.0,0.7698810148989436,-0.23011898510105644,0.0,cash_lock,2,0,1,0
2018-10-11,JNJ|V,2,0.0,0.0,0.0,0.7698810148989436,-0.23011898510105644,0.0,cash_lock,1,1,0,6
2018-10-18,MSFT|V,2,0.0,0.0,0.0,0.7698810148989436,-0.23011898510105644,0.0,cash_lock,1,1,1,3
2018-10-25,JPM|MSFT,2,0.0,0.0,0.0,0.7698810148989436,-0.23011898510105644,0.0,cash_lock,1,1,1,2
2018-11-01,JPM|UNH,2,0.0,0.0,0.0,0.7698810148989436,-0.23011898510105644,0.0,cash_lock,1,1,1,5
2018-11-08,MSFT|UNH,2,0.0,0.0,0.0,0.7698810148989436,-0.23011898510105644,0.0,cash_lock,1,1,1,3
2018-11-15,MSFT|V,2,0.0,0.0,0.0,0.7698810148989436,-0.23011898510105644,0.0,cash_lock,1,1,1,6
2018-11-23,UNH|V,2,0.0,0.0,0.0,0.7698810148989436,-0.23011898510105644,0.0,cash_lock,1,1,1,8
2018-11-30,UNH|V,2,0.0,0.0,0.0,0.7698810148989436,-0.23011898510105644,0.0,cash_lock,2,0,1,1
2018-12-10,UNH|V,2,0.0,0.0,0.0,0.7698810148989436,-0.23011898510105644,0.0,cash_lock,2,0,0,8
2018-12-17,UNH|V,2,0.0,0.0,0.0,0.7698810148989436,-0.23011898510105644,0.0,cash_lock,2,0,0,8
2018-12-24,JNJ|UNH,2,0.0,0.0,0.0,0.7698810148989436,-0.23011898510105644,0.0,cash_lock,1,1,0,8
2019-01-02,JNJ|V,2,0.0,0.0,0.0,0.7698810148989436,-0.23011898510105644,0.0,cash_lock,1,1,1,2
2019-01-09,MSFT|V,2,0.0,0.0,0.0,0.7698810148989436,-0.23011898510105644,0.0,cash_lock,1,1,1,3
2019-01-16,JPM|MSFT,2,0.0,0.0,0.0,0.7698810148989436,-0.23011898510105644,0.0,cash_lock,1,1,1,6
2019-01-24,JPM|META,2,0.0,0.0,0.0,0.7698810148989436,-0.23011898510105644,0.0,cash_lock,1,1,1,5
2019-01-31,META|V,2,0.0,0.0,0.0,0.7698810148989436,-0.23011898510105644,0.0,cash_lock,1,1,1,1
2019-02-07,MSFT|V,2,0.0,0.0,0.0,0.7698810148989436,-0.23011898510105644,0.0,cash_lock,1,1,1,5
2019-02-14,MSFT|UNH,2,0.0,0.0,0.0,0.7698810148989436,-0.23011898510105644,0.0,cash_lock,1,1,1,4
2019-02-22,META|UNH,2,0.0,0.0,0.0,0.7698810148989436,-0.23011898510105644,0.0,cash_lock,1,1,1,3
2019-03-01,META|UNH,2,0.0,0.0,0.0,0.7698810148989436,-0.23011898510105644,0.0,cash_lock,2,0,1,1
2019-03-08,JPM|UNH,2,0.0,0.0,0.0,0.7698810148989436,-0.23011898510105644,0.0,cash_lock,1,1,0,2
2019-03-15,JPM|UNH,2,0.0,0.0,0.0,0.7698810148989436,-0.23011898510105644,0.0,cash_lock,2,0,1,0
2019-03-22,META|UNH,2,0.0,0.0,0.0,0.7698810148989436,-0.23011898510105644,0.0,cash_lock,1,1,0,2
2019-03-29,META|UNH,2,0.0,0.0,0.0,0.7698810148989436,-0.23011898510105644,0.0,cash_lock,2,0,1,2
2019-04-05,JNJ|META,2,0.0,0.0,0.0,0.7698810148989436,-0.23011898510105644,0.0,cash_lock,1,1,0,1
2019-04-12,JNJ|MSFT,2,0.0,0.0,0.0,0.7698810148989436,-0.23011898510105644,0.0,cash_lock,1,1,1,1
2019-04-22,MSFT|UNH,2,0.0,0.0,0.0,0.7698810148989436,-0.23011898510105644,0.0,cash_lock,1,1,1,1
2019-04-29,JNJ|UNH,2,0.0,0.0,0.0,0.7698810148989436,-0.23011898510105644,0.0,cash_lock,1,1,1,1
2019-05-06,GOOGL|JNJ,2,0.0,0.0,0.0,0.7698810148989436,-0.23011898510105644,0.0,cash_lock,1,1,1,5
2019-05-13,GOOGL|JNJ,2,0.0,0.0,0.0,0.7698810148989436,-0.23011898510105644,0.0,cash_lock,2,0,1,6
2019-05-20,AMZN|JNJ,2,0.0,0.0,0.0,0.7698810148989436,-0.23011898510105644,0.0,cash_lock,1,1,0,5
2019-05-28,AMZN|META,2,0.0,0.0,0.0,0.7698810148989436,-0.23011898510105644,0.0,cash_lock,1,1,1,7
2019-06-04,JNJ|META,2,0.0,0.0,0.0,0.7698810148989436,-0.23011898510105644,0.0,cash_lock,1,1,1,3
2019-06-11,JNJ|META,2,0.0,0.0,0.0,0.7698810148989436,-0.23011898510105644,0.0,cash_lock,2,0,1,6
2019-06-18,JNJ|JPM,2,0.0,0.0,0.0,0.7698810148989436,-0.23011898510105644,0.0,cash_lock,1,1,0,7
2019-06-25,JNJ|JPM,2,0.0,0.0,0.0,0.7698810148989436,-0.23011898510105644,0.0,cash_lock,2,0,1,7
2019-07-02,JNJ|UNH,2,0.0,0.0,0.0,0.7698810148989436,-0.23011898510105644,0.0,cash_lock,1,1,0,4
2019-07-10,AAPL|UNH,2,0.0,0.0,0.0,0.7698810148989436,-0.23011898510105644,0.0,cash_lock,1,1,1,3
2019-07-17,AAPL|JNJ,2,0.0,0.0,0.0,0.7698810148989436,-0.23011898510105644,0.0,cash_lock,1,1,1,6
2019-07-24,JNJ|UNH,2,0.0,0.0,0.0,0.7698810148989436,-0.23011898510105644,0.0,cash_lock,1,1,1,4
2019-07-31,META|UNH,2,0.0,0.0,0.0,0.7698810148989436,-0.23011898510105644,0.0,cash_lock,1,1,1,5
2019-08-07,META|UNH,2,0.0,0.0,0.0,0.7698810148989436,-0.23011898510105644,0.0,cash_lock,2,0,1,8
2019-08-14,UNH|V,2,0.0,0.0,0.0,0.7698810148989436,-0.23011898510105644,0.0,cash_lock,1,1,0,8
2019-08-21,MSFT|V,2,0.0,0.0,0.0,0.7698810148989436,-0.23011898510105644,0.0,cash_lock,1,1,1,5
2019-08-28,MSFT|V,2,0.0,0.0,0.0,0.7698810148989436,-0.23011898510105644,0.0,cash_lock,2,0,1,7
2019-09-05,MSFT|UNH,2,0.0,0.0,0.0,0.7698810148989436,-0.23011898510105644,0.0,cash_lock,1,1,0,3
2019-09-12,UNH|V,2,0.0,0.0,0.0,0.7698810148989436,-0.23011898510105644,0.0,cash_lock,1,1,1,3
2019-09-19,META|V,2,0.0,0.0,0.0,0.7698810148989436,-0.23011898510105644,0.0,cash_lock,1,1,1,8
2019-09-26,META|MSFT,2,0.0,0.0,0.0,0.7698810148989436,-0.23011898510105644,0.0,cash_lock,1,1,1,8
2019-10-03,MSFT|V,2,0.0,0.0,0.0,0.7698810148989436,-0.23011898510105644,0.0,cash_lock,1,1,1,7
2019-10-10,JNJ|V,2,0.0,0.0,0.0,0.7698810148989436,-0.23011898510105644,0.0,cash_lock,1,1,1,4
2019-10-17,GOOGL|JNJ,2,0.0,0.0,0.0,0.7698810148989436,-0.23011898510105644,0.0,cash_lock,1,1,1,1
2019-10-24,GOOGL|JNJ,2,0.0,0.0,0.0,0.7698810148989436,-0.23011898510105644,0.0,cash_lock,2,0,1,5
2019-10-31,GOOGL|JNJ,2,0.0,0.0,0.0,0.7698810148989436,-0.23011898510105644,0.0,cash_lock,2,0,0,6
2019-11-07,JNJ|V,2,0.0,0.0,0.0,0.7698810148989436,-0.23011898510105644,0.0,cash_lock,1,1,0,1
2019-11-14,JNJ|V,2,0.0,0.0,0.0,0.7698810148989436,-0.23011898510105644,0.0,cash_lock,2,0,1,6
2019-11-21,GOOGL|JNJ,2,0.0,0.0,0.0,0.7698810148989436,-0.23011898510105644,0.0,cash_lock,1,1,0,6
2019-11-29,AAPL|GOOGL,2,0.0,0.0,0.0,0.7698810148989436,-0.23011898510105644,0.0,cash_lock,1,1,1,6
2019-12-06,AAPL|V,2,0.0,0.0,0.0,0.7698810148989436,-0.23011898510105644,0.0,cash_lock,1,1,1,3
2019-12-13,META|V,2,0.0,0.0,0.0,0.7698810148989436,-0.23011898510105644,0.0,cash_lock,1,1,1,4
2019-12-20,META|V,2,0.0,0.0,0.0,0.7698810148989436,-0.23011898510105644,0.0,cash_lock,2,0,1,0
2019-12-30,GOOGL|V,2,0.0,0.0,0.0,0.7698810148989436,-0.23011898510105644,0.0,cash_lock,1,1,0,5
2020-01-07,GOOGL|V,2,0.0,0.0,0.0,0.7698810148989436,-0.23011898510105644,0.0,cash_lock,2,0,1,6
2020-01-14,GOOGL|UNH,2,0.0,0.0,0.0,0.7698810148989436,-0.23011898510105644,0.0,cash_lock,1,1,0,5
2020-01-22,AMZN|UNH,2,0.0,0.0,0.0,0.7698810148989436,-0.23011898510105644,0.0,cash_lock,1,1,1,2
2020-01-29,AMZN|UNH,2,0.0,0.0,0.0,0.7698810148989436,-0.23011898510105644,0.0,cash_lock,2,0,1,3
2020-02-05,UNH,1,0.0,0.0,0.0,0.7698810148989436,-0.23011898510105644,0.0,cash_lock,1,0,0,0
2020-02-12,META|UNH,2,0.0,0.0,0.0,0.7698810148989436,-0.23011898510105644,0.0,cash_lock,1,1,0,3
2020-02-20,JPM|META,2,0.0,0.0,0.0,0.7698810148989436,-0.23011898510105644,0.0,cash_lock,1,1,1,4
2020-02-27,JPM|UNH,2,0.0,0.0,0.0,0.7698810148989436,-0.23011898510105644,0.0,cash_lock,1,1,1,8
2020-03-05,UNH|V,2,0.0,0.0,0.0,0.7698810148989436,-0.23011898510105644,0.0,cash_lock,1,1,1,8
2020-03-12,GOOGL|V,2,0.0,0.0,0.0,0.7698810148989436,-0.23011898510105644,0.0,cash_lock,1,1,1,8
2020-03-19,GOOGL|MSFT,2,0.0,0.0,0.0,0.7698810148989436,-0.23011898510105644,0.0,cash_lock,1,1,1,8
2020-03-26,JNJ|MSFT,2,0.0,0.0,0.0,0.7698810148989436,-0.23011898510105644,0.0,cash_lock,1,1,1,7
2020-04-02,AMZN|JNJ,2,0.0,0.0,0.0,0.7698810148989436,-0.23011898510105644,0.0,cash_lock,1,1,1,8
2020-04-09,AMZN,1,0.0,0.0,0.0,0.7698810148989436,-0.23011898510105644,0.0,cash_lock,1,0,1,0
2020-04-17,,0,0.0,0.0,0.0,0.7698810148989436,-0.23011898510105644,0.0,cash_lock,0,0,0,0
2020-04-24,JPM,1,0.0,0.0,0.0,0.7698810148989436,-0.23011898510105644,0.0,cash_lock,0,1,0,8
2020-05-01,JNJ|JPM,2,0.0,0.0,0.0,0.7698810148989436,-0.23011898510105644,0.0,cash_lock,1,1,1,8
2020-05-08,JNJ|JPM,2,0.0,0.0,0.0,0.7698810148989436,-0.23011898510105644,0.0,cash_lock,2,0,1,0
2020-05-15,AMZN|JNJ,2,0.0,0.0,0.0,0.7698810148989436,-0.23011898510105644,0.0,cash_lock,1,1,0,7
2020-05-22,AMZN|JNJ,2,0.0,0.0,0.0,0.7698810148989436,-0.23011898510105644,0.0,cash_lock,2,0,1,2
2020-06-01,JNJ|MSFT,2,0.0,0.0,0.0,0.7698810148989436,-0.23011898510105644,0.0,cash_lock,1,1,0,1
2020-06-08,MSFT,1,0.0,0.0,0.0,0.7698810148989436,-0.23011898510105644,0.0,cash_lock,1,0,1,0
2020-06-15,JNJ|MSFT,2,0.0,0.0,0.0,0.7698810148989436,-0.23011898510105644,0.0,cash_lock,1,1,0,9
2020-06-22,JNJ|UNH,2,0.0,0.0,0.0,0.7698810148989436,-0.23011898510105644,0.0,cash_lock,1,1,1,4
2020-06-29,JNJ|UNH,2,0.0,0.0,0.0,0.7698810148989436,-0.23011898510105644,0.0,cash_lock,2,0,1,8
2020-07-07,GOOGL|JNJ,2,0.0,0.0,0.0,0.7698810148989436,-0.23011898510105644,0.0,cash_lock,1,1,0,4
2020-07-14,GOOGL|V,2,0.0,0.0,0.0,0.7698810148989436,-0.23011898510105644,0.0,cash_lock,1,1,1,5
2020-07-21,GOOGL|V,2,0.0,0.0,0.0,0.7698810148989436,-0.23011898510105644,0.0,cash_lock,2,0,1,4
2020-07-28,GOOGL|META,2,0.0,0.0,0.0,0.7698810148989436,-0.23011898510105644,0.0,cash_lock,1,1,0,8
2020-08-04,JNJ|META,2,0.0,0.0,0.0,0.7698810148989436,-0.23011898510105644,0.0,cash_lock,1,1,1,6
2020-08-11,JNJ|MSFT,2,0.0,0.0,0.0,0.7698810148989436,-0.23011898510105644,0.0,cash_lock,1,1,1,2
2020-08-18,JNJ|MSFT,2,0.0,0.0,0.0,0.7698810148989436,-0.23011898510105644,0.0,cash_lock,2,0,1,6
2020-08-25,JNJ|UNH,2,0.0,0.0,0.0,0.7698810148989436,-0.23011898510105644,0.0,cash_lock,1,1,0,5
2020-09-01,JNJ|UNH,2,0.0,0.0,0.0,0.7698810148989436,-0.23011898510105644,0.0,cash_lock,2,0,1,2
2020-09-09,JNJ|V,2,0.0,0.0,0.0,0.7698810148989436,-0.23011898510105644,0.0,cash_lock,1,1,0,7
2020-09-16,JNJ|V,2,0.0,0.0,0.0,0.7698810148989436,-0.23011898510105644,0.0,cash_lock,2,0,1,8
2020-09-23,JNJ|V,2,0.0,0.0,0.0,0.7698810148989436,-0.23011898510105644,0.0,cash_lock,2,0,0,8
2020-09-30,JNJ|JPM,2,0.0,0.0,0.0,0.7698810148989436,-0.23011898510105644,0.0,cash_lock,1,1,0,5
2020-10-07,JNJ|JPM,2,0.0,0.0,0.0,0.7698810148989436,-0.23011898510105644,0.0,cash_lock,2,0,1,0
2020-10-14,JNJ|V,2,0.0,0.0,0.0,0.7698810148989436,-0.23011898510105644,0.0,cash_lock,1,1,0,7
2020-10-21,JNJ|V,2,0.0,0.0,0.0,0.7698810148989436,-0.23011898510105644,0.0,cash_lock,2,0,1,5
2020-10-28,JNJ|JPM,2,0.0,0.0,0.0,0.7698810148989436,-0.23011898510105644,0.0,cash_lock,1,1,0,8
2020-11-04,JNJ|JPM,2,0.0,0.0,0.0,0.7698810148989436,-0.23011898510105644,0.0,cash_lock,2,0,1,3
2020-11-11,JNJ,1,0.0,0.0,0.0,0.7698810148989436,-0.23011898510105644,0.0,cash_lock,1,0,0,0
2020-11-18,JNJ|MSFT,2,0.0,0.0,0.0,0.7698810148989436,-0.23011898510105644,0.0,cash_lock,1,1,0,9
2020-11-25,JNJ|MSFT,2,0.0,0.0,0.0,0.7698810148989436,-0.23011898510105644,0.0,cash_lock,2,0,1,7
2020-12-03,AMZN|JNJ,2,0.0,0.0,0.0,0.7698810148989436,-0.23011898510105644,0.0,cash_lock,1,1,0,6
2020-12-10,AMZN|MSFT,2,0.0,0.0,0.0,0.7698810148989436,-0.23011898510105644,0.0,cash_lock,1,1,1,8
2020-12-17,MSFT|V,2,0.0,0.0,0.0,0.7698810148989436,-0.23011898510105644,0.0,cash_lock,1,1,1,8
2020-12-24,JNJ|V,2,0.0,0.0,0.0,0.7698810148989436,-0.23011898510105644,0.0,cash_lock,1,1,1,8
2021-01-04,GOOGL|JNJ,2,0.0,0.0,0.0,0.7698810148989436,-0.23011898510105644,0.0,cash_lock,1,1,1,7
2021-01-11,GOOGL|MSFT,2,0.0,0.0,0.0,0.7698810148989436,-0.23011898510105644,0.0,cash_lock,1,1,1,4
2021-01-19,MSFT|V,2,0.0,0.0,0.0,0.7698810148989436,-0.23011898510105644,0.0,cash_lock,1,1,1,7
2021-01-26,JPM|V,2,0.0,0.0,0.0,0.7698810148989436,-0.23011898510105644,0.0,cash_lock,1,1,1,6
2021-02-02,JPM|UNH,2,0.0,0.0,0.0,0.7698810148989436,-0.23011898510105644,0.0,cash_lock,1,1,1,1
2021-02-09,JNJ|UNH,2,0.0,0.0,0.0,0.7698810148989436,-0.23011898510105644,0.0,cash_lock,1,1,1,4
2021-02-17,AMZN|JNJ,2,0.0,0.0,0.0,0.7698810148989436,-0.23011898510105644,0.0,cash_lock,1,1,1,2
2021-02-24,AMZN|JNJ,2,0.0,0.0,0.0,0.7698810148989436,-0.23011898510105644,0.0,cash_lock,2,0,1,3
2021-03-03,AAPL|JNJ,2,0.0,0.0,0.0,0.7698810148989436,-0.23011898510105644,0.0,cash_lock,1,1,0,7
2021-03-10,AAPL|JNJ,2,0.0,0.0,0.0,0.7698810148989436,-0.23011898510105644,0.0,cash_lock,2,0,1,5
2021-03-17,AAPL|JNJ,2,0.0,0.0,0.0,0.7698810148989436,-0.23011898510105644,0.0,cash_lock,2,0,0,4
2021-03-24,JNJ|JPM,2,0.0,0.0,0.0,0.7698810148989436,-0.23011898510105644,0.0,cash_lock,1,1,0,7
2021-03-31,JPM|MSFT,2,0.0,0.0,0.0,0.7698810148989436,-0.23011898510105644,0.0,cash_lock,1,1,1,4
2021-04-08,JPM|MSFT,2,0.0,0.0,0.0,0.7698810148989436,-0.23011898510105644,0.0,cash_lock,2,0,1,1
2021-04-15,JNJ|JPM,2,0.0,0.0,0.0,0.7698810148989436,-0.23011898510105644,0.0,cash_lock,1,1,0,3
2021-04-22,JNJ|JPM,2,0.0,0.0,0.0,0.7698810148989436,-0.23011898510105644,0.0,cash_lock,2,0,1,5
2021-04-29,JNJ|JPM,2,0.0,0.0,0.0,0.7698810148989436,-0.23011898510105644,0.0,cash_lock,2,0,0,1
2021-05-06,JNJ|MSFT,2,0.0,0.0,0.0,0.7698810148989436,-0.23011898510105644,0.0,cash_lock,1,1,0,6
2021-05-13,MSFT|V,2,0.0,0.0,0.0,0.7698810148989436,-0.23011898510105644,0.0,cash_lock,1,1,1,5
2021-05-20,MSFT|V,2,0.0,0.0,0.0,0.7698810148989436,-0.23011898510105644,0.0,cash_lock,2,0,1,4
2021-05-27,AMZN|V,2,0.0,0.0,0.0,0.7698810148989436,-0.23011898510105644,0.0,cash_lock,1,1,0,4
2021-06-04,AMZN|JNJ,2,0.0,0.0,0.0,0.7698810148989436,-0.23011898510105644,0.0,cash_lock,1,1,1,5
2021-06-11,JNJ|JPM,2,0.0,0.0,0.0,0.7698810148989436,-0.23011898510105644,0.0,cash_lock,1,1,1,6
2021-06-18,JNJ|JPM,2,0.0,0.0,0.0,0.7698810148989436,-0.23011898510105644,0.0,cash_lock,2,0,1,4
2021-06-25,JNJ|JPM,2,0.0,0.0,0.0,0.7698810148989436,-0.23011898510105644,0.0,cash_lock,2,0,0,0
2021-07-02,AMZN|JPM,2,0.0,0.0,0.0,0.7698810148989436,-0.23011898510105644,0.0,cash_lock,1,1,0,3
2021-07-12,AMZN|JPM,2,0.0,0.0,0.0,0.7698810148989436,-0.23011898510105644,0.0,cash_lock,2,0,1,3
2021-07-19,AMZN|JNJ,2,0.0,0.0,0.0,0.7698810148989436,-0.23011898510105644,0.0,cash_lock,1,1,0,6
2021-07-26,AMZN|JNJ,2,0.0,0.0,0.0,0.7698810148989436,-0.23011898510105644,0.0,cash_lock,2,0,1,0
2021-08-02,AAPL|AMZN,2,0.0,0.0,0.0,0.7698810148989436,-0.23011898510105644,0.0,cash_lock,1,1,0,7
2021-08-09,AAPL|V,2,0.0,0.0,0.0,0.7698810148989436,-0.23011898510105644,0.0,cash_lock,1,1,1,2
2021-08-16,AMZN|V,2,0.0,0.0,0.0,0.7698810148989436,-0.23011898510105644,0.0,cash_lock,1,1,1,5
2021-08-23,AMZN|JPM,2,0.0,0.0,0.0,0.7698810148989436,-0.23011898510105644,0.0,cash_lock,1,1,1,3
2021-08-30,JNJ|JPM,2,0.0,0.0,0.0,0.7698810148989436,-0.23011898510105644,0.0,cash_lock,1,1,1,3
2021-09-07,JNJ|JPM,2,0.0,0.0,0.0,0.7698810148989436,-0.23011898510105644,0.0,cash_lock,2,0,1,3
2021-09-14,GOOGL|JNJ,2,0.0,0.0,0.0,0.7698810148989436,-0.23011898510105644,0.0,cash_lock,1,1,0,6
2021-09-21,AAPL|GOOGL,2,0.0,0.0,0.0,0.7698810148989436,-0.23011898510105644,0.0,cash_lock,1,1,1,5
2021-09-28,AAPL|JNJ,2,0.0,0.0,0.0,0.7698810148989436,-0.23011898510105644,0.0,cash_lock,1,1,1,2
2021-10-05,AAPL|JNJ,2,0.0,0.0,0.0,0.7698810148989436,-0.23011898510105644,0.0,cash_lock,2,0,1,6
2021-10-12,JNJ|JPM,2,0.0,0.0,0.0,0.7698810148989436,-0.23011898510105644,0.0,cash_lock,1,1,0,5
2021-10-19,GOOGL|JPM,2,0.0,0.0,0.0,0.7698810148989436,-0.23011898510105644,0.0,cash_lock,1,1,1,3
2021-10-26,AMZN|GOOGL,2,0.0,0.0,0.0,0.7698810148989436,-0.23011898510105644,0.0,cash_lock,1,1,1,4
2021-11-02,AMZN|JPM,2,0.0,0.0,0.0,0.7698810148989436,-0.23011898510105644,0.0,cash_lock,1,1,1,4
2021-11-09,AAPL|JPM,2,0.0,0.0,0.0,0.7698810148989436,-0.23011898510105644,0.0,cash_lock,1,1,1,4
2021-11-16,AAPL|JPM,2,0.0,0.0,0.0,0.7698810148989436,-0.23011898510105644,0.0,cash_lock,2,0,1,2
2021-11-23,JNJ|JPM,2,0.0,0.0,0.0,0.7698810148989436,-0.23011898510105644,0.0,cash_lock,1,1,0,4
2021-12-01,JNJ|JPM,2,0.0,0.0,0.0,0.7698810148989436,-0.23011898510105644,0.0,cash_lock,2,0,1,4
2021-12-08,AMZN|JPM,2,0.0,0.0,0.0,0.7698810148989436,-0.23011898510105644,0.0,cash_lock,1,1,0,1
2021-12-15,AMZN|JPM,2,0.0,0.0,0.0,0.7698810148989436,-0.23011898510105644,0.0,cash_lock,2,0,1,2
2021-12-22,GOOGL|JPM,2,0.0,0.0,0.0,0.7698810148989436,-0.23011898510105644,0.0,cash_lock,1,1,0,2
2021-12-30,GOOGL|JPM,2,0.0,0.0,0.0,0.7698810148989436,-0.23011898510105644,0.0,cash_lock,2,0,1,3
2022-01-06,AMZN|GOOGL,2,0.0,0.0,0.0,0.7698810148989436,-0.23011898510105644,0.0,cash_lock,1,1,0,5
2022-01-13,AMZN|JNJ,2,0.0,0.0,0.0,0.7698810148989436,-0.23011898510105644,0.0,cash_lock,1,1,1,7
2022-01-21,AAPL|JNJ,2,0.0,0.0,0.0,0.7698810148989436,-0.23011898510105644,0.0,cash_lock,1,1,1,8
2022-01-28,AAPL|JNJ,2,0.0,0.0,0.0,0.7698810148989436,-0.23011898510105644,0.0,cash_lock,2,0,1,0
2022-02-04,JNJ|JPM,2,0.0,0.0,0.0,0.7698810148989436,-0.23011898510105644,0.0,cash_lock,1,1,0,3
2022-02-11,JPM|V,2,0.0,0.0,0.0,0.7698810148989436,-0.23011898510105644,0.0,cash_lock,1,1,1,7
2022-02-18,JPM|V,2,0.0,0.0,0.0,0.7698810148989436,-0.23011898510105644,0.0,cash_lock,2,0,1,8
2022-02-28,GOOGL|V,2,0.0,0.0,0.0,0.7698810148989436,-0.23011898510105644,0.0,cash_lock,1,1,0,6
2022-03-07,AAPL|GOOGL,2,0.0,0.0,0.0,0.7698810148989436,-0.23011898510105644,0.0,cash_lock,1,1,1,6
2022-03-14,AAPL|JNJ,2,0.0,0.0,0.0,0.7698810148989436,-0.23011898510105644,0.0,cash_lock,1,1,1,6
2022-03-21,GOOGL|JNJ,2,0.0,0.0,0.0,0.7698810148989436,-0.23011898510105644,0.0,cash_lock,1,1,1,1
2022-03-28,GOOGL|JNJ,2,0.0,0.0,0.0,0.7698810148989436,-0.23011898510105644,0.0,cash_lock,2,0,1,1
2022-04-04,GOOGL|JPM,2,0.0,0.0,0.0,0.7698810148989436,-0.23011898510105644,0.0,cash_lock,1,1,0,1
2022-04-11,AAPL|JPM,2,0.0,0.0,0.0,0.7698810148989436,-0.23011898510105644,0.0,cash_lock,1,1,1,6
2022-04-19,AAPL|MSFT,2,0.0,0.0,0.0,0.7698810148989436,-0.23011898510105644,0.0,cash_lock,1,1,1,5
2022-04-26,MSFT|V,2,0.0,0.0,0.0,0.7698810148989436,-0.23011898510105644,0.0,cash_lock,1,1,1,8
2022-05-03,JNJ|V,2,0.0,0.0,0.0,0.7698810148989436,-0.23011898510105644,0.0,cash_lock,1,1,1,5
2022-05-10,AAPL|JNJ,2,0.0,0.0,0.0,0.7698810148989436,-0.23011898510105644,0.0,cash_lock,1,1,1,8
2022-05-17,AAPL|JNJ,2,0.0,0.0,0.0,0.7698810148989436,-0.23011898510105644,0.0,cash_lock,2,0,1,7
2022-05-24,JNJ|V,2,0.0,0.0,0.0,0.7698810148989436,-0.23011898510105644,0.0,cash_lock,1,1,0,8
2022-06-01,JNJ|V,2,0.0,0.0,0.0,0.7698810148989436,-0.23011898510105644,0.0,cash_lock,2,0,1,0
2022-06-08,JNJ|MSFT,2,0.0,0.0,0.0,0.7698810148989436,-0.23011898510105644,0.0,cash_lock,1,1,0,6
2022-06-15,JNJ|MSFT,2,0.0,0.0,0.0,0.7698810148989436,-0.23011898510105644,0.0,cash_lock,2,0,1,8
2022-06-23,JNJ|V,2,0.0,0.0,0.0,0.7698810148989436,-0.23011898510105644,0.0,cash_lock,1,1,0,7
2022-06-30,JNJ|V,2,0.0,0.0,0.0,0.7698810148989436,-0.23011898510105644,0.0,cash_lock,2,0,1,5
2022-07-08,JNJ|V,2,0.0,0.0,0.0,0.7698810148989436,-0.23011898510105644,0.0,cash_lock,2,0,0,3
2022-07-15,JNJ|MSFT,2,0.0,0.0,0.0,0.7698810148989436,-0.23011898510105644,0.0,cash_lock,1,1,0,3
2022-07-22,JNJ|MSFT,2,0.0,0.0,0.0,0.7698810148989436,-0.23011898510105644,0.0,cash_lock,2,0,1,2
2022-07-29,GOOGL|JNJ,2,0.0,0.0,0.0,0.7698810148989436,-0.23011898510105644,0.0,cash_lock,1,1,0,2
2022-08-05,GOOGL|V,2,0.0,0.0,0.0,0.7698810148989436,-0.23011898510105644,0.0,cash_lock,1,1,1,3
2022-08-12,JNJ|V,2,0.0,0.0,0.0,0.7698810148989436,-0.23011898510105644,0.0,cash_lock,1,1,1,1
2022-08-19,GOOGL|JNJ,2,0.0,0.0,0.0,0.7698810148989436,-0.23011898510105644,0.0,cash_lock,1,1,1,6
2022-08-26,GOOGL|V,2,0.0,0.0,0.0,0.7698810148989436,-0.23011898510105644,0.0,cash_lock,1,1,1,6
2022-09-02,AAPL|V,2,0.0,0.0,0.0,0.7698810148989436,-0.23011898510105644,0.0,cash_lock,1,1,1,8
2022-09-12,AAPL|V,2,0.0,0.0,0.0,0.7698810148989436,-0.23011898510105644,0.0,cash_lock,2,0,1,0
2022-09-19,AAPL|AMZN,2,0.0,0.0,0.0,0.7698810148989436,-0.23011898510105644,0.0,cash_lock,1,1,0,6
2022-09-26,AAPL|AMZN,2,0.0,0.0,0.0,0.7698810148989436,-0.23011898510105644,0.0,cash_lock,2,0,1,8
2022-10-03,AMZN|JPM,2,0.0,0.0,0.0,0.7698810148989436,-0.23011898510105644,0.0,cash_lock,1,1,0,2
2022-10-10,JNJ|JPM,2,0.0,0.0,0.0,0.7698810148989436,-0.23011898510105644,0.0,cash_lock,1,1,1,3
2022-10-17,JNJ,1,0.0,0.0,0.0,0.7698810148989436,-0.23011898510105644,0.0,cash_lock,1,0,1,0
2022-10-24,JNJ,1,0.0,0.0,0.0,0.7698810148989436,-0.23011898510105644,0.0,cash_lock,1,0,0,0
2022-10-31,AMZN|JNJ,2,0.0,0.0,0.0,0.7698810148989436,-0.23011898510105644,0.0,cash_lock,1,1,0,3
2022-11-07,AMZN|META,2,0.0,0.0,0.0,0.7698810148989436,-0.23011898510105644,0.0,cash_lock,1,1,1,3
2022-11-14,JNJ|META,2,0.0,0.0,0.0,0.7698810148989436,-0.23011898510105644,0.0,cash_lock,1,1,1,4
2022-11-21,JNJ|MSFT,2,0.0,0.0,0.0,0.7698810148989436,-0.23011898510105644,0.0,cash_lock,1,1,1,4
2022-11-29,AAPL|MSFT,2,0.0,0.0,0.0,0.7698810148989436,-0.23011898510105644,0.0,cash_lock,1,1,1,3
2022-12-06,AAPL|V,2,0.0,0.0,0.0,0.7698810148989436,-0.23011898510105644,0.0,cash_lock,1,1,1,3
2022-12-13,V,1,0.0,0.0,0.0,0.7698810148989436,-0.23011898510105644,0.0,cash_lock,1,0,1,0
2022-12-20,JNJ|V,2,0.0,0.0,0.0,0.7698810148989436,-0.23011898510105644,0.0,cash_lock,1,1,0,5
2022-12-28,JNJ|MSFT,2,0.0,0.0,0.0,0.7698810148989436,-0.23011898510105644,0.0,cash_lock,1,1,1,5
2023-01-05,JNJ|MSFT,2,0.0,0.0,0.0,0.7698810148989436,-0.23011898510105644,0.0,cash_lock,2,0,1,4
2023-01-12,JNJ|MSFT,2,0.0,0.0,0.0,0.7698810148989436,-0.23011898510105644,0.0,cash_lock,2,0,0,0
2023-01-20,JNJ|JPM,2,0.0,0.0,0.0,0.7698810148989436,-0.23011898510105644,0.0,cash_lock,1,1,0,1
2023-01-27,JNJ|JPM,2,0.0,0.0,0.0,0.7698810148989436,-0.23011898510105644,0.0,cash_lock,2,0,1,0
2023-02-03,JNJ|JPM,2,0.0,0.0,0.0,0.7698810148989436,-0.23011898510105644,0.0,cash_lock,2,0,0,0
2023-02-10,JNJ|JPM,2,0.0,0.0,0.0,0.7698810148989436,-0.23011898510105644,0.0,cash_lock,2,0,0,2
2023-02-17,JNJ|V,2,0.0,0.0,0.0,0.7698810148989436,-0.23011898510105644,0.0,cash_lock,1,1,0,3
2023-02-27,MSFT|V,2,0.0,0.0,0.0,0.7698810148989436,-0.23011898510105644,0.0,cash_lock,1,1,1,6
2023-03-06,MSFT|V,2,0.0,0.0,0.0,0.7698810148989436,-0.23011898510105644,0.0,cash_lock,2,0,1,0
2023-03-13,AAPL|V,2,0.0,0.0,0.0,0.7698810148989436,-0.23011898510105644,0.0,cash_lock,1,1,0,7
2023-03-20,AAPL|JPM,2,0.0,0.0,0.0,0.7698810148989436,-0.23011898510105644,0.0,cash_lock,1,1,1,1
2023-03-27,AMZN|JPM,2,0.0,0.0,0.0,0.7698810148989436,-0.23011898510105644,0.0,cash_lock,1,1,1,2
2023-04-03,AMZN|JPM,2,0.0,0.0,0.0,0.7698810148989436,-0.23011898510105644,0.0,cash_lock,2,0,1,0
2023-04-11,AAPL|JPM,2,0.0,0.0,0.0,0.7698810148989436,-0.23011898510105644,0.0,cash_lock,1,1,0,1
2023-04-18,AAPL,1,0.0,0.0,0.0,0.7698810148989436,-0.23011898510105644,0.0,cash_lock,1,0,1,0
2023-04-25,AAPL|JNJ,2,0.0,0.0,0.0,0.7698810148989436,-0.23011898510105644,0.0,cash_lock,1,1,0,7
2023-05-02,AMZN|JNJ,2,0.0,0.0,0.0,0.7698810148989436,-0.23011898510105644,0.0,cash_lock,1,1,1,1
2023-05-09,AMZN|JNJ,2,0.0,0.0,0.0,0.7698810148989436,-0.23011898510105644,0.0,cash_lock,2,0,1,0
2023-05-16,JNJ,1,0.0,0.0,0.0,0.7698810148989436,-0.23011898510105644,0.0,cash_lock,1,0,0,0
2023-05-23,JNJ,1,0.0,0.0,0.0,0.7698810148989436,-0.23011898510105644,0.0,cash_lock,1,0,0,0
2023-05-31,JNJ|V,2,0.0,0.0,0.0,0.7698810148989436,-0.23011898510105644,0.0,cash_lock,1,1,0,2
2023-06-07,JNJ|V,2,0.0,0.0,0.0,0.7698810148989436,-0.23011898510105644,0.0,cash_lock,2,0,1,0
2023-06-14,JNJ|V,2,0.0,0.0,0.0,0.7698810148989436,-0.23011898510105644,0.0,cash_lock,2,0,0,0
2023-06-22,GOOGL|V,2,0.0,0.0,0.0,0.7698810148989436,-0.23011898510105644,0.0,cash_lock,1,1,0,2
2023-06-29,GOOGL,1,0.0,0.0,0.0,0.7698810148989436,-0.23011898510105644,0.0,cash_lock,1,0,1,0
2023-07-07,GOOGL|JNJ,2,0.0,0.0,0.0,0.7698810148989436,-0.23011898510105644,0.0,cash_lock,1,1,0,1
2023-07-14,GOOGL|JNJ,2,0.0,0.0,0.0,0.7698810148989436,-0.23011898510105644,0.0,cash_lock,2,0,1,0
2023-07-21,GOOGL|JNJ,2,0.0,0.0,0.0,0.7698810148989436,-0.23011898510105644,0.0,cash_lock,2,0,0,0
2023-07-28,AMZN,1,0.0,0.0,0.0,0.7698810148989436,-0.23011898510105644,0.0,cash_lock,0,1,0,1
2023-08-04,AMZN|MSFT,2,0.0,0.0,0.0,0.7698810148989436,-0.23011898510105644,0.0,cash_lock,1,1,1,3
2023-08-11,AAPL|MSFT,2,0.0,0.0,0.0,0.7698810148989436,-0.23011898510105644,0.0,cash_lock,1,1,1,1
2023-08-18,AAPL|AMZN,2,0.0,0.0,0.0,0.7698810148989436,-0.23011898510105644,0.0,cash_lock,1,1,1,4
2023-08-25,AAPL|AMZN,2,0.0,0.0,0.0,0.7698810148989436,-0.23011898510105644,0.0,cash_lock,2,0,1,0
2023-09-01,JNJ,1,0.0,0.0,0.0,0.7698810148989436,-0.23011898510105644,0.0,cash_lock,0,1,0,1
2023-09-11,JNJ,1,0.0,0.0,0.0,0.7698810148989436,-0.23011898510105644,0.0,cash_lock,1,0,1,0
2023-09-18,JNJ|V,2,0.0,0.0,0.0,0.7698810148989436,-0.23011898510105644,0.0,cash_lock,1,1,0,1
2023-09-25,AMZN|V,2,0.0,0.0,0.0,0.7698810148989436,-0.23011898510105644,0.0,cash_lock,1,1,1,2
2023-10-02,AMZN|V,2,0.0,0.0,0.0,0.7698810148989436,-0.23011898510105644,0.0,cash_lock,2,0,1,0
2023-10-09,,0,0.0,0.0,0.0,0.7698810148989436,-0.23011898510105644,0.0,cash_lock,0,0,0,0
2023-10-16,,0,0.0,0.0,0.0,0.7698810148989436,-0.23011898510105644,0.0,cash_lock,0,0,0,0
2023-10-23,META,1,0.0,0.0,0.0,0.7698810148989436,-0.23011898510105644,0.0,cash_lock,0,1,0,2
2023-10-30,GOOGL|META,2,0.0,0.0,0.0,0.7698810148989436,-0.23011898510105644,0.0,cash_lock,1,1,1,1
2023-11-06,GOOGL|META,2,0.0,0.0,0.0,0.7698810148989436,-0.23011898510105644,0.0,cash_lock,2,0,1,0
2023-11-13,GOOGL,1,0.0,0.0,0.0,0.7698810148989436,-0.23011898510105644,0.0,cash_lock,1,0,0,0
2023-11-20,GOOGL,1,0.0,0.0,0.0,0.7698810148989436,-0.23011898510105644,0.0,cash_lock,1,0,0,0
2023-11-28,GOOGL,1,0.0,0.0,0.0,0.7698810148989436,-0.23011898510105644,0.0,cash_lock,1,0,0,0
2023-12-05,GOOGL,1,0.0,0.0,0.0,0.7698810148989436,-0.23011898510105644,0.0,cash_lock,1,0,0,0
2023-12-12,GOOGL,1,0.0,0.0,0.0,0.7698810148989436,-0.23011898510105644,0.0,cash_lock,1,0,0,0
2023-12-19,,0,0.0,0.0,0.0,0.7698810148989436,-0.23011898510105644,0.0,cash_lock,0,0,0,0
2023-12-27,JNJ,1,0.0,0.0,0.0,0.7698810148989436,-0.23011898510105644,0.0,cash_lock,0,1,0,3
2024-01-04,AMZN|JNJ,2,0.0,0.0,0.0,0.7698810148989436,-0.23011898510105644,0.0,cash_lock,1,1,1,5
2024-01-11,AMZN,1,0.0,0.0,0.0,0.7698810148989436,-0.23011898510105644,0.0,cash_lock,1,0,1,0
2024-01-19,AMZN,1,0.0,0.0,0.0,0.7698810148989436,-0.23011898510105644,0.0,cash_lock,1,0,0,0
2024-01-26,AMZN|JNJ,2,0.0,0.0,0.0,0.7698810148989436,-0.23011898510105644,0.0,cash_lock,1,1,0,1
2024-02-02,JNJ,1,0.0,0.0,0.0,0.7698810148989436,-0.23011898510105644,0.0,cash_lock,1,0,1,0
2024-02-09,JNJ,1,0.0,0.0,0.0,0.7698810148989436,-0.23011898510105644,0.0,cash_lock,1,0,0,0
2024-02-16,GOOGL|JNJ,2,0.0,0.0,0.0,0.7698810148989436,-0.23011898510105644,0.0,cash_lock,1,1,0,3
2024-02-26,AAPL|GOOGL,2,0.0,0.0,0.0,0.7698810148989436,-0.23011898510105644,0.0,cash_lock,1,1,1,1
2024-03-04,AAPL|GOOGL,2,0.0,0.0,0.0,0.7698810148989436,-0.23011898510105644,0.0,cash_lock,2,0,1,0
2024-03-11,AAPL|V,2,0.0,0.0,0.0,0.7698810148989436,-0.23011898510105644,0.0,cash_lock,1,1,0,1
2024-03-18,V,1,0.0,0.0,0.0,0.7698810148989436,-0.23011898510105644,0.0,cash_lock,1,0,1,0
2024-03-25,V,1,0.0,0.0,0.0,0.7698810148989436,-0.23011898510105644,0.0,cash_lock,1,0,0,0
2024-04-02,V,1,0.0,0.0,0.0,0.7698810148989436,-0.23011898510105644,0.0,cash_lock,1,0,0,0
2024-04-09,V,1,0.0,0.0,0.0,0.7698810148989436,-0.23011898510105644,0.0,cash_lock,1,0,0,0
2024-04-16,,0,0.0,0.0,0.0,0.7698810148989436,-0.23011898510105644,0.0,cash_lock,0,0,0,0
2024-04-23,,0,0.0,0.0,0.0,0.7698810148989436,-0.23011898510105644,0.0,cash_lock,0,0,0,0
2024-04-30,,0,0.0,0.0,0.0,0.7698810148989436,-0.23011898510105644,0.0,cash_lock,0,0,0,0
2024-05-07,,0,0.0,0.0,0.0,0.7698810148989436,-0.23011898510105644,0.0,cash_lock,0,0,0,0
2024-05-14,,0,0.0,0.0,0.0,0.7698810148989436,-0.23011898510105644,0.0,cash_lock,0,0,0,0
2024-05-21,AMZN,1,0.0,0.0,0.0,0.7698810148989436,-0.23011898510105644,0.0,cash_lock,0,1,0,1
2024-05-29,AMZN|V,2,0.0,0.0,0.0,0.7698810148989436,-0.23011898510105644,0.0,cash_lock,1,1,1,2
2024-06-05,AMZN|V,2,0.0,0.0,0.0,0.7698810148989436,-0.23011898510105644,0.0,cash_lock,2,0,1,0
2024-06-12,AMZN|JPM,2,0.0,0.0,0.0,0.7698810148989436,-0.23011898510105644,0.0,cash_lock,1,1,0,1
2024-06-20,AMZN|JPM,2,0.0,0.0,0.0,0.7698810148989436,-0.23011898510105644,0.0,cash_lock,2,0,1,0
2024-06-27,JPM,1,0.0,0.0,0.0,0.7698810148989436,-0.23011898510105644,0.0,cash_lock,1,0,0,0
2024-07-05,JPM,1,0.0,0.0,0.0,0.7698810148989436,-0.23011898510105644,0.0,cash_lock,1,0,0,0
2024-07-12,GOOGL,1,0.0,0.0,0.0,0.7698810148989436,-0.23011898510105644,0.0,cash_lock,0,1,0,3
2024-07-19,GOOGL,1,0.0,0.0,0.0,0.7698810148989436,-0.23011898510105644,0.0,cash_lock,1,0,1,0
2024-07-26,GOOGL,1,0.0,0.0,0.0,0.7698810148989436,-0.23011898510105644,0.0,cash_lock,1,0,0,0
2024-08-02,GOOGL|NVDA,2,0.0,0.0,0.0,0.7698810148989436,-0.23011898510105644,0.0,cash_lock,1,1,0,2
2024-08-09,GOOGL|NVDA,2,0.0,0.0,0.0,0.7698810148989436,-0.23011898510105644,0.0,cash_lock,2,0,1,0
2024-08-16,GOOGL,1,0.0,0.0,0.0,0.7698810148989436,-0.23011898510105644,0.0,cash_lock,1,0,0,0
2024-08-23,GOOGL,1,0.0,0.0,0.0,0.7698810148989436,-0.23011898510105644,0.0,cash_lock,1,0,0,0
2024-08-30,GOOGL,1,0.0,0.0,0.0,0.7698810148989436,-0.23011898510105644,0.0,cash_lock,1,0,0,0
2024-09-09,GOOGL|NVDA,2,0.0,0.0,0.0,0.7698810148989436,-0.23011898510105644,0.0,cash_lock,1,1,0,1
2024-09-16,JPM|NVDA,2,0.0,0.0,0.0,0.7698810148989436,-0.23011898510105644,0.0,cash_lock,1,1,1,1
2024-09-23,JPM,1,0.0,0.0,0.0,0.7698810148989436,-0.23011898510105644,0.0,cash_lock,1,0,1,0
2024-09-30,JNJ|JPM,2,0.0,0.0,0.0,0.7698810148989436,-0.23011898510105644,0.0,cash_lock,1,1,0,2
2024-10-07,AAPL|JNJ,2,0.0,0.0,0.0,0.7698810148989436,-0.23011898510105644,0.0,cash_lock,1,1,1,1
2024-10-14,AAPL|JNJ,2,0.0,0.0,0.0,0.7698810148989436,-0.23011898510105644,0.0,cash_lock,2,0,1,0
2024-10-21,AAPL|JNJ,2,0.0,0.0,0.0,0.7698810148989436,-0.23011898510105644,0.0,cash_lock,2,0,0,0
2024-10-28,AMZN|JNJ,2,0.0,0.0,0.0,0.7698810148989436,-0.23011898510105644,0.0,cash_lock,1,1,0,2
2024-11-04,AAPL|AMZN,2,0.0,0.0,0.0,0.7698810148989436,-0.23011898510105644,0.0,cash_lock,1,1,1,1
2024-11-11,AAPL,1,0.0,0.0,0.0,0.7698810148989436,-0.23011898510105644,0.0,cash_lock,1,0,1,0
2024-11-18,,0,0.0,0.0,0.0,0.7698810148989436,-0.23011898510105644,0.0,cash_lock,0,0,0,0
2024-11-25,,0,0.0,0.0,0.0,0.7698810148989436,-0.23011898510105644,0.0,cash_lock,0,0,0,0
2024-12-03,NVDA,1,0.0,0.0,0.0,0.7698810148989436,-0.23011898510105644,0.0,cash_lock,0,1,0,1
2024-12-10,NVDA,1,0.0,0.0,0.0,0.7698810148989436,-0.23011898510105644,0.0,cash_lock,1,0,1,0
2024-12-17,NVDA,1,0.0,0.0,0.0,0.7698810148989436,-0.23011898510105644,0.0,cash_lock,1,0,0,0
2024-12-24,NVDA,1,0.0,0.0,0.0,0.7698810148989436,-0.23011898510105644,0.0,cash_lock,1,0,0,0
2025-01-02,NVDA,1,0.0,0.0,0.0,0.7698810148989436,-0.23011898510105644,0.0,cash_lock,1,0,0,0
2025-01-10,AAPL|NVDA,2,0.0,0.0,0.0,0.7698810148989436,-0.23011898510105644,0.0,cash_lock,1,1,0,2
2025-01-17,AAPL|NVDA,2,0.0,0.0,0.0,0.7698810148989436,-0.23011898510105644,0.0,cash_lock,2,0,1,0
2025-01-27,AAPL,1,0.0,0.0,0.0,0.7698810148989436,-0.23011898510105644,0.0,cash_lock,1,0,0,0
2025-02-03,AAPL|NVDA,2,0.0,0.0,0.0,0.7698810148989436,-0.23011898510105644,0.0,cash_lock,1,1,0,1
2025-02-10,GOOGL|NVDA,2,0.0,0.0,0.0,0.7698810148989436,-0.23011898510105644,0.0,cash_lock,1,1,1,1
2025-02-18,AMZN|GOOGL,2,0.0,0.0,0.0,0.7698810148989436,-0.23011898510105644,0.0,cash_lock,1,1,1,1
2025-02-25,AMZN|GOOGL,2,0.0,0.0,0.0,0.7698810148989436,-0.23011898510105644,0.0,cash_lock,2,0,1,0
2025-03-04,AMZN|GOOGL,2,0.0,0.0,0.0,0.7698810148989436,-0.23011898510105644,0.0,cash_lock,2,0,0,0
2025-03-11,AMZN|JPM,2,0.0,0.0,0.0,0.7698810148989436,-0.23011898510105644,0.0,cash_lock,1,1,0,2
2025-03-18,JPM,1,0.0,0.0,0.0,0.7698810148989436,-0.23011898510105644,0.0,cash_lock,1,0,1,0
2025-03-25,,0,0.0,0.0,0.0,0.7698810148989436,-0.23011898510105644,0.0,cash_lock,0,0,0,0
2025-04-01,,0,0.0,0.0,0.0,0.7698810148989436,-0.23011898510105644,0.0,cash_lock,0,0,0,0
2025-04-08,JNJ,1,0.0,0.0,0.0,0.7698810148989436,-0.23011898510105644,0.0,cash_lock,0,1,0,8
2025-04-15,JNJ,1,0.0,0.0,0.0,0.7698810148989436,-0.23011898510105644,0.0,cash_lock,1,0,1,0
2025-04-23,JNJ|UNH,2,0.0,0.0,0.0,0.7698810148989436,-0.23011898510105644,0.0,cash_lock,1,1,0,2
2025-04-30,JNJ|UNH,2,0.0,0.0,0.0,0.7698810148989436,-0.23011898510105644,0.0,cash_lock,2,0,1,1
2025-05-07,AAPL|JNJ,2,0.0,0.0,0.0,0.7698810148989436,-0.23011898510105644,0.0,cash_lock,1,1,0,1
2025-05-14,AAPL|JNJ,2,0.0,0.0,0.0,0.7698810148989436,-0.23011898510105644,0.0,cash_lock,2,0,1,0
2025-05-21,AAPL|JNJ,2,0.0,0.0,0.0,0.7698810148989436,-0.23011898510105644,0.0,cash_lock,2,0,0,0
2025-05-29,AAPL,1,0.0,0.0,0.0,0.7698810148989436,-0.23011898510105644,0.0,cash_lock,1,0,0,0
2025-06-05,,0,0.0,0.0,0.0,0.7698810148989436,-0.23011898510105644,0.0,cash_lock,0,0,0,0
2025-06-12,,0,0.0,0.0,0.0,0.7698810148989436,-0.23011898510105644,0.0,cash_lock,0,0,0,0
2025-06-20,,0,0.0,0.0,0.0,0.7698810148989436,-0.23011898510105644,0.0,cash_lock,0,0,0,0
2025-06-27,,0,0.0,0.0,0.0,0.7698810148989436,-0.23011898510105644,0.0,cash_lock,0,0,0,0
2025-07-07,,0,0.0,0.0,0.0,0.7698810148989436,-0.23011898510105644,0.0,cash_lock,0,0,0,0
2025-07-14,V,1,0.0,0.0,0.0,0.7698810148989436,-0.23011898510105644,0.0,cash_lock,0,1,0,1
2025-07-21,V,1,0.0,0.0,0.0,0.7698810148989436,-0.23011898510105644,0.0,cash_lock,1,0,1,0
2025-07-28,,0,0.0,0.0,0.0,0.7698810148989436,-0.23011898510105644,0.0,cash_lock,0,0,0,0
2025-08-04,,0,0.0,0.0,0.0,0.7698810148989436,-0.23011898510105644,0.0,cash_lock,0,0,0,0
2025-08-11,,0,0.0,0.0,0.0,0.7698810148989436,-0.23011898510105644,0.0,cash_lock,0,0,0,0
2025-08-18,,0,0.0,0.0,0.0,0.7698810148989436,-0.23011898510105644,0.0,cash_lock,0,0,0,0
2025-08-25,AAPL,1,0.0,0.0,0.0,0.7698810148989436,-0.23011898510105644,0.0,cash_lock,0,1,0,1
2025-09-02,AAPL|NVDA,2,0.0,0.0,0.0,0.7698810148989436,-0.23011898510105644,0.0,cash_lock,1,1,1,1
2025-09-09,JPM|NVDA,2,0.0,0.0,0.0,0.7698810148989436,-0.23011898510105644,0.0,cash_lock,1,1,1,1
2025-09-16,JPM|NVDA,2,0.0,0.0,0.0,0.7698810148989436,-0.23011898510105644,0.0,cash_lock,2,0,1,0
2025-09-23,JNJ|NVDA,2,0.0,0.0,0.0,0.7698810148989436,-0.23011898510105644,0.0,cash_lock,1,1,0,1
2025-09-30,AMZN|JNJ,2,0.0,0.0,0.0,0.7698810148989436,-0.23011898510105644,0.0,cash_lock,1,1,1,1
2025-10-07,AMZN,1,0.0,0.0,0.0,0.7698810148989436,-0.23011898510105644,0.0,cash_lock,1,0,1,0
2025-10-14,AMZN,1,0.0,0.0,0.0,0.7698810148989436,-0.23011898510105644,0.0,cash_lock,1,0,0,0
2025-10-21,AMZN|NVDA,2,0.0,0.0,0.0,0.7698810148989436,-0.23011898510105644,0.0,cash_lock,1,1,0,1
2025-10-28,NVDA,1,0.0,0.0,0.0,0.7698810148989436,-0.23011898510105644,0.0,cash_lock,1,0,1,0
2025-11-04,JNJ,1,0.0,0.0,0.0,0.7698810148989436,-0.23011898510105644,0.0,cash_lock,0,1,0,3
2025-11-11,JNJ,1,0.0,0.0,0.0,0.7698810148989436,-0.23011898510105644,0.0,cash_lock,1,0,1,0
2025-11-18,NVDA,1,0.0,0.0,0.0,0.7698810148989436,-0.23011898510105644,0.0,cash_lock,0,1,0,2
2025-11-25,NVDA,1,0.0,0.0,0.0,0.7698810148989436,-0.23011898510105644,0.0,cash_lock,1,0,1,0
2025-12-03,NVDA,1,0.0,0.0,0.0,0.7698810148989436,-0.23011898510105644,0.0,cash_lock,1,0,0,0
2025-12-10,NVDA,1,0.0,0.0,0.0,0.7698810148989436,-0.23011898510105644,0.0,cash_lock,1,0,0,0
2025-12-17,AAPL|NVDA,2,0.0,0.0,0.0,0.7698810148989436,-0.23011898510105644,0.0,cash_lock,1,1,0,3
2025-12-24,AAPL,1,0.0,0.0,0.0,0.7698810148989436,-0.23011898510105644,0.0,cash_lock,1,0,1,0
2026-01-02,AAPL,1,0.0,0.0,0.0,0.7698810148989436,-0.23011898510105644,0.0,cash_lock,1,0,0,0
2026-01-09,AAPL,1,0.0,0.0,0.0,0.7698810148989436,-0.23011898510105644,0.0,cash_lock,1,0,0,0
2026-01-16,AAPL|JPM,2,0.0,0.0,0.0,0.7698810148989436,-0.23011898510105644,0.0,cash_lock,1,1,0,2
2026-01-26,JPM,1,0.0,0.0,0.0,0.7698810148989436,-0.23011898510105644,0.0,cash_lock,1,0,1,0
2026-02-02,JPM|UNH,2,0.0,0.0,0.0,0.7698810148989436,-0.23011898510105644,0.0,cash_lock,1,1,0,1
2026-02-09,UNH,1,0.0,0.0,0.0,0.7698810148989436,-0.23011898510105644,0.0,cash_lock,1,0,1,0
2026-02-17,AMZN,1,0.0,0.0,0.0,0.7698810148989436,-0.23011898510105644,0.0,cash_lock,0,1,0,5
2026-02-24,AMZN,1,0.0,0.0,0.0,0.7698810148989436,-0.23011898510105644,0.0,cash_lock,1,0,1,0
2026-03-03,,0,0.0,0.0,0.0,0.7698810148989436,-0.23011898510105644,0.0,cash_lock,0,0,0,0
2026-03-10,,0,0.0,0.0,0.0,0.7698810148989436,-0.23011898510105644,0.0,cash_lock,0,0,0,0
2026-03-17,AAPL,1,0.0,0.0,0.0,0.7698810148989436,-0.23011898510105644,0.0,cash_lock,0,1,0,1
2026-03-24,AAPL|NVDA,2,0.0,0.0,0.0,0.7698810148989436,-0.23011898510105644,0.0,cash_lock,1,1,1,1
2026-03-31,NVDA,1,0.0,0.0,0.0,0.7698810148989436,-0.23011898510105644,0.0,cash_lock,1,0,1,0
