split,feature,feature_group,cross_sectional_eligible,missing_rate,std,cs_ic_mean,cs_ic_std,cs_ic_ir,cs_ic_hit_rate,cs_ic_n_dates,cs_ic_eligible_dates,cs_ic_skipped_constant_dates,global_auc,global_auc_edge,global_auc_direction,spearman_with_return,pearson_with_return,top_bottom_spread,top_bottom_direction,ts_spearman_with_mean_return,ts_pearson_with_mean_return,ts_spearman_with_median_return,ts_auc_vs_date_positive_rate,ts_auc_edge_vs_date_positive_rate,ts_n_dates,train_cs_ic_mean_ref,train_auc_edge_ref,train_top_bottom_spread_ref,train_ts_spearman_ref,train_ts_auc_edge_ref,generalization_ic_gap,generalization_auc_gap,generalization_spread_gap,generalization_ts_gap,train_rank_score
train,open,other,True,0.0,76.8423292917837,-0.030135890463729827,0.391633988645933,-0.07694911917099966,0.45288753799392095,2961,2961,0,0.5039379873475764,0.003937987347576444,1.0,-0.02001435473107494,-0.024734618067476535,-0.0041021032577313625,-1.0,,,,,,0,-0.030135890463729827,0.003937987347576444,-0.0041021032577313625,,,0.0,0.0,0.0,,0.3308805699698999
train,high,other,True,0.0,77.61446873853811,-0.030417139991608076,0.391060977527493,-0.07778106673778168,0.4508611955420466,2961,2961,0,0.5038522179055539,0.0038522179055539008,1.0,-0.02005643551419524,-0.024824379093088392,-0.003919566615280659,-1.0,,,,,,0,-0.030417139991608076,0.0038522179055539008,-0.003919566615280659,,,0.0,0.0,0.0,,0.33026580347987633
train,low,other,True,0.0,76.07189090786736,-0.030437608097182565,0.39171330856033326,-0.07770378854129344,0.4518743667679838,2961,2961,0,0.5038703794743682,0.0038703794743681907,1.0,-0.020416105914587757,-0.025221361691060974,-0.004157843730075789,-1.0,,,,,,0,-0.030437608097182565,0.0038703794743681907,-0.004157843730075789,,,0.0,0.0,0.0,,0.33122753221938966
train,close,other,True,0.0,72.4999962560753,-0.02899716516737793,0.38532222475931743,-0.0752543282067115,0.4545761567038163,2961,2961,0,0.5053231033462647,0.005323103346264735,1.0,-0.015867629440013225,-0.022000426503082034,-0.003032680727494402,-1.0,,,,,,0,-0.02899716516737793,0.005323103346264735,-0.003032680727494402,,,0.0,0.0,0.0,,0.329474801637813
train,volume,other,True,0.0,200687670.57543796,0.026988732307881243,0.42390576265195845,0.06366682099115492,0.5349544072948328,2961,2961,0,0.49445009568202436,0.00554990431797564,-1.0,0.027115612674061065,0.018162516075192668,0.003189135819833151,1.0,,,,,,0,0.026988732307881243,0.00554990431797564,0.003189135819833151,,,0.0,0.0,0.0,,0.3643269129367611
train,return_1d,technical,True,0.0,0.01834068697462028,-0.018327244502653956,0.37118456799332283,-0.049375017398308546,0.47044917257683216,2961,2961,0,0.48527747582995456,0.014722524170045437,-1.0,-0.03345868848779476,-0.038114888487142305,-0.003997511525081112,-1.0,,,,,,0,-0.018327244502653956,0.014722524170045437,-0.003997511525081112,,,0.0,0.0,0.0,,0.3256476354240905
train,log_return_1d,technical,True,0.0,0.018284169786408937,-0.018327244502653956,0.37118456799332283,-0.049375017398308546,0.47044917257683216,2961,2961,0,0.48527747582995456,0.014722524170045437,-1.0,-0.03345868685612468,-0.03822838435448028,-0.003997511525081112,-1.0,,,,,,0,-0.018327244502653956,0.014722524170045437,-0.003997511525081112,,,0.0,0.0,0.0,,0.3256476354240905
train,return_5d,technical,True,0.0,0.03897315558550666,-0.02512818151116023,0.3743967623195196,-0.06711644982045867,0.4687605538669368,2961,2961,0,0.4768283063782225,0.02317169362177751,-1.0,-0.05810240604909992,-0.055892997584565535,-0.005436080264187837,-1.0,,,,,,0,-0.02512818151116023,0.02317169362177751,-0.005436080264187837,,,0.0,0.0,0.0,,0.3642623291067859
train,return_21d,technical,True,0.0,0.07769413140465985,-0.01027908261950815,0.3632751745617845,-0.028295582355462943,0.49544072948328266,2961,2961,0,0.48773074278037315,0.01226925721962685,-1.0,-0.042997523241097624,-0.03136501416335276,-0.003089180255746139,-1.0,,,,,,0,-0.01027908261950815,0.01226925721962685,-0.003089180255746139,,,0.0,0.0,0.0,,0.3077298974230387
train,volatility_20d,technical,True,0.0,0.009016924028194817,0.02661160746267129,0.3840426102966468,0.06929337200920395,0.5157041540020263,2961,2961,0,0.5041007879808156,0.00410078798081559,1.0,0.04686784976019328,0.04965171331476221,0.003009649057422522,1.0,,,,,,0,0.02661160746267129,0.00410078798081559,0.003009649057422522,,,0.0,0.0,0.0,,0.35040294893679197
train,rsi_14,technical,True,0.0,11.742633037596324,-0.019567508929211056,0.35516749756169724,-0.05509374890311274,0.4657210401891253,2961,2961,0,0.47911136328062337,0.02088863671937663,-1.0,-0.06822818353812651,-0.05727567259126389,-0.005530150865448594,-1.0,,,,,,0,-0.019567508929211056,0.02088863671937663,-0.005530150865448594,,,0.0,0.0,0.0,,0.341635546619122
train,macd,technical,True,0.0,1.6519667093572175,-0.032443994146121806,0.35867262284928286,-0.09045573060019982,0.4667342114150625,2961,2961,0,0.4872818439933483,0.012718156006651715,-1.0,-0.057109751377183465,-0.0578567433272568,-0.004954036412150177,-1.0,,,,,,0,-0.032443994146121806,0.012718156006651715,-0.004954036412150177,,,0.0,0.0,0.0,,0.36356645477742533
train,macd_signal,technical,True,0.0,1.5342116321639476,-0.023804406783130186,0.3571417800830315,-0.06665254000132924,0.47619047619047616,2961,2961,0,0.490904314166494,0.009095685833506006,-1.0,-0.04758679038005295,-0.05001776917102982,-0.004650643389063956,-1.0,,,,,,0,-0.023804406783130186,0.009095685833506006,-0.004650643389063956,,,0.0,0.0,0.0,,0.3346757951952366
train,macd_hist,technical,True,0.0,0.5327115696739018,-0.031031694861482093,0.3605475183425173,-0.08606825254029964,0.4576156703816278,2961,2961,0,0.4804308707334355,0.01956912926656451,-1.0,-0.0465669898037966,-0.035365424150447605,-0.0031003358428667643,-1.0,,,,,,0,-0.031031694861482093,0.01956912926656451,-0.0031003358428667643,,,0.0,0.0,0.0,,0.3656916820726893
train,macd_hist_pct,technical,True,0.0,0.005657822426126495,-0.03456602499155691,0.3808954340274141,-0.09074938133563737,0.46437014522120906,2961,2961,0,0.47947298159087415,0.020527018409125852,-1.0,-0.04892356323589355,-0.04127745683405964,-0.004197420622052366,-1.0,,,,,,0,-0.03456602499155691,0.020527018409125852,-0.004197420622052366,,,0.0,0.0,0.0,,0.3832333153366055
train,ma10_ratio,technical,True,0.0,0.028863209494953034,-0.03129471001811427,0.3709490028844626,-0.08436391464802362,0.46403242147923,2961,2961,0,0.47434968951199624,0.025650310488003758,-1.0,-0.06211210271047928,-0.06203124010337789,-0.005834713181278203,-1.0,,,,,,0,-0.03129471001811427,0.025650310488003758,-0.005834713181278203,,,0.0,0.0,0.0,,0.38595303154188265
train,ma20_ratio,technical,True,0.0,0.041517127218560615,-0.024734682181490684,0.37203273410748583,-0.06648523077096884,0.46943600135089497,2961,2961,0,0.4795383350585366,0.020461664941463398,-1.0,-0.05723978278510681,-0.05130083066363542,-0.003944348910809989,-1.0,,,,,,0,-0.024734682181490684,0.020461664941463398,-0.003944348910809989,,,0.0,0.0,0.0,,0.3557619004690613
train,ma60_ratio,technical,True,0.0,0.07305869851972215,-0.001726484705208111,0.36259927890948795,-0.004761412406556595,0.4907125970955758,2961,2961,0,0.4831473176674692,0.01685268233253079,-1.0,-0.055773204727982084,-0.043015920747955454,-0.004842057276162558,-1.0,,,,,,0,-0.001726484705208111,0.01685268233253079,-0.004842057276162558,,,0.0,0.0,0.0,,0.29150420324271764
train,atr_14,technical,True,0.0,9.445964322357002,-0.03906849651530503,0.4265837549475888,-0.09158458582208572,0.44782168186423504,2961,2961,0,0.4985177963745505,0.0014822036254494853,-1.0,-0.035457195586348085,-0.03689781682056311,-0.004049731129448477,-1.0,,,,,,0,-0.03906849651530503,0.0014822036254494853,-0.004049731129448477,,,0.0,0.0,0.0,,0.3501553344231043
train,atr_pct,technical,True,0.0,0.1356106828593469,-0.028646648859414814,0.4115207985729519,-0.06961166715936111,0.46808510638297873,2961,2961,0,0.49361633002755856,0.006383669972441441,-1.0,-0.02987638417305885,-0.036657031133428795,-0.0021197089067495397,-1.0,,,,,,0,-0.028646648859414814,0.006383669972441441,-0.0021197089067495397,,,0.0,0.0,0.0,,0.335929403074741
train,hl_spread,technical,True,0.0,0.01440243256735849,0.004567969461586479,0.3615706402110095,0.012633684689997648,0.5042215467747383,2961,2961,0,0.4907629133807248,0.009237086619275192,-1.0,0.024476588518537016,0.03371522303012708,0.0027404165768994864,1.0,,,,,,0,0.004567969461586479,0.009237086619275192,0.0027404165768994864,,,0.0,0.0,0.0,,0.2883994798760282
train,volume_z_20,technical,True,0.0,1.0504741026226065,-0.006000225149161317,0.3478253909931116,-0.01725068182063841,0.48733535967578523,2961,2961,0,0.49702148327990975,0.002978516720090252,-1.0,0.0008020165818522681,0.005675957979910088,5.2456936878077925e-05,1.0,,,,,,0,-0.006000225149161317,0.002978516720090252,5.2456936878077925e-05,,,0.0,0.0,0.0,,0.26770407413087416
train,dc_event,dc,True,0.0,0.3841930109142302,0.002366247585967941,0.36281289869890093,0.006521950003579377,0.4856996935648621,1958,2961,1003,0.4993569769750954,0.0006430230249045987,-1.0,-0.0011497399897787144,-0.0040711750584537494,-6.584644216123172e-05,-1.0,,,,,,0,0.002366247585967941,0.0006430230249045987,-6.584644216123172e-05,,,0.0,0.0,0.0,,0.25133340525338593
train,dc_trend,dc,True,0.0,0.9709567399382566,-0.026298428325765094,0.3515841863478452,-0.0747998042771649,0.4453551912568306,2562,2961,399,0.4852615346562574,0.014738465343742624,-1.0,-0.04943472112006054,-0.04617715356851996,-0.0037090849961620214,-1.0,,,,,,0,-0.026298428325765094,0.014738465343742624,-0.0037090849961620214,,,0.0,0.0,0.0,,0.3366134387874389
train,dc_run_length,dc,True,0.0,1.9948260017965727,-0.0010525506772941224,0.3520553044773129,-0.002989731056195322,0.49034749034749037,2849,2961,112,0.5008850509513144,0.0008850509513144145,1.0,-0.00819367494829764,-0.005228123276386762,-0.0005951338511637596,-1.0,,,,,,0,-0.0010525506772941224,0.0008850509513144145,-0.0005951338511637596,,,0.0,0.0,0.0,,0.25099419988500205
train,dc_dist_extreme,dc,True,0.0,0.007038232574201616,0.010957965272974424,0.34253921626977696,0.0319903962889439,0.5135040336723956,2851,2961,110,0.505485238346832,0.005485238346832011,1.0,0.022941336576977417,0.014924116106108,0.0015745614457862954,1.0,,,,,,0,0.010957965272974424,0.005485238346832011,0.0015745614457862954,,,0.0,0.0,0.0,,0.30295823151746454
train,dc_tmv,dc,True,0.0,0.04982581673347729,-0.013668600902643458,0.3512877982693928,-0.038909979139558355,0.4839581222559946,2961,2961,0,0.4974941456391848,0.002505854360815185,-1.0,-0.007729829573736227,0.0011336742987710059,0.000549836739483155,1.0,,,,,,0,-0.013668600902643458,0.002505854360815185,0.000549836739483155,,,0.0,0.0,0.0,,0.28882132766678276
train,dc_event_density_20,dc,True,0.0,1.986090433001107,0.011674262039731813,0.3582027883283811,0.03259120928179229,0.5075987841945289,2961,2961,0,0.4990831905964236,0.0009168094035764129,-1.0,0.030868852855466325,0.03733445539184216,0.0016795388931809194,1.0,,,,,,0,0.011674262039731813,0.0009168094035764129,0.0016795388931809194,,,0.0,0.0,0.0,,0.2931751053633841
train,return_21d_cs_z,cross_sectional,True,0.0,0.9457707818649844,-0.01027908261950815,0.3632751745617845,-0.028295582355462943,0.49544072948328266,2961,2961,0,0.4997359478918257,0.00026405210817431746,-1.0,-0.007802338058858625,0.002673863640910759,0.0002687503103196926,1.0,,,,,,0,-0.01027908261950815,0.00026405210817431746,0.0002687503103196926,,,0.0,0.0,0.0,,0.27948884228199394
train,rsi_14_cs_z,cross_sectional,True,0.0,0.9449454614050952,-0.019567508929211056,0.35516749756169724,-0.05509374890311274,0.4657210401891253,2961,2961,0,0.4981252820193317,0.0018747179806682945,-1.0,-0.016438070413558912,-0.00971978729133113,-0.0008280967446955599,-1.0,,,,,,0,-0.019567508929211056,0.0018747179806682945,-0.0008280967446955599,,,0.0,0.0,0.0,,0.29655462796057575
train,macd_hist_pct_cs_z,cross_sectional,True,0.0,0.9438429803927186,-0.03456602499155691,0.3808954340274141,-0.09074938133563737,0.46437014522120906,2961,2961,0,0.48871411059250713,0.011285889407492866,-1.0,-0.024237658354362594,-0.02513589861340242,-0.0020802948247529056,-1.0,,,,,,0,-0.03456602499155691,0.011285889407492866,-0.0020802948247529056,,,0.0,0.0,0.0,,0.3615753686373903
train,vix_level,sentiment_proxy,False,0.0,7.254371367051657,,,,,0,0,0,0.5060023669120431,0.006002366912043144,1.0,0.045438639433673066,0.056893480403283125,0.0033638079461322436,1.0,0.07778361038429149,0.08518018797018109,0.08443489531460824,0.5131087329405624,0.013108732940562362,2961,,0.006002366912043144,0.0033638079461322436,0.07778361038429149,0.013108732940562362,,0.0,0.0,0.0,0.30500693646767224
train,vix_change_5d,sentiment_proxy,False,0.0,0.18044105621729556,,,,,0,0,0,0.5105746171698714,0.010574617169871403,1.0,0.02364282509431309,0.021162875474016282,-7.419574736638838e-05,-1.0,0.03066343059422904,0.03261106281443331,0.044684838421781364,0.5138840983667686,0.013884098366768627,2961,,0.010574617169871403,-7.419574736638838e-05,0.03066343059422904,0.013884098366768627,,0.0,0.0,0.0,0.14340131361053746
train,vix_z_60,sentiment_proxy,False,0.0,1.2602596126109868,,,,,0,0,0,0.5020160750387437,0.002016075038743681,1.0,0.01703971183604865,0.005705313832552269,4.730624078522899e-07,1.0,0.03323542568158771,0.007084475085143499,0.03565543883398845,0.4960632783951078,0.003936721604892224,2961,,0.002016075038743681,4.730624078522899e-07,0.03323542568158771,0.003936721604892224,,0.0,0.0,0.0,0.12461943209059621
train,sentiment_score,sentiment_proxy,False,0.0,0.46664051083214764,,,,,0,0,0,0.4979839249612563,0.002016075038743681,-1.0,-0.01703971183604865,-0.0014181974318899595,-4.730624078522899e-07,-1.0,-0.03323542568158771,-0.0003353357637718598,-0.03565543883398845,0.5039367216048922,0.003936721604892224,2961,,0.002016075038743681,-4.730624078522899e-07,-0.03323542568158771,0.003936721604892224,,0.0,0.0,0.0,0.12461943209059621
train,interest_rate,macro_proxy,False,0.0,0.6712932463963991,,,,,0,0,0,0.4792966666709423,0.020703333329057716,-1.0,-0.052975827374398286,-0.06505002743702597,-0.007387465684550215,-1.0,-0.09021662933940537,-0.10072487164027055,-0.06999772493661593,0.4779280706987844,0.022071929301215598,2961,,0.020703333329057716,-0.007387465684550215,-0.09021662933940537,0.022071929301215598,,0.0,0.0,0.0,0.36776957399504556
train,rate_change_5d,macro_proxy,False,0.0,0.06112698021347965,,,,,0,0,0,0.4858879946024867,0.014112005397513283,-1.0,-0.0321715541947449,-0.0003651143537788319,-0.0027759665964853892,-1.0,-0.044805151264657055,-0.0006318148698026112,-0.055304426658567135,0.4811302110522783,0.018869788947721677,2961,,0.014112005397513283,-0.0027759665964853892,-0.044805151264657055,0.018869788947721677,,0.0,0.0,0.0,0.20432658588415942
train,credit_stress,macro_proxy,False,0.0,0.020557511231200105,,,,,0,0,0,0.4983909836332878,0.0016090163667121793,-1.0,0.02150132377259074,0.08318957787349222,0.0018377484914583238,1.0,0.04756549002060622,0.12707082672528788,0.03613164895307581,0.494689900440003,0.005310099559997006,2961,,0.0016090163667121793,0.0018377484914583238,0.04756549002060622,0.005310099559997006,,0.0,0.0,0.0,0.1748179929544034
train,hyg_return_5d,macro_proxy,False,0.0,0.012396381063502934,,,,,0,0,0,0.49558891058689447,0.004411089413105529,-1.0,-0.019243556562505704,-0.0478912371263512,-0.0011577039620449588,-1.0,-0.021677211199318352,-0.07504005273508031,-0.024587207987689843,0.4969661234991424,0.003033876500857624,2961,,0.004411089413105529,-0.0011577039620449588,-0.021677211199318352,0.003033876500857624,,0.0,0.0,0.0,0.090342943162176
train,macro_news_pressure,macro_proxy,False,0.0,0.5339203014510935,,,,,0,0,0,0.4897703724701634,0.010229627529836582,-1.0,-0.009013965609025561,-0.004608099626997894,-0.0009544012791771785,-1.0,-0.013301285971419722,-0.004287128857653628,-0.017504083277867503,0.4813791110448206,0.018620888955179382,2961,,0.010229627529836582,-0.0009544012791771785,-0.013301285971419722,0.018620888955179382,,0.0,0.0,0.0,0.0861596014336435
train,mkt_return_1d,benchmark_market,False,0.0,0.010666553918356912,,,,,0,0,0,0.49121731699853266,0.00878268300146734,-1.0,-0.021096564142601464,-0.03747130417553336,-0.003326590835826003,-1.0,-0.02808344466274523,-0.05760135077840645,-0.033368192993199056,0.48712292117234696,0.012877078827653043,2961,,0.00878268300146734,-0.003326590835826003,-0.02808344466274523,0.012877078827653043,,0.0,0.0,0.0,0.13110105578614323
train,mkt_return_5d,benchmark_market,False,0.0,0.021904283307796885,,,,,0,0,0,0.48036448237702034,0.01963551762297966,-1.0,-0.05243897431518716,-0.05008813606949181,-0.006116641597616785,-1.0,-0.07385036951918204,-0.07776358970934097,-0.07839789733975988,0.47999408046834213,0.020005919531657868,2961,,0.01963551762297966,-0.006116641597616785,-0.07385036951918204,0.020005919531657868,,0.0,0.0,0.0,0.31400192193604903
train,mkt_return_21d,benchmark_market,False,0.0,0.04151298159782845,,,,,0,0,0,0.4870948740920333,0.012905125907966719,-1.0,-0.04157549202713866,-0.04534401385531528,-0.0032154137053845427,-1.0,-0.06271627282193748,-0.069872744113888,-0.06063920848910529,0.5009280147662019,0.0009280147662018567,2961,,0.012905125907966719,-0.0032154137053845427,-0.06271627282193748,0.0009280147662018567,,0.0,0.0,0.0,0.23158034002535482
train,mkt_volatility_20d,benchmark_market,False,0.0,0.006018851007916533,,,,,0,0,0,0.5076275722427173,0.007627572242717262,1.0,0.0395865735096259,0.05150151234703954,0.0015131168972263255,1.0,0.06210260643507299,0.07560459713273489,0.07686049638753026,0.5141570027593407,0.014157002759340731,2961,,0.007627572242717262,0.0015131168972263255,0.06210260643507299,0.014157002759340731,,0.0,0.0,0.0,0.2542083983335263
train,mkt_dc_event,benchmark_market,False,0.0,0.27997636183276003,,,,,0,0,0,0.4989165637899791,0.0010834362100208828,-1.0,-0.0019027479531711464,-0.004479662515976101,-5.090079993256419e-05,-1.0,0.0040730851481277095,-0.007227497974440491,-0.004026704261813111,0.4993371988962637,0.000662801103736288,2961,,0.0010834362100208828,-5.090079993256419e-05,0.0040730851481277095,0.000662801103736288,,0.0,0.0,0.0,0.015447605605026851
train,mkt_dc_trend,benchmark_market,False,0.0,0.8641313836365601,,,,,0,0,0,0.4879906383283225,0.012009361671677488,-1.0,-0.04483196942570378,-0.03679904829059474,-0.0033212098424616624,-1.0,-0.0630588099508217,-0.054954621846598314,-0.06409683758254213,0.49201562383473785,0.007984376165262153,2961,,0.012009361671677488,-0.0033212098424616624,-0.0630588099508217,0.007984376165262153,,0.0,0.0,0.0,0.24997715160869322
train,mkt_dc_run_length,benchmark_market,False,0.0,2.6695083255422887,,,,,0,0,0,0.4966561651209024,0.003343834879097618,-1.0,-0.011889962873116684,-0.03437896106944511,-0.0013590301458668765,-1.0,-0.003973426415698149,-0.050473945149745666,-0.0003785702906013214,0.5000708479379521,7.084793795208988e-05,2961,,0.003343834879097618,-0.0013590301458668765,-0.003973426415698149,7.084793795208988e-05,,0.0,0.0,0.0,0.02395193799611531
train,mkt_dc_tmv,benchmark_market,False,0.0,0.0367787767496284,,,,,0,0,0,0.4973484109530993,0.0026515890469007153,-1.0,-0.01082778557827278,-0.016860167902842713,-0.0010607555450007121,-1.0,-0.03528709644609147,-0.023865551371807067,-0.02083104444164117,0.5043266183160564,0.0043266183160564076,2961,,0.0026515890469007153,-0.0010607555450007121,-0.03528709644609147,0.0043266183160564076,,0.0,0.0,0.0,0.12534231154866002
val,open,other,True,0.0,126.68543075825436,-0.017652605869557667,0.3863010211977286,-0.04569650324719738,0.4870259481037924,501,501,0,0.48642122183821895,0.013578778161781047,-1.0,-0.05181176166820946,-0.038701543388440264,-0.010025162016646608,-1.0,,,,,,0,-0.030135890463729827,0.003937987347576444,-0.0041021032577313625,,,0.01248328459417216,0.009640790814204603,0.005923058758915246,,0.0
val,high,other,True,0.0,127.83463150688128,-0.01788049748275767,0.38452839959801277,-0.04649980990077716,0.4870259481037924,501,501,0,0.48605548961272516,0.013944510387274844,-1.0,-0.05263633454346305,-0.03920623454780675,-0.010360078626945539,-1.0,,,,,,0,-0.030417139991608076,0.0038522179055539008,-0.003919566615280659,,,0.012536642508850407,0.010092292481720944,0.00644051201166488,,0.0
val,low,other,True,0.0,125.48276565474568,-0.01766120450293516,0.3861109714861198,-0.04574126561324626,0.4870259481037924,501,501,0,0.4861919497021061,0.013808050297893892,-1.0,-0.05254828482088929,-0.03936906952862871,-0.01058105654860208,-1.0,,,,,,0,-0.030437608097182565,0.0038703794743681907,-0.004157843730075789,,,0.012776403594247407,0.009937670823525702,0.006423212818526291,,0.0
val,close,other,True,0.0,119.61395766538102,-0.019851206677553974,0.3652213928384857,-0.05435389894132764,0.4750499001996008,501,501,0,0.4861283162919437,0.013871683708056304,-1.0,-0.05229515557596766,-0.039967081768641784,-0.010352854947140938,-1.0,,,,,,0,-0.02899716516737793,0.005323103346264735,-0.003032680727494402,,,0.009145958489823955,0.008548580361791569,0.007320174219646537,,0.0
val,volume,other,True,0.0,153992730.23504528,0.01963346035202321,0.5001309108685908,0.039256642461721176,0.5069860279441117,501,501,0,0.5047046354541059,0.004704635454105932,1.0,0.02832705865048128,0.03664079862236016,0.0042435105209956405,1.0,,,,,,0,0.026988732307881243,0.00554990431797564,0.003189135819833151,,,0.007355271955858032,0.0008452688638697081,0.0010543747011624895,,0.0
val,return_1d,technical,True,0.0,0.02268008222141294,0.00034989289691159857,0.4031464076219166,0.0008679052827868409,0.5029940119760479,501,501,0,0.49807852682579923,0.0019214731742007718,-1.0,-0.014095244219743504,-0.012139357973674571,-0.0040693696954934265,-1.0,,,,,,0,-0.018327244502653956,0.014722524170045437,-0.003997511525081112,,,0.018677137399565554,0.012801050995844665,7.185817041231463e-05,,0.0
val,log_return_1d,technical,True,0.0,0.02271872345160437,0.00034989289691159857,0.4031464076219166,0.0008679052827868409,0.5029940119760479,501,501,0,0.49807852682579923,0.0019214731742007718,-1.0,-0.014095244219743504,-0.010281293718034323,-0.0040693696954934265,-1.0,,,,,,0,-0.018327244502653956,0.014722524170045437,-0.003997511525081112,,,0.018677137399565554,0.012801050995844665,7.185817041231463e-05,,0.0
val,return_5d,technical,True,0.0,0.04973287600925061,0.0017540676223310886,0.4257989656518704,0.004119473657353125,0.500998003992016,501,501,0,0.5051490300861321,0.0051490300861321,1.0,-0.004119907074832725,-0.02808065262371146,-0.004795919247397702,-1.0,,,,,,0,-0.02512818151116023,0.02317169362177751,-0.005436080264187837,,,0.02688224913349132,0.01802266353564541,0.0006401610167901346,,0.0
val,return_21d,technical,True,0.0,0.09926752362937488,-0.039714510373193,0.41084113573273867,-0.09666634355481914,0.4491017964071856,501,501,0,0.49497024258718736,0.005029757412812641,-1.0,-0.03693450618169462,-0.02693164218069735,-0.0034624209465280442,-1.0,,,,,,0,-0.01027908261950815,0.01226925721962685,-0.003089180255746139,,,0.02943542775368485,0.007239499806814209,0.00037324069078190514,,0.0
val,volatility_20d,technical,True,0.0,0.010623766521154149,0.026141656081775842,0.49171230962622625,0.05316453456625349,0.499001996007984,501,501,0,0.49432831258265947,0.005671687417340532,-1.0,0.0061839756567336574,-0.008263916038429506,-0.0006237357877036155,-1.0,,,,,,0,0.02661160746267129,0.00410078798081559,0.003009649057422522,,,0.00046995138089544683,0.0015708994365249418,0.0036333848451261374,,0.0
val,rsi_14,technical,True,0.0,11.83305843726483,-0.011746204560575822,0.38330744498389163,-0.030644342327004505,0.49101796407185627,501,501,0,0.5021907160453403,0.0021907160453402685,1.0,-0.02286806845008572,-0.027300280978537386,-0.0062782931768594,-1.0,,,,,,0,-0.019567508929211056,0.02088863671937663,-0.005530150865448594,,,0.007821304368635235,0.01869792067403636,0.0007481423114108062,,0.0
val,macd,technical,True,0.0,4.114070189030165,-0.007391278049960689,0.37436966045196013,-0.019743261355734655,0.48303393213572854,501,501,0,0.49148063753642135,0.00851936246357865,-1.0,-0.04056918297342318,-0.0241398888986765,-0.0033106172880932243,-1.0,,,,,,0,-0.032443994146121806,0.012718156006651715,-0.004954036412150177,,,0.025052716096161116,0.004198793543073065,0.0016434191240569528,,0.0
val,macd_signal,technical,True,0.0,3.8710105325719275,0.006810621181878667,0.3797268678978512,0.017935578853247657,0.500998003992016,501,501,0,0.4922293693449404,0.007770630655059618,-1.0,-0.035548254522200534,-0.007416963722244277,-0.001505534955402391,-1.0,,,,,,0,-0.023804406783130186,0.009095685833506006,-0.004650643389063956,,,0.030615027965008854,0.0013250551784463882,0.0031451084336615647,,0.0
val,macd_hist,technical,True,0.0,1.2634590186975208,-0.038214480130647786,0.34609045940851635,-0.11041760641410918,0.45109780439121755,501,501,0,0.4852611911662757,0.014738808833724304,-1.0,-0.04155755219337968,-0.05587997042343027,-0.008944118540507421,-1.0,,,,,,0,-0.031031694861482093,0.01956912926656451,-0.0031003358428667643,,,0.007182785269165694,0.004830320432840207,0.005843782697640657,,0.0
val,macd_hist_pct,technical,True,0.0,0.007452463992495135,-0.02747232807113047,0.3932094595608106,-0.06986690529219534,0.4411177644710579,501,501,0,0.49140869021337336,0.008591309786626644,-1.0,-0.024258489952617226,-0.04143675434159767,-0.005061891123525228,-1.0,,,,,,0,-0.03456602499155691,0.020527018409125852,-0.004197420622052366,,,0.0070936969204264365,0.011935708622499208,0.0008644705014728624,,0.0
val,ma10_ratio,technical,True,0.0,0.03742043578937,-0.001899231839351601,0.42607360645704967,-0.004457520509529737,0.499001996007984,501,501,0,0.5066359414291233,0.006635941429123271,1.0,-0.005522283202541168,-0.03414245015660561,-0.005454912041089553,-1.0,,,,,,0,-0.03129471001811427,0.025650310488003758,-0.005834713181278203,,,0.02939547817876267,0.019014369058880487,0.0003798011401886497,,0.0
val,ma20_ratio,technical,True,0.0,0.05396868390741468,-0.010730055041432285,0.4100699936039194,-0.02616639892895038,0.47704590818363274,501,501,0,0.4968752478185572,0.0031247521814428136,-1.0,-0.024162900091793973,-0.035368472179486556,-0.005040662020283257,-1.0,,,,,,0,-0.024734682181490684,0.020461664941463398,-0.003944348910809989,,,0.0140046271400584,0.017336912760020584,0.001096313109473268,,0.0
val,ma60_ratio,technical,True,0.0,0.09653766314807281,0.007802576664852112,0.4310108229891332,0.01810297154660739,0.49101796407185627,501,501,0,0.5081394805978855,0.008139480597885496,1.0,-0.004727173806721725,-0.002180291453326605,0.0007389895509185345,1.0,,,,,,0,-0.001726484705208111,0.01685268233253079,-0.004842057276162558,,,0.009529061370060224,0.008713201734645293,0.005581046827081093,,0.0
val,atr_14,technical,True,0.0,9.80898800219521,-0.03177886650940542,0.5090347942679023,-0.06242965484335904,0.4870259481037924,501,501,0,0.4706038426905357,0.02939615730946432,-1.0,-0.060915610544351996,-0.037361120354189196,-0.008798738260214831,-1.0,,,,,,0,-0.03906849651530503,0.0014822036254494853,-0.004049731129448477,,,0.0072896300058996055,0.027913953684014836,0.004749007130766354,,0.0
val,atr_pct,technical,True,0.0,0.03037483064609746,-0.015593056311619193,0.3989245957796658,-0.03908772854966194,0.499001996007984,501,501,0,0.47070177099135097,0.029298229008649035,-1.0,-0.033649595789592014,-0.02526808311805966,-0.0011942988721507985,-1.0,,,,,,0,-0.028646648859414814,0.006383669972441441,-0.0021197089067495397,,,0.01305359254779562,0.022914559036207593,0.0009254100345987412,,0.0
val,hl_spread,technical,True,0.0,0.013975523353639564,0.04293231718381419,0.42643730741626124,0.10067673826180121,0.5449101796407185,501,501,0,0.5146005100905321,0.014600510090532093,1.0,0.04843716186473339,0.022515691992018243,0.004540161344778339,1.0,,,,,,0,0.004567969461586479,0.009237086619275192,0.0027404165768994864,,,0.038364347722227715,0.005363423471256901,0.0017997447678788523,,0.0
val,volume_z_20,technical,True,0.0,1.0586827424591785,0.004633157926571104,0.3575950901383858,0.012956436076284262,0.5169660678642715,501,501,0,0.5238580520885828,0.023858052088582826,1.0,0.03880575724035966,0.024203811262519855,0.00583400296273439,1.0,,,,,,0,-0.006000225149161317,0.002978516720090252,5.2456936878077925e-05,,,0.01063338307573242,0.020879535368492574,0.005781546025856312,,0.0
val,dc_event,dc,True,0.0,0.4364138147303815,0.0033399371928616753,0.36611275948799604,0.009122700879184147,0.5053191489361702,376,501,125,0.49889121181036095,0.001108788189639054,-1.0,-0.008391616901214307,-0.014399228369024212,-0.0003448346977926557,-1.0,,,,,,0,0.002366247585967941,0.0006430230249045987,-6.584644216123172e-05,,,0.0009736896068937343,0.00046576516473445517,0.000278988255631424,,0.0
val,dc_trend,dc,True,0.0,0.9946982580150922,-0.036825487975635805,0.37012497569378205,-0.09949473932854204,0.42691415313225056,431,501,70,0.4870151070192448,0.012984892980755225,-1.0,-0.03793515403161703,-0.04538600779287734,-0.004530977142554961,-1.0,,,,,,0,-0.026298428325765094,0.014738465343742624,-0.0037090849961620214,,,0.010527059649870711,0.001753572362987399,0.0008218921463929397,,0.0
val,dc_run_length,dc,True,0.0,1.418229422628547,-0.014681894150057545,0.3505836353465014,-0.04187843547102993,0.4894957983193277,476,501,25,0.503740141617913,0.0037401416179130287,1.0,0.00618479366149479,-0.005704857581961509,0.0011719491804330613,1.0,,,,,,0,-0.0010525506772941224,0.0008850509513144145,-0.0005951338511637596,,,0.013629343472763423,0.002855090666598614,0.0017670830315968209,,0.0
val,dc_dist_extreme,dc,True,0.0,0.006674154109230022,0.044652631238015335,0.3475228419009647,0.12848833473438334,0.5651260504201681,476,501,25,0.5200983248105068,0.020098324810506774,1.0,0.03436519208741814,0.020086891701481573,0.0003510384054169675,1.0,,,,,,0,0.010957965272974424,0.005485238346832011,0.0015745614457862954,,,0.03369466596504091,0.014613086463674763,0.001223523040369328,,0.0
val,dc_tmv,dc,True,0.0,0.044162689079465314,-0.03284340410088913,0.37333057614565335,-0.08797405355856901,0.46107784431137727,501,501,0,0.5062467863529039,0.006246786352903877,1.0,0.007501444330552061,0.004026011951284637,0.000862084352598783,1.0,,,,,,0,-0.013668600902643458,0.002505854360815185,0.000549836739483155,,,0.019174803198245674,0.003740931992088692,0.000312247613115628,,0.0
val,dc_event_density_20,dc,True,0.0,2.0203651499074935,0.047165326971047236,0.40839767392524107,0.11548872577487072,0.5389221556886228,501,501,0,0.5062471860602541,0.006247186060254095,1.0,0.027264098912019554,0.016468497382795124,0.0021110591898447456,1.0,,,,,,0,0.011674262039731813,0.0009168094035764129,0.0016795388931809194,,,0.03549106493131542,0.005330376656677682,0.0004315202966638262,,0.0
val,return_21d_cs_z,cross_sectional,True,0.0,0.948761934642763,-0.039714510373193,0.41084113573273867,-0.09666634355481914,0.4491017964071856,501,501,0,0.49041293926238966,0.009587060737610342,-1.0,-0.03733877502636938,-0.01896432919152854,-0.003308486079508015,-1.0,,,,,,0,-0.01027908261950815,0.00026405210817431746,0.0002687503103196926,,,0.02943542775368485,0.009323008629436025,0.0035772363898277076,,0.0
val,rsi_14_cs_z,cross_sectional,True,0.0,0.9487778665964799,-0.011746204560575822,0.38330744498389163,-0.030644342327004505,0.49101796407185627,501,501,0,0.5069822478773941,0.006982247877394099,1.0,-0.009854235770670614,-0.006007016033941278,-0.0013670671262002,-1.0,,,,,,0,-0.019567508929211056,0.0018747179806682945,-0.0008280967446955599,,,0.007821304368635235,0.005107529896725804,0.0005389703815046401,,0.0
val,macd_hist_pct_cs_z,cross_sectional,True,0.0,0.948567361148407,-0.02747232807113047,0.3932094595608106,-0.06986690529219534,0.4411177644710579,501,501,0,0.4826232825374574,0.0173767174625426,-1.0,-0.03720394138589047,-0.015927125817812034,-0.0038967514242051462,-1.0,,,,,,0,-0.03456602499155691,0.011285889407492866,-0.0020802948247529056,,,0.0070936969204264365,0.006090828055049735,0.0018164565994522406,,0.0
val,vix_level,sentiment_proxy,False,0.0,5.738344090665797,,,,,0,0,0,0.4929219822414821,0.007078017758517907,-1.0,0.002298953445500688,0.010316131465066502,0.0025911209939568454,1.0,-0.009319005086291854,0.015425358363742134,0.05094009648284501,0.5181243817607454,0.01812438176074538,501,,0.006002366912043144,0.0033638079461322436,0.07778361038429149,0.013108732940562362,,0.0010756508464747627,0.0007726869521753983,0.08710261547058334,0.0
val,vix_change_5d,sentiment_proxy,False,0.0,0.13035113682274546,,,,,0,0,0,0.4966208740608476,0.0033791259391524053,-1.0,0.003508692260012395,0.03191727667183691,0.004106026376176851,1.0,0.030431329303894118,0.04772481160452311,0.007479972504711039,0.5038530265802993,0.0038530265802992902,501,,0.010574617169871403,-7.419574736638838e-05,0.03066343059422904,0.013884098366768627,,0.007195491230718998,0.00418022212354324,0.00023210129033492122,0.0
val,vix_z_60,sentiment_proxy,False,0.0,1.1949336541760618,,,,,0,0,0,0.509317977749411,0.00931797774941101,1.0,0.02906532235888772,0.03872889189405658,0.009213754860495194,1.0,0.014453324426843528,0.057909986754186904,0.05371491280387433,0.5167682440409713,0.016768244040971325,501,,0.002016075038743681,4.730624078522899e-07,0.03323542568158771,0.003936721604892224,,0.0073019027106673295,0.009213281798087341,0.01878210125474418,0.0
val,sentiment_score,sentiment_proxy,False,0.0,0.4885554231632863,,,,,0,0,0,0.490682022250589,0.00931797774941101,-1.0,-0.02906532235888772,-0.02826233387524111,-0.009213754860495194,-1.0,-0.014453324426843528,-0.04225970071219069,-0.05371491280387433,0.4832317559590287,0.016768244040971325,501,,0.002016075038743681,-4.730624078522899e-07,-0.03323542568158771,0.003936721604892224,,0.0073019027106673295,0.009213281798087341,0.01878210125474418,0.0
val,interest_rate,macro_proxy,False,0.0,0.7750663989208837,,,,,0,0,0,0.5641370414237512,0.0641370414237512,1.0,0.10921772407174707,0.10154543692382335,0.007854823523876247,1.0,0.1274784553661922,0.15183741696749045,0.14625626005965991,0.5751778933597116,0.07517789335971159,501,,0.020703333329057716,-0.007387465684550215,-0.09021662933940537,0.022071929301215598,,0.04343370809469349,0.015242289208426463,0.21769508470559756,0.0
val,rate_change_5d,macro_proxy,False,0.0,0.05187232563893884,,,,,0,0,0,0.44399780256887117,0.05600219743112883,-1.0,-0.10143361535888673,-0.0590018541222438,-0.012694662973207236,-1.0,-0.14029238733688007,-0.08822345343725041,-0.11707183243075601,0.43776125594307413,0.062238744056925865,501,,0.014112005397513283,-0.0027759665964853892,-0.044805151264657055,0.018869788947721677,,0.04189019203361555,0.009918696376721846,0.09548723607222301,0.0
val,credit_stress,macro_proxy,False,0.0,0.025895678931914558,,,,,0,0,0,0.4868840030083574,0.01311599699164262,-1.0,-0.011461249664501603,0.005627161411873073,0.0035411977419735115,1.0,-0.037347186689290664,0.008414101898826852,0.02043129412102851,0.5002472957018411,0.0002472957018411215,501,,0.0016090163667121793,0.0018377484914583238,0.04756549002060622,0.005310099559997006,,0.01150698062493044,0.0017034492505151877,0.08491267670989688,0.0
val,hyg_return_5d,macro_proxy,False,0.0,0.014009478408474458,,,,,0,0,0,0.5146956404398956,0.014695640439895574,1.0,0.01487241514052674,-0.007221413911948121,0.002324768616470881,1.0,0.009454589055862519,-0.010797933107184816,0.0017188253386173956,0.5040763904400268,0.004076390440026834,501,,0.004411089413105529,-0.0011577039620449588,-0.021677211199318352,0.003033876500857624,,0.010284551026790045,0.0034824725785158397,0.03113180025518087,0.0
val,macro_news_pressure,macro_proxy,False,0.0,0.6140456593165489,,,,,0,0,0,0.47867161578978334,0.021328384210216655,-1.0,-0.02220519227066801,-0.014359532133464288,-0.0028831927428604595,-1.0,-0.050752487057757,-0.021471317018828817,-0.019151656845671206,0.4767542040269313,0.023245795973068695,501,,0.010229627529836582,-0.0009544012791771785,-0.013301285971419722,0.018620888955179382,,0.011098756680380073,0.001928791463683281,0.037451201086337274,0.0
val,mkt_return_1d,benchmark_market,False,0.0,0.01228031541627777,,,,,0,0,0,0.4893685838976135,0.010631416102386493,-1.0,-0.029135504464810474,-0.040519232237984516,-0.00285333652568654,-1.0,-0.04615922051099128,-0.06058702140537095,-0.04202662504536646,0.48126934490570855,0.01873065509429145,501,,0.00878268300146734,-0.003326590835826003,-0.02808344466274523,0.012877078827653043,,0.0018487331009191532,0.00047325431013946293,0.01807577584824605,0.0
val,mkt_return_5d,benchmark_market,False,0.0,0.026595817832541353,,,,,0,0,0,0.4906356561979581,0.009364343802041875,-1.0,-0.03464837120488629,-0.06768244598625753,-0.007433678746336019,-1.0,-0.061586182217238834,-0.10120324540337883,-0.05497950712121574,0.4832955742046651,0.016704425795334876,501,,0.01963551762297966,-0.006116641597616785,-0.07385036951918204,0.020005919531657868,,0.010271173820937785,0.001317037148719234,0.01226418730194321,0.0
val,mkt_return_21d,benchmark_market,False,0.0,0.05202612031541022,,,,,0,0,0,0.47473050131615635,0.02526949868384365,-1.0,-0.0649896592703465,-0.06607740338865505,-0.01426958938703121,-1.0,-0.08503060810649618,-0.09880328013142309,-0.11061144642984946,0.44283480647117013,0.05716519352882987,501,,0.012905125907966719,-0.0032154137053845427,-0.06271627282193748,0.0009280147662018567,,0.01236437277587693,0.011054175681646667,0.0223143352845587,0.0
val,mkt_volatility_20d,benchmark_market,False,0.0,0.004278769692072754,,,,,0,0,0,0.48056942628884836,0.019430573711151644,-1.0,-0.03865606041701259,-0.04189705427042205,-0.005399570124227889,-1.0,-0.06913710427750078,-0.06264723154167824,-0.004831357205906911,0.49714413350776987,0.0028558664922301302,501,,0.007627572242717262,0.0015131168972263255,0.06210260643507299,0.014157002759340731,,0.011803001468434382,0.006912687021454214,0.13123971071257376,0.0
val,mkt_dc_event,benchmark_market,False,0.0,0.34028161155828496,,,,,0,0,0,0.4950947913975304,0.004905208602469624,-1.0,-0.02082334680225692,-0.026032155771630792,-0.0004667549130042098,-1.0,-0.031395099460371154,-0.038924991710114355,-0.0193075805466882,0.4962347235074508,0.0037652764925492077,501,,0.0010834362100208828,-5.090079993256419e-05,0.0040730851481277095,0.000662801103736288,,0.0038217723924487412,0.0004158541130716456,0.03546818460849886,0.0
val,mkt_dc_trend,benchmark_market,False,0.0,0.9882173369336928,,,,,0,0,0,0.5102173192875105,0.010217319287510462,1.0,0.0031831007394413284,-0.013370760423286769,-0.0013435841867307178,-1.0,-0.0030727667560784305,-0.01999284051617209,-0.003938728296427807,0.5063818245636428,0.0063818245636427795,501,,0.012009361671677488,-0.0033212098424616624,-0.0630588099508217,0.007984376165262153,,0.0017920423841670252,0.0019776256557309446,0.05998604319474327,0.0
val,mkt_dc_run_length,benchmark_market,False,0.0,1.69744297083742,,,,,0,0,0,0.4997146089519098,0.0002853910480902222,-1.0,-0.0028758044905176612,0.0016480058421644399,-0.0013260528559543914,-1.0,0.017607728173659003,0.002464206741355557,0.015454078583114745,0.5330179648361466,0.03301796483614661,501,,0.003343834879097618,-0.0013590301458668765,-0.003973426415698149,7.084793795208988e-05,,0.003058443831007396,3.2977289912485084e-05,0.02158115458935715,0.0
val,mkt_dc_tmv,benchmark_market,False,0.0,0.03218922229100938,,,,,0,0,0,0.5454235426989775,0.045423542698977526,1.0,0.05028186306987094,0.012111102329257521,0.0036838997251760043,1.0,0.04349500514075483,0.01810931687342021,0.06583210147425415,0.5405564951019497,0.0405564951019497,501,,0.0026515890469007153,-0.0010607555450007121,-0.03528709644609147,0.0043266183160564076,,0.04277195365207681,0.0047446552701767165,0.0787821015868463,0.0
test,open,other,True,0.0,152.14748491501365,-0.09513863310896606,0.31462372568635244,-0.3023886164383213,0.38028169014084506,568,568,0,0.46299406692900064,0.037005933070999364,-1.0,-0.09327739582500905,-0.10106581019598106,-0.011289034121603286,-1.0,,,,,,0,-0.030135890463729827,0.003937987347576444,-0.0041021032577313625,,,0.06500274264523623,0.03306794572342292,0.007186930863871924,,0.0
test,high,other,True,0.0,153.716519781357,-0.09551856594110116,0.3148890588112525,-0.3033403774068755,0.38028169014084506,568,568,0,0.46288295127224904,0.037117048727750956,-1.0,-0.09330750050394007,-0.10086228182564849,-0.011419384713419588,-1.0,,,,,,0,-0.030417139991608076,0.0038522179055539008,-0.003919566615280659,,,0.06510142594949309,0.033264830822197056,0.007499818098138929,,0.0
test,low,other,True,0.0,150.33745216300412,-0.09683176546659977,0.3150980537950017,-0.3073067710205444,0.38204225352112675,568,568,0,0.46310215215874995,0.03689784784125005,-1.0,-0.0938023633909004,-0.10117342430631238,-0.011501477611850303,-1.0,,,,,,0,-0.030437608097182565,0.0038703794743681907,-0.004157843730075789,,,0.0663941573694172,0.03302746836688186,0.007343633881774513,,0.0
test,close,other,True,0.0,150.34710230459189,-0.09609475032010242,0.3129331777548678,-0.307077539714811,0.38028169014084506,568,568,0,0.4625734057807415,0.03742659421925848,-1.0,-0.09396049502365106,-0.10076582375982214,-0.011656798644449403,-1.0,,,,,,0,-0.02899716516737793,0.005323103346264735,-0.003032680727494402,,,0.06709758515272449,0.032103490872993745,0.008624117916955002,,0.0
test,volume,other,True,0.0,94220023.5355888,0.06688006828851899,0.42097394100578467,0.1588698533898087,0.5897887323943662,568,568,0,0.5119761212453641,0.011976121245364069,1.0,0.05785421453141005,0.100865808260541,0.01020900408230199,1.0,,,,,,0,0.026988732307881243,0.00554990431797564,0.003189135819833151,,,0.039891335980637745,0.006426216927388428,0.0070198682624688395,,0.0
test,return_1d,technical,True,0.0,0.019951962688368026,0.00810926163038839,0.3901654095783075,0.02078416341200753,0.49119718309859156,568,568,0,0.508758186572279,0.008758186572279003,1.0,-0.006922000575323518,-0.0255624097893606,-0.0014710605850658922,-1.0,,,,,,0,-0.018327244502653956,0.014722524170045437,-0.003997511525081112,,,0.026436506133042346,0.005964337597766434,0.0025264509400152197,,0.0
test,log_return_1d,technical,True,0.0,0.02001693728579555,0.00810926163038839,0.3901654095783075,0.02078416341200753,0.49119718309859156,568,568,0,0.508758186572279,0.008758186572279003,1.0,-0.006922000575323518,-0.024327326722332628,-0.0014710605850658922,-1.0,,,,,,0,-0.018327244502653956,0.014722524170045437,-0.003997511525081112,,,0.026436506133042346,0.005964337597766434,0.0025264509400152197,,0.0
test,return_5d,technical,True,0.0,0.043519777747673904,-0.00783183952198037,0.37973891499106766,-0.02062427423895861,0.4964788732394366,568,568,0,0.4973233753502037,0.0026766246497962887,-1.0,-0.02418071528118669,-0.03859603922877611,-0.0016320420765503166,-1.0,,,,,,0,-0.02512818151116023,0.02317169362177751,-0.005436080264187837,,,0.017296341989179863,0.020495068971981223,0.00380403818763752,,0.0
test,return_21d,technical,True,0.0,0.08758608402161507,-0.013615023474178405,0.39717083745346365,-0.034280018043302767,0.4894366197183099,568,568,0,0.503284098995969,0.0032840989959690425,1.0,-0.017418439215121387,0.00036665664568531845,-0.001347161258391615,-1.0,,,,,,0,-0.01027908261950815,0.01226925721962685,-0.003089180255746139,,,0.0033359408546702555,0.008985158223657808,0.0017420189973545242,,0.0
test,volatility_20d,technical,True,0.0,0.009366372214474217,0.07059325650874945,0.38788092377097416,0.18199723725117126,0.5757042253521126,568,568,0,0.5125262700140764,0.012526270014076357,1.0,0.06375943961842129,0.05645942778267183,0.007781339721190075,1.0,,,,,,0,0.02661160746267129,0.00410078798081559,0.003009649057422522,,,0.04398164904607817,0.008425482033260767,0.0047716906637675525,,0.0
test,rsi_14,technical,True,0.0,12.743107056386515,-0.012206572769953048,0.3722570240430779,-0.032790711743670126,0.477112676056338,568,568,0,0.5101155653337334,0.010115565333733367,1.0,-0.02028301787145332,-0.025491376720121518,-0.004833697902520373,-1.0,,,,,,0,-0.019567508929211056,0.02088863671937663,-0.005530150865448594,,,0.007360936159258008,0.010773071385643262,0.0006964529629282208,,0.0
test,macd,technical,True,0.0,7.080565435180922,-0.034443021766965426,0.3914258938066294,-0.08799372323584914,0.44366197183098594,568,568,0,0.49990832958317993,9.16704168200666e-05,-1.0,-0.033660743649395725,-0.03327843064446771,-0.003570098302411423,-1.0,,,,,,0,-0.032443994146121806,0.012718156006651715,-0.004954036412150177,,,0.00199902762084362,0.012626485589831649,0.001383938109738754,,0.0
test,macd_signal,technical,True,0.0,6.612755593697802,-0.02588561673068715,0.38286995004943686,-0.06760942384573339,0.448943661971831,568,568,0,0.49856509281440303,0.0014349071855969675,-1.0,-0.03386589792245783,-0.029196900823191898,-0.003988196369965504,-1.0,,,,,,0,-0.023804406783130186,0.009095685833506006,-0.004650643389063956,,,0.002081209947556964,0.007660778647909039,0.000662447019098452,,0.0
test,macd_hist,technical,True,0.0,2.1848388094811484,-0.05093896713615023,0.31459302542757256,-0.16192020489620707,0.45598591549295775,568,568,0,0.48495645528933257,0.015043544710667434,-1.0,-0.04731999296338662,-0.01947884500055536,-0.0060825913217744144,-1.0,,,,,,0,-0.031031694861482093,0.01956912926656451,-0.0031003358428667643,,,0.01990727227466814,0.0045255845558970775,0.00298225547890765,,0.0
test,macd_hist_pct,technical,True,0.0,0.006397074701611017,-0.04291506615450276,0.34201105395321924,-0.12547859391811572,0.4665492957746479,568,568,0,0.49060542375723454,0.009394576242765462,-1.0,-0.03722226477164574,-0.037292607588899664,-0.004367314614549538,-1.0,,,,,,0,-0.03456602499155691,0.020527018409125852,-0.004197420622052366,,,0.008349041162945853,0.01113244216636039,0.00016989399249717207,,0.0
test,ma10_ratio,technical,True,0.0,0.03251369574448725,-0.014084507042253525,0.37228177857603356,-0.03783292079490523,0.4859154929577465,568,568,0,0.5019241948786793,0.0019241948786793417,1.0,-0.02266748422591064,-0.04445226065356762,-0.0032739879048974997,-1.0,,,,,,0,-0.03129471001811427,0.025650310488003758,-0.005834713181278203,,,0.017210202975860747,0.023726115609324416,0.002560725276380703,,0.0
test,ma20_ratio,technical,True,0.0,0.04701479106783395,-0.021041399914639346,0.37500563073361853,-0.056109557271117064,0.45774647887323944,568,568,0,0.5032130102292064,0.0032130102292063922,1.0,-0.025159382254036328,-0.033400695170337086,-0.003983554041176907,-1.0,,,,,,0,-0.024734682181490684,0.020461664941463398,-0.003944348910809989,,,0.0036932822668513388,0.017248654712257006,3.9205130366917404e-05,,0.0
test,ma60_ratio,technical,True,0.0,0.08603776677914482,-0.00019206145966708767,0.3877471108175864,-0.0004953266041418475,0.49295774647887325,568,568,0,0.5123587126544066,0.012358712654406578,1.0,-0.010553545936219898,-0.010053496319858397,-0.003931640764491367,-1.0,,,,,,0,-0.001726484705208111,0.01685268233253079,-0.004842057276162558,,,0.0015344232455410233,0.00449396967812421,0.0009104165116711914,,0.0
test,atr_14,technical,True,0.0,6.219164666438682,-0.07582159624413144,0.3529342732929671,-0.21483205792596038,0.40316901408450706,568,568,0,0.47330881970424044,0.026691180295759565,-1.0,-0.06593576370227067,-0.07593602119042896,-0.011209499044587514,-1.0,,,,,,0,-0.03906849651530503,0.0014822036254494853,-0.004049731129448477,,,0.03675309972882641,0.02520897667031008,0.007159767915139037,,0.0
test,atr_pct,technical,True,0.0,0.013925465998656362,0.018907383696116088,0.3555548139353892,0.05317712756253641,0.5422535211267606,568,568,0,0.5041347651090777,0.0041347651090777315,1.0,0.024234420869750035,0.0234703911178338,0.0019258428838420903,1.0,,,,,,0,-0.028646648859414814,0.006383669972441441,-0.0021197089067495397,,,0.0475540325555309,0.00224890486336371,0.00404555179059163,,0.0
test,hl_spread,technical,True,0.0,0.01351786626641614,0.057063593683311986,0.3729071325198293,0.15302360482546584,0.5633802816901409,568,568,0,0.49500446735447257,0.004995532645527434,-1.0,0.03748603398064935,0.04465323246694696,0.00400086883757159,1.0,,,,,,0,0.004567969461586479,0.009237086619275192,0.0027404165768994864,,,0.052495624221725504,0.004241553973747758,0.0012604522606721033,,0.0
test,volume_z_20,technical,True,0.0,1.036581864140447,-0.0027315407597097727,0.33940277859015594,-0.008048080133746431,0.49471830985915494,568,568,0,0.5086805318803446,0.008680531880344566,1.0,0.01926025877744326,0.009687344627995623,0.0025882301082725966,1.0,,,,,,0,-0.006000225149161317,0.002978516720090252,5.2456936878077925e-05,,,0.003268684389451544,0.0057020151602543145,0.0025357731713945186,,0.0
test,dc_event,dc,True,0.0,0.39252565636397946,0.021442985784904695,0.36505170572657325,0.05873958523827764,0.5274463007159904,419,568,149,0.5044459520818781,0.004445952081878146,1.0,0.005723890920614109,0.0028652448795173603,5.351357795252594e-05,1.0,,,,,,0,0.002366247585967941,0.0006430230249045987,-6.584644216123172e-05,,,0.019076738198936752,0.0038029290569735474,0.00011936002011375766,,0.0
test,dc_trend,dc,True,0.0,0.9847176406447227,0.006788684954914013,0.3681319814209326,0.01844089972490501,0.4797047970479705,542,568,26,0.5095539261959706,0.009553926195970619,1.0,4.274708854203744e-05,0.004369166333543729,0.00038980187763867566,1.0,,,,,,0,-0.026298428325765094,0.014738465343742624,-0.0037090849961620214,,,0.033087113280679106,0.005184539147772005,0.004098886873800697,,0.0
test,dc_run_length,dc,True,0.0,1.3225735936778555,-0.01638761752563769,0.35492816574701647,-0.04617164572202014,0.4910394265232975,558,568,10,0.4952707029934053,0.00472929700659469,-1.0,-0.022861480949741483,-0.011594780726378245,-0.0019067757493097144,-1.0,,,,,,0,-0.0010525506772941224,0.0008850509513144145,-0.0005951338511637596,,,0.015335066848343567,0.003844246055280276,0.0013116418981459549,,0.0
test,dc_dist_extreme,dc,True,0.0,0.006747520426073842,-0.012030665990181955,0.3448838884642102,-0.034883235757272604,0.478494623655914,558,568,10,0.4950605933879113,0.004939406612088693,-1.0,-0.009791266778356874,-0.01675338184416115,-0.00034688237587607654,-1.0,,,,,,0,0.010957965272974424,0.005485238346832011,0.0015745614457862954,,,0.02298863126315638,0.0005458317347433184,0.001921443821662372,,0.0
test,dc_tmv,dc,True,0.0,0.05953275684885657,0.025245411865130168,0.3370995654953921,0.0748900753640255,0.5123239436619719,568,568,0,0.5077037242432645,0.007703724243264487,1.0,0.013391240271374626,0.01603237463378069,0.004347664049414416,1.0,,,,,,0,-0.013668600902643458,0.002505854360815185,0.000549836739483155,,,0.03891401276777363,0.005197869882449302,0.0037978273099312614,,0.0
test,dc_event_density_20,dc,True,0.0,1.785496614324233,0.03334006000444389,0.3908541302469303,0.08530051859342155,0.5369718309859155,568,568,0,0.4979331856505241,0.0020668143494759206,-1.0,0.03269217688571197,0.03818085920207444,0.0030163802033431686,1.0,,,,,,0,0.011674262039731813,0.0009168094035764129,0.0016795388931809194,,,0.021665797964712075,0.0011500049458995076,0.0013368413101622493,,0.0
test,return_21d_cs_z,cross_sectional,True,0.0,0.9487523231023313,-0.013615023474178405,0.39717083745346365,-0.034280018043302767,0.4894366197183099,568,568,0,0.5021186472779947,0.002118647277994712,1.0,-0.005696976563519515,-0.0015850642460392356,-0.0015357293702580772,-1.0,,,,,,0,-0.01027908261950815,0.00026405210817431746,0.0002687503103196926,,,0.0033359408546702555,0.0018545951698203944,0.0018044796805777698,,0.0
test,rsi_14_cs_z,cross_sectional,True,0.0,0.948766728007389,-0.012206572769953048,0.3722570240430779,-0.032790711743670126,0.477112676056338,568,568,0,0.5147442900441886,0.014744290044188646,1.0,0.004744264106004509,0.0017222479265317017,-0.0001771836480375993,-1.0,,,,,,0,-0.019567508929211056,0.0018747179806682945,-0.0008280967446955599,,,0.007360936159258008,0.012869572063520351,0.0006509130966579606,,0.0
test,macd_hist_pct_cs_z,cross_sectional,True,0.0,0.9485703412915808,-0.04291506615450276,0.34201105395321924,-0.12547859391811572,0.4665492957746479,568,568,0,0.4961719393571151,0.0038280606428848785,-1.0,-0.015516998749211967,-0.01971797191525427,-0.0016600060124643792,-1.0,,,,,,0,-0.03456602499155691,0.011285889407492866,-0.0020802948247529056,,,0.008349041162945853,0.007457828764607988,0.00042028881228852637,,0.0
test,vix_level,sentiment_proxy,False,0.0,4.835661969612334,,,,,0,0,0,0.5160562124006083,0.016056212400608283,1.0,0.048509080199628234,0.08112574694735412,0.00409286748676456,1.0,0.05981110782515495,0.15531163726773917,0.0825876197319414,0.5139760696610913,0.013976069661091328,568,,0.006002366912043144,0.0033638079461322436,0.07778361038429149,0.013108732940562362,,0.010053845488565138,0.0007290595406323165,0.017972502559136544,0.0
test,vix_change_5d,sentiment_proxy,False,0.0,0.19207479003684202,,,,,0,0,0,0.4985188788026177,0.0014811211973823069,-1.0,-0.0008204745478859024,0.06743314320055524,0.00020462573248175228,1.0,-0.002693895587284038,0.12909775589967284,-0.033286878728597584,0.4881914427112698,0.011808557288730204,568,,0.010574617169871403,-7.419574736638838e-05,0.03066343059422904,0.013884098366768627,,0.009093495972489096,0.00027882147984814067,0.033357326181513075,0.0
test,vix_z_60,sentiment_proxy,False,0.0,1.2952312198977005,,,,,0,0,0,0.49636222491930226,0.003637775080697736,-1.0,0.01199144545333896,0.026474613588999427,0.0009229906129295277,1.0,0.009902020991404394,0.0506844711729627,0.010526807266825585,0.49257658334899457,0.007423416651005432,568,,0.002016075038743681,4.730624078522899e-07,0.03323542568158771,0.003936721604892224,,0.001621700041954055,0.0009225175505216754,0.023333404690183315,0.0
test,sentiment_score,sentiment_proxy,False,0.0,0.46708660931216595,,,,,0,0,0,0.5036377750806977,0.003637775080697736,1.0,-0.01199144545333896,-0.007152980209282879,-0.0009229906129295277,-1.0,-0.009902020991404394,-0.013694062729165365,-0.010526807266825585,0.5074234166510054,0.007423416651005432,568,,0.002016075038743681,-4.730624078522899e-07,-0.03323542568158771,0.003936721604892224,,0.001621700041954055,0.0009225175505216754,0.023333404690183315,0.0
test,interest_rate,macro_proxy,False,0.0,0.21336881268196514,,,,,0,0,0,0.5070482681362217,0.007048268136221725,1.0,0.004674720376132336,-0.018911569191928424,-0.005781239121255438,-1.0,-0.008969831169774598,-0.036205358779705356,0.01585400764207127,0.5010837561861805,0.0010837561861805067,568,,0.020703333329057716,-0.007387465684550215,-0.09021662933940537,0.022071929301215598,,0.013655065192835991,0.0016062265632947777,0.08124679816963078,0.0
test,rate_change_5d,macro_proxy,False,0.0,0.02734021096524874,,,,,0,0,0,0.4691761380137268,0.030823861986273182,-1.0,-0.06117265953010085,-0.06519725211136075,-0.007054257559567727,-1.0,-0.1190752094063342,-0.12481724177336846,-0.1215544804513373,0.41675750172273385,0.08324249827726615,568,,0.014112005397513283,-0.0027759665964853892,-0.044805151264657055,0.018869788947721677,,0.0167118565887599,0.0042782909630823375,0.07427005814167714,0.0
test,credit_stress,macro_proxy,False,0.0,0.006065582714834954,,,,,0,0,0,0.5136577556960663,0.01365775569606631,1.0,0.05355566939314125,0.06742178797623902,0.005071437413407371,1.0,0.10375028115207664,0.12907601682735048,0.09941710403989457,0.5170581970807492,0.017058197080749182,568,,0.0016090163667121793,0.0018377484914583238,0.04756549002060622,0.005310099559997006,,0.01204873932935413,0.003233688921949047,0.05618479113147042,0.0
test,hyg_return_5d,macro_proxy,False,0.0,0.006079147909146361,,,,,0,0,0,0.5151704438413894,0.015170443841389436,1.0,0.02040877043844456,-0.01165077262028372,0.002954078437197444,1.0,0.034498589474230616,-0.022304886416203703,0.04579946145958264,0.5320929649815198,0.03209296498151981,568,,0.004411089413105529,-0.0011577039620449588,-0.021677211199318352,0.003033876500857624,,0.010759354428283907,0.004111782399242403,0.056175800673548965,0.0
test,macro_news_pressure,macro_proxy,False,0.0,0.5879278793022115,,,,,0,0,0,0.47973780745575956,0.020262192544240443,-1.0,-0.021967777850816397,-0.008117475800523088,-0.00349013868598712,-1.0,-0.0448766281212629,-0.01554054667599721,-0.06449842713116558,0.4371985215811564,0.06280147841884359,568,,0.010229627529836582,-0.0009544012791771785,-0.013301285971419722,0.018620888955179382,,0.01003256501440386,0.0025357374068099413,0.03157534214984317,0.0
test,mkt_return_1d,benchmark_market,False,0.0,0.010186763955025338,,,,,0,0,0,0.5008952386436011,0.0008952386436010817,1.0,-0.019256459070867964,-0.048741951482800895,-0.0029621949000535027,-1.0,-0.027981073972311383,-0.09331430000060441,-0.0023179498785330615,0.5117834993422289,0.011783499342228887,568,,0.00878268300146734,-0.003326590835826003,-0.02808344466274523,0.012877078827653043,,0.007887444357866258,0.0003643959357725003,0.00010237069043384645,0.0
test,mkt_return_5d,benchmark_market,False,0.0,0.020162466777850958,,,,,0,0,0,0.4924984304913484,0.0075015695086516065,-1.0,-0.03570279867606791,-0.07931199743943264,-0.0017595041898861479,-1.0,-0.061366834083980554,-0.15183929443862926,-0.04191300245658027,0.492351061830483,0.0076489381695170056,568,,0.01963551762297966,-0.006116641597616785,-0.07385036951918204,0.020005919531657868,,0.012133948114328053,0.004357137407730637,0.01248353543520149,0.0
test,mkt_return_21d,benchmark_market,False,0.0,0.036140106383879225,,,,,0,0,0,0.5093627567592411,0.009362756759241142,1.0,-0.0075195948074064925,-0.033026537498943534,0.00021529319615838476,1.0,0.01164966758174511,-0.06322783832824362,-0.0148066030761147,0.5199148029818956,0.01991480298189563,568,,0.012905125907966719,-0.0032154137053845427,-0.06271627282193748,0.0009280147662018567,,0.003542369148725577,0.0034307069015429275,0.07436594040368259,0.0
test,mkt_volatility_20d,benchmark_market,False,0.0,0.005189029392562238,,,,,0,0,0,0.5344256507463184,0.034425650746318426,1.0,0.06414528615925837,0.04058300116573025,0.006885123962252866,1.0,0.08777471180005897,0.07769435220582219,0.14968788189659996,0.5448850466704254,0.044885046670425366,568,,0.007627572242717262,0.0015131168972263255,0.06210260643507299,0.014157002759340731,,0.026798078503601164,0.00537200706502654,0.02567210536498598,0.0
test,mkt_dc_event,benchmark_market,False,0.0,0.26539580955267766,,,,,0,0,0,0.5034597374943116,0.00345973749431161,1.0,0.012995714023127405,0.014421484597081568,0.00017422978977949845,1.0,0.03601047114340842,0.027609291364155162,0.04313164296502627,0.5102988160120279,0.010298816012027867,568,,0.0010834362100208828,-5.090079993256419e-05,0.0040730851481277095,0.000662801103736288,,0.002376301284290727,0.00022513058971206264,0.03193738599528071,0.0
test,mkt_dc_trend,benchmark_market,False,0.0,0.8402888965354162,,,,,0,0,0,0.5026642504062034,0.002664250406203439,1.0,0.007251171992445812,0.018814791138646016,0.00196710636234378,1.0,0.024254953222963702,0.036020081497554236,0.00851095829636134,0.5093842009647309,0.009384200964730915,568,,0.012009361671677488,-0.0033212098424616624,-0.0630588099508217,0.007984376165262153,,0.009345111265474049,0.005288316204805443,0.0873137631737854,0.0
test,mkt_dc_run_length,benchmark_market,False,0.0,2.8917402087477715,,,,,0,0,0,0.49755545555146447,0.002444544448535535,-1.0,0.0019392911375198888,-0.00914698343742031,0.0005445574672193363,1.0,0.016360741323959933,-0.017511493295076206,-0.0023677033377455577,0.5080811877466641,0.008081187746664109,568,,0.003343834879097618,-0.0013590301458668765,-0.003973426415698149,7.084793795208988e-05,,0.000899290430562083,0.0019035876130862129,0.02033416773965808,0.0
test,mkt_dc_tmv,benchmark_market,False,0.0,0.06596272497720417,,,,,0,0,0,0.5006679566184273,0.0006679566184273344,1.0,0.0019502450035626519,0.017564160466532884,0.004171166283579993,1.0,0.015794369157076157,0.03362580465435689,-0.002160590962293975,0.490809998120654,0.009190001879345988,568,,0.0026515890469007153,-0.0010607555450007121,-0.03528709644609147,0.0043266183160564076,,0.001983632428473381,0.005231921828580705,0.05108146560316763,0.0
