bootstrap_id,cumulative_return,annualized_return,sharpe,max_drawdown
1,0.34096715777065967,0.13849789237172105,0.7183313842597895,-0.22004472183646084
2,1.0745532227107786,0.3807467363044954,1.7355182993652154,-0.1242620585964912
3,0.04018537334869832,0.017571065484168757,0.18901105082920316,-0.25849136971611053
4,0.011559479131850292,0.005094125998964971,0.13052496158742327,-0.2613549249978494
5,0.33199189102216353,0.13512268819542061,0.7407845745263069,-0.2257848968099313
6,0.16561394060983714,0.07009959010829503,0.4128878646030811,-0.18067756369457677
7,1.1713831909972017,0.40887663365984594,1.9595378903794098,-0.10520621678010611
8,-0.0006042086140992664,-0.0002671688441587827,0.09744501303182346,-0.17488750039311263
9,0.41220388351678516,0.1648511428723729,0.8415494344472255,-0.229298212148612
10,0.07274029900038825,0.03152990076946205,0.2507610131459123,-0.3321361022222773
11,0.6943964848338819,0.2625504915479857,1.2560720214033816,-0.125426972015789
12,-0.1546533030931886,-0.07158589988973518,-0.1905851808499533,-0.335030743251321
13,0.23730657112908138,0.09871412958954906,0.5608188992527051,-0.1742929911164588
14,-0.11419140935137051,-0.05219567258937019,-0.11676677545354971,-0.2511041546831534
15,0.2715305793183498,0.11204773886445363,0.608011975867904,-0.22538141133800904
16,0.667699669670025,0.2537168629282307,1.1710929058723993,-0.16064470273258036
17,0.03423182126009827,0.014992069042787382,0.18478017395315485,-0.24406095107371217
18,0.23070478985644627,0.0961185048534241,0.518330161557582,-0.14778604504072956
19,0.5938233869374425,0.228852835007177,1.026741937929591,-0.21976645694030683
20,0.4050933066756661,0.1622544852192076,0.7939291778218781,-0.21098746893230047
21,-0.051651977065835464,-0.02317375844842784,-0.0010964252841320855,-0.2772274181313352
22,0.14453499775913703,0.061500550122280284,0.400303384835056,-0.2820103367225164
23,-0.19014647526950568,-0.08902591760457168,-0.31488699557920724,-0.3385560044166718
24,-0.012486801460862007,-0.005539835056230236,0.08095960588173048,-0.21929519342183235
25,0.3228137688926387,0.13165805159802213,0.7190360085870712,-0.1825443879652443
26,0.28020062620146025,0.11539369192641269,0.5871589813097299,-0.2933336917854681
27,0.06475996145237706,0.028130221444533365,0.2393137513034042,-0.20591206162324005
28,-0.025930822588071667,-0.011548212707270245,0.0722849488192017,-0.33735932720054496
29,0.713364781566374,0.2687797632838216,1.1805700286228495,-0.13798998414933394
30,0.5522788291983995,0.2145872690900974,1.0509579586693891,-0.18426860827539437
31,-0.09337146709918598,-0.04241065277461531,-0.05986353622251859,-0.28393038774667
32,-0.30555659227883236,-0.1488877876517205,-0.5262313634943899,-0.4931464272538002
33,-0.11941431683966675,-0.05467043049487841,-0.1124164831551643,-0.3328410875969281
34,0.35502667935187726,0.1437598238015685,0.7454067001525937,-0.1524311147354126
35,0.08159678539319826,0.035286348265555656,0.2666523685082492,-0.28772565456848687
36,0.34118847887744064,0.13858096206648707,0.7349281028883446,-0.17564192348157148
37,-0.40072191830573434,-0.2025777624871764,-0.7956763706507114,-0.5371906925402996
38,0.11782827030507392,0.050477806327419605,0.33111582815365054,-0.2923896686340012
39,0.46989528952222526,0.18565461773838798,0.9315635868286157,-0.16425389666784307
40,0.37288542631508403,0.15039992876047092,0.7636629021014442,-0.1784407152313977
41,0.0033259979497648473,0.001469079306597898,0.11645189842610366,-0.34115545529794744
42,0.4250741757511538,0.16953266253566213,0.8652375817615521,-0.1694314745402642
43,0.22608608637829608,0.09429794618006127,0.4994699794248272,-0.36595097882628613
44,0.3954741260966448,0.15873003527670848,0.7409445221839702,-0.2680176368288192
45,-0.2749046196272007,-0.1324790812437403,-0.5452654366800739,-0.36146758771874254
46,0.8686284760886978,0.3183834145988953,1.476180877133597,-0.1884033291191871
47,0.07654697421918688,0.03314660071353481,0.25711825064336574,-0.26570859240983846
48,0.13195908060268557,0.056328136949370666,0.36637111508167464,-0.20477740483595597
49,-0.1617303857544775,-0.07503022602214404,-0.24769457879202725,-0.3261598533951995
50,0.09352740017085148,0.0403196489074924,0.28572902690599705,-0.3426818023473832
51,-0.28578415871528207,-0.13825803402083559,-0.5094140684169348,-0.43006487572169183
52,0.5850372387384841,0.2258533056199763,1.024587112957868,-0.1764042776873609
53,0.4616279832646957,0.18270174763867475,0.901972502023356,-0.19525338531929926
54,0.3152537289055397,0.12879413638474824,0.7644229755882583,-0.14969475070381932
55,0.11639528763601414,0.04988223498597666,0.3394984189238494,-0.36949167829450613
56,0.24624123556005117,0.10221470077342931,0.588766811367427,-0.16364829195177366
57,0.3515733471742053,0.1424702088079013,0.7240764437421621,-0.2866458242168288
58,-0.24231165239028485,-0.11545045449120872,-0.386101754623179,-0.4709351913337878
59,-0.27631670502957695,-0.13322640289555987,-0.5345852842239508,-0.355470078390838
60,0.22227836674039003,0.09279417436357895,0.5320418193523784,-0.18768366339335962
61,0.2423048575582052,0.10067417250212163,0.5881414637191412,-0.21437729992901744
62,-0.1236214268713518,-0.05666983662026204,-0.14530593158083083,-0.4100632560758496
63,0.07158350904815958,0.031037976659013422,0.2493278431849777,-0.29009688204413475
64,0.20142584941307917,0.08451222201420272,0.47794580161231154,-0.29069301436748796
65,0.28975741402620203,0.1190672420783474,0.6002837896152655,-0.18430775244736597
66,0.13492266216290427,0.05754991926223996,0.37587191364208933,-0.14187889181337854
67,0.2524498616280537,0.10463898133094007,0.5689161654235824,-0.22385162059757358
68,-0.039159043784793846,-0.01750547295553362,0.037888462450822204,-0.24285521704957336
69,0.1310198558508422,0.0559405546947922,0.35642426641395125,-0.19946998913667113
70,0.22082998893473138,0.09222148461124369,0.499853450364773,-0.23763001766745118
71,0.8010588680494837,0.2970903641286433,1.2909173382005108,-0.10947481343303678
72,1.0035105377255897,0.35963917223230046,1.7488964020797784,-0.13363652785896374
73,-0.026868147585534574,-0.01196884072020532,0.04810113568387542,-0.19799667365404305
74,-0.19022901026623362,-0.08906696406523418,-0.31590552606818023,-0.29280756161856814
75,-0.04165440278464738,-0.018634364669600445,0.004470211380642034,-0.21357002965869198
76,-0.23277744693037217,-0.11054674677320031,-0.37020936490470496,-0.2883554330384026
77,0.1514012745464346,0.06431124055477677,0.3931282769198178,-0.21215958873769136
78,-0.035403763632157914,-0.015809675864119188,0.04291704610550736,-0.28843400358985194
79,0.622871437029797,0.2387044982971096,1.0786702579701244,-0.22685446842986556
80,0.5906490981046466,0.2277702219394313,1.0078847491591105,-0.26165289496055644
81,-0.20621856036829234,-0.09706339916706508,-0.32438835766720003,-0.4307051664568353
82,0.6599652381591135,0.25114292217647294,1.2170290857406856,-0.16653313747074416
83,-0.11279832106654919,-0.05153696492573123,-0.12591753476254083,-0.3484723570394862
84,0.028640418984984706,0.012562398000578234,0.1709287670623146,-0.22968043618947986
85,0.3162539717270658,0.12917357735982438,0.643329122967459,-0.23251417197831992
86,-0.032893076403586186,-0.014677961531045391,0.012934775601725703,-0.2679464654807745
87,0.45292626383743606,0.17958363342693562,0.9086737628565383,-0.16310421237966277
88,0.32282862136347945,0.13166366905227478,0.6978501397157131,-0.20418439730584415
89,0.43371489218145953,0.17266246885506709,0.8437962800376739,-0.25599460683255704
90,0.3469025412907323,0.1407230113992115,0.7804179055068798,-0.17303940748240598
91,0.5503109016921655,0.2139062685922435,0.9527934632706953,-0.2083133192565233
92,-0.34017934018914087,-0.1679158597845024,-0.6133992447416987,-0.4038910703521691
93,0.04970485588078821,0.021677720110073073,0.20815201367349961,-0.2231332777188515
94,-0.23876488453489142,-0.11362225356725153,-0.44667962882013756,-0.27471896523017414
95,1.3195996887900967,0.45061120913368025,1.9769728448617652,-0.13929908547493597
96,0.14045655984318506,0.059826598270963816,0.3677514319861485,-0.19457797758344597
97,0.342728075244219,0.13915861590040435,0.7395155455549602,-0.41739504415376827
98,0.537159329489939,0.20934274040962975,0.9481595241610814,-0.15533373560186536
99,0.1775983867602653,0.0749499323072329,0.4519085570729467,-0.21467162577304666
100,-0.05934888380681547,-0.02668675528917741,-0.009800518635561218,-0.2681537408330197
101,-0.28019133962168374,-0.13528117425301134,-0.4785624183669582,-0.2919115982171412
102,0.10436667229173713,0.04486603814246837,0.32425864902994145,-0.13798998414933406
103,0.3076146696693154,0.12589094316375027,0.6267609401974016,-0.2108634018503811
104,0.313306103653729,0.12805484477469253,0.675514032035299,-0.23077497754818554
105,-0.22848756017669103,-0.10835142929003228,-0.41446401529820126,-0.4224430201231383
106,0.6474017189301251,0.24694760824294026,1.206987920061823,-0.23197665241099985
107,0.12957773697589925,0.05534509752466943,0.3522996597789425,-0.23958977353060196
108,0.10399008073803806,0.04470850029835116,0.3069738924554652,-0.2769802253070298
109,0.41932367908031565,0.16744386894510765,0.7689620961978691,-0.1771418894095501
110,0.6795000087840277,0.2576310978777683,1.174971918109649,-0.21923111396040684
111,0.47403297258222943,0.18712901342383081,0.9407225914025159,-0.23582036214064306
112,0.5480219286731183,0.21311356344456645,1.023195646433253,-0.1739690045464658
113,0.16706430255520166,0.07068805543334089,0.436159287769958,-0.22438272948229665
114,0.9276031642304043,0.33661950547673203,1.4221323974683084,-0.12918680959891682
115,0.2752170038030344,0.1134719579808472,0.5748170048049231,-0.330568262263892
116,0.020794527594911738,0.009140611534949272,0.1602382791409801,-0.26475550480020393
117,0.7646949400522056,0.2854463229453994,1.3684470461855827,-0.0950004042117909
118,0.4693923775714488,0.18547525554995548,0.9045687777717497,-0.1437895476145541
119,0.11015209803500103,0.04728247219689008,0.3256631229593944,-0.19207274322993573
120,0.27509846345692957,0.11342619668365828,0.6316728636907138,-0.21965183261773613
121,0.36928903796327917,0.14906663917964824,0.7453279671874519,-0.183615477516045
122,0.9683099703797466,0.34902587842245114,1.4202479572932918,-0.16166829254877002
123,0.23494089287297792,0.09778490531492423,0.5486616547446808,-0.23324672038103555
124,0.2862324307047379,0.11771404097548466,0.6067575015198196,-0.2309703131285451
125,0.5356958567939658,0.2088335781494559,1.0147592667174752,-0.15260689584919063
126,-0.1487860911868657,-0.06874258006128531,-0.18435152798423166,-0.38402191202799485
127,0.5510466976622863,0.2141609469006165,1.0850006192064277,-0.15107373287377468
128,-0.12775353143811263,-0.05863881606289745,-0.21693056295713786,-0.32679725622267064
129,-0.1119241188840494,-0.05112390192043237,-0.09750634833599538,-0.33279370676039866
130,-0.2726679297097845,-0.13129701170786534,-0.6169596707514176,-0.31546804462061573
131,-0.043919676621182235,-0.019660587567957077,0.026376929493939792,-0.3254252127260532
132,0.3368889163010469,0.13696581191477164,0.7060001234703785,-0.2410832579791784
133,0.11306302709102112,0.04849564123554928,0.3310593827241413,-0.2292407614166435
134,-0.1777971296842732,-0.0829104107886347,-0.3392598570188071,-0.37986991564666317
135,0.12912224112061543,0.055156933174010936,0.3611913873149371,-0.20496867962426624
136,0.9959417368464809,0.35736594358931484,1.6659378518120365,-0.18934025791269882
137,0.48580864531576395,0.19131248919455301,0.9697438968615236,-0.21651711449866018
138,0.02987973235204411,0.013101559831418808,0.1711495570445353,-0.26415477842311774
139,0.4810975097114705,0.1896410187969766,0.9665878157934226,-0.1755546509255128
140,0.34194145091612005,0.1388635220385115,0.7042044663506334,-0.35670015621148143
141,0.8112554375501531,0.30033180204783605,1.3453574468950422,-0.1606311699026487
142,-0.3857541382437728,-0.19383304934540235,-0.8564768028518412,-0.46895543690551655
143,0.7823527005314714,0.29111704026466323,1.3425344180384085,-0.1011378098141803
144,0.17113824848720505,0.07233882627207144,0.40927494789303825,-0.18203256661820377
145,0.6721215991624363,0.2551854450188944,1.2530218155289954,-0.1378346379546289
146,0.5884618586289165,0.2270235472977553,1.1012819275183383,-0.10071473903204975
147,0.4326172656096454,0.17226547544266269,0.8708211541519179,-0.15056517970514427
148,-0.381609425563048,-0.191432627848787,-0.9311874724493117,-0.45934124840809953
149,0.43576907354921635,0.17340497699900648,0.8761507066786509,-0.17984825461209109
150,0.31612230811680586,0.1291236401152256,0.7288015413260874,-0.14904789254199313
151,0.22991847030031942,0.0958088300992519,0.5426579045155293,-0.14751465306465406
152,0.596029139914257,0.22960441406476373,1.084166734989656,-0.15092717572816394
153,-0.3931938395095381,-0.1981645464915407,-0.9132751434274872,-0.4623614015862807
154,0.003845202427998684,0.0016981644448583744,0.1105309355760871,-0.20495944923856002
155,0.15832388867890423,0.06713554197211846,0.39153180175132396,-0.2572494360416565
156,0.43761242827721647,0.17407077497971324,0.8756007376496978,-0.18682740805673925
157,0.7262077721247844,0.2729756403256378,1.2481448007196654,-0.25896090847656805
158,0.7120615304162419,0.268353004583479,1.250937025574626,-0.14616045093420704
159,0.03646467282639687,0.015960277694635705,0.18621717529635462,-0.33886793743140176
160,0.013706244063483641,0.00603659830277925,0.13654535715194635,-0.20613574797488576
161,0.2946644690671212,0.12094757398523148,0.6490164946599056,-0.2189161600675561
162,0.213465287327387,0.08930359498245899,0.509738467576881,-0.20426531418274618
163,0.6675789549815698,0.2536767415173429,1.083623330342807,-0.14706327635338345
164,-0.036841651603572334,-0.016458556707542815,0.04224784022679855,-0.2772933372655233
165,0.3546923674999898,0.14363505835045332,0.7792069995524215,-0.1262191287413552
166,0.26849251597142265,0.11087227617787732,0.623064628612989,-0.20101061390769004
167,0.2177158585394019,0.09098886995963684,0.5297464683514093,-0.17938825287721638
168,0.025699358823978002,0.011281440987356506,0.1588176095466891,-0.2672499540130817
169,0.779439052954132,0.29018350047889174,1.4763206483000397,-0.1221754808687543
170,-0.12967359595264238,-0.05955551234943279,-0.15784071235953778,-0.26057058203246064
171,-0.2235187538736395,-0.10581717482019726,-0.40717721374388566,-0.3263066748603375
172,0.07728601698532733,0.03346010326387794,0.26392347128212773,-0.3032374302444024
173,0.15770271884535214,0.06688250114842065,0.4125012809319963,-0.23906977313918198
174,0.29950900024192983,0.1228000510467917,0.6407320419965609,-0.21055490043933123
175,0.4051817662734316,0.1622868340869652,0.8191241022617263,-0.24088864642787922
176,0.4854424309634515,0.19118266557250885,0.8909580964392192,-0.15364202068489874
177,-0.0007005029185701561,-0.00030975656485177083,0.1083845873088516,-0.3996984479004517
178,0.30509549910235356,0.12493146882885164,0.6787996737163767,-0.16388558950687182
179,-0.0546285737901977,-0.02453043386184872,-0.004462694335693037,-0.3273515232326929
180,0.6954634496519492,0.2629019170150797,1.1429720697519905,-0.2741705992745651
181,0.17329317646071085,0.07321071197180995,0.4155724583681777,-0.21834689379675265
182,0.44154024042451767,0.17548786749956236,0.8431662862616194,-0.16838682071597189
183,0.20924977291955882,0.08762896350019211,0.5076518049670188,-0.2780494885504893
184,-0.27101907906433664,-0.13042690767127973,-0.5358244376201794,-0.41980609294188653
185,-0.016395946369172854,-0.00728217230987116,0.07301943799057298,-0.2677245076418535
186,-0.010889140700729882,-0.00482885263992594,0.08557418407570187,-0.20718193779653216
187,-0.031114722695948616,-0.013877344318553697,0.049624699048288035,-0.3160309349025314
188,0.40770218975967576,0.16320805305069985,0.8210814997091701,-0.19936848103930616
189,-0.29316897223572946,-0.14220870209734293,-0.5210491503313107,-0.3987345139137569
190,-0.13564745415651702,-0.06241484912372186,-0.17637899973539586,-0.2783181561505511
191,0.32600757245846257,0.13286519307387157,0.6858386095477275,-0.19142870641282972
192,0.23202773430511714,0.0966392685969808,0.5338413236769473,-0.165484830466197
193,0.20289301309091456,0.08509754268068326,0.48382840955367906,-0.1856981475674433
194,-0.10809478180732968,-0.049317197135873125,-0.1704966685368391,-0.22295362010537134
195,0.36876930366731187,0.1488737965101905,0.8254853352880529,-0.19001258421487865
196,0.18927858831969258,0.07965071266472634,0.43837794438688465,-0.1892891350436351
197,0.25851942338651157,0.1070024890491974,0.6206008675682646,-0.183615477516045
198,0.11723989747626362,0.05023332040107609,0.33918001638029605,-0.25346307801965406
199,-0.2347365220017963,-0.11155156654315446,-0.42567283378969356,-0.42149269217194885
200,0.4912947722320429,0.19325519780161837,1.0117326152830262,-0.13292578427238755
201,-0.11279440156125775,-0.051535112441757014,-0.11648126520919211,-0.34336448783211426
202,0.32029338300847043,0.13070428914229204,0.6959774666159985,-0.1974837473560087
203,0.8307614994897179,0.30650443443472564,1.3383324825850758,-0.1527293806107355
204,0.15858821434412795,0.06724319517317401,0.4172397169106549,-0.26840668319182603
205,-0.10809600404077546,-0.0493177731020068,-0.10674088026753223,-0.3175849360653884
206,-0.020107560972492,-0.00894004763470857,0.048107747399666424,-0.2472305973649791
207,0.13341804794109557,0.056929841517616486,0.36865640082606266,-0.1926886268437603
208,0.06081312599371702,0.02644358759194021,0.22877745745247483,-0.26808510447416345
209,0.2552320027651207,0.10572314781713787,0.561931927510783,-0.15897948888109337
210,0.19783294399770535,0.08307715675882976,0.5073448118357432,-0.20953956430009235
211,0.7128370678777523,0.2686069815732839,1.2271701090889051,-0.127269467831442
212,0.7905040003442005,0.2937242228011776,1.3084366721889733,-0.10947481343303678
213,-0.12950543606331566,-0.05947518273204,-0.1158617321668355,-0.37155899616736165
214,-0.15861954259413946,-0.07351422785367612,-0.1709297477799496,-0.2697578923312909
215,0.4428856373380339,0.17597277004904033,0.8012086942708109,-0.17143127744293507
216,-0.0036239294900142216,-0.0016037809545997872,0.11899840462969588,-0.34616677582169686
217,0.2671344168696532,0.11034630357627395,0.5919076725912653,-0.28076953853705733
218,0.06996527662828433,0.030349327099871592,0.24933650516914668,-0.19865521497219152
219,0.21586756876311108,0.09025646025719047,0.503087033536332,-0.20189077434079283
220,1.0613561127973763,0.3768565850437997,1.5777950614911629,-0.1456531238397083
221,0.3403982214821799,0.13828431520701145,0.6827481395421136,-0.1725119458373987
222,0.2628839723990801,0.1086981310083821,0.6481657263267951,-0.14172454046195448
223,0.41481146943961855,0.16580155902280103,0.9247901535012272,-0.16859795392270271
224,0.16499077479969726,0.06984662329597824,0.4356693408734862,-0.24320523803518523
225,0.47810029786708896,0.1885760895680022,0.8694538861221963,-0.23240852998977168
226,0.22312093064490712,0.09312715064025756,0.5086365808111803,-0.1723505758608742
227,0.8628928956011899,0.3165928330281218,1.615258640489769,-0.11156146799156164
228,-0.17645719522347258,-0.08224995354231557,-0.2506259569363675,-0.3524294933107279
229,0.3206028425194871,0.13082144923876315,0.687752157885509,-0.14983322816008848
230,-0.1260340222080233,-0.057818825939700336,-0.118589098134726,-0.2927334005830212
231,0.1470633557284018,0.06253661750009387,0.3662526578799264,-0.144658156721858
232,0.07891912147401992,0.03415244227972947,0.26098177767333025,-0.2650672358074879
233,0.4313737685825578,0.17181551802278738,0.8334867186270394,-0.3706822504280418
234,0.42351285722395926,0.16896599952314717,0.8708186034280231,-0.10834520020956384
235,-0.10349585770650316,-0.047153106630460795,-0.0927420113074842,-0.37393161252902907
236,0.2894871082099555,0.11896354784208696,0.6210497818499686,-0.16093478983942955
237,0.171913107969226,0.07265243805372346,0.4495392498378052,-0.2844477804537502
238,0.11386777488145694,0.04883071836490793,0.3244341658975239,-0.18676717603016968
239,0.059457339051759206,0.025863400263199,0.22667823312304333,-0.21217796747190498
240,0.9763818090328402,0.35146890905965456,1.524137948228938,-0.18904110016070663
241,-0.06410780505334468,-0.028866834822646847,-0.003972256820648831,-0.24044192160205913
242,0.13575064201813491,0.05789094857291177,0.36069023719946336,-0.42119673383210543
243,0.007720481395630863,0.003405943949933432,0.11883246527860564,-0.36164913092873574
244,0.030406972130563092,0.013330825126784518,0.1698462263768265,-0.2666303669301485
245,0.2186365779700874,0.09135348600767301,0.5329270367751847,-0.20893030542494895
246,-0.1378780569937601,-0.06348533436120685,-0.2588311358796006,-0.2207732438323129
247,1.18711193037396,0.4133794161300455,1.6753880695085273,-0.1820283806507672
248,0.09371559465190837,0.04039879853085071,0.2965181276981631,-0.21023219040154506
249,0.24462459023255723,0.10158234462179738,0.5708538736154568,-0.1978953732624762
250,0.20157435681076485,0.08457148673980752,0.47341798777744054,-0.3093355074810098
251,0.499893777729969,0.1962922113967016,0.9622011247509014,-0.1700274034150827
252,0.2564620758830407,0.10620206491024486,0.5835509753107293,-0.21095557975191015
253,-0.34883512988160414,-0.17275948939310015,-0.7168723573610958,-0.45411405245334824
254,0.16549348545891363,0.07005069864386648,0.42986673653346685,-0.18631080590501725
255,0.15098158142937868,0.06413970915196154,0.3944764935276701,-0.20248581432579404
256,0.6322049986436291,0.24184906969921194,1.1112159662103005,-0.17916546184755822
257,0.17989696617197892,0.07587706082790091,0.4486946011565439,-0.20647556892251784
258,-0.0065264111560475735,-0.0028906314710129832,0.08692893703840947,-0.20710807727212355
259,-0.018141245298977537,-0.008061313425846706,0.0642609487205997,-0.32136533909911835
260,0.5139079226097372,0.20122101080727095,0.9834977111211627,-0.13552648327751304
261,0.14412740163884163,0.06133340641848117,0.3827611804133712,-0.2366334226183725
262,0.1958784087723595,0.0822954747282938,0.4959562632714306,-0.24198442161297629
263,-0.3619856979135029,-0.1801875697877191,-0.7490387796475085,-0.4551893646280264
264,0.4521642337497258,0.179310077254206,0.8771263571179364,-0.1217191201474167
265,-0.18711644183381393,-0.08752062810137284,-0.2757237363249138,-0.3801067545331207
266,-0.05518357646252081,-0.02478365686150652,-0.02209979468729751,-0.20944823439141858
267,0.3442024944957822,0.1397114691110004,0.6957152509884539,-0.14022189318366607
268,-0.20040548950670967,-0.09414595268176429,-0.31972224566216234,-0.2961645070939428
269,-0.14965916122234169,-0.06916498608930444,-0.2393404207784363,-0.25782267145647897
270,-0.067689484289433,-0.0305116974602605,-0.03949166813698898,-0.3228255025531346
271,0.059598114733877106,0.025923662228503508,0.22782069954873635,-0.324048932311631
272,0.7689908288878664,0.28682883328366904,1.3664756482079254,-0.19097888197992985
273,0.3897851572707063,0.15663922629093485,0.7848221901279094,-0.22047858304728607
274,0.4133818295579128,0.16528060324154792,0.8025584059158128,-0.13264253841596052
275,0.11598884568774404,0.049713233348300134,0.33703622394927235,-0.22010329744972712
276,0.47227055639735327,0.18650128789571463,0.8475921519520723,-0.26010020275744106
277,0.7782239454929183,0.28979392511468616,1.2786182782032292,-0.1716081005662493
278,0.07993945035078509,0.034584704230932406,0.2623955101456268,-0.3133466168381872
279,0.16305434686993103,0.06906007109627454,0.43776913220779196,-0.2676771655097925
280,0.08655860792360426,0.037383390723024545,0.278361932356526,-0.33309811366435926
281,0.2673368295906764,0.1104247151015032,0.6444851882317693,-0.2521236015454832
282,1.2281489617397212,0.4250430087283479,1.9366401190345948,-0.13035592455228162
283,0.22136405751902322,0.09243269985342217,0.5615537453872045,-0.17377776707920944
284,0.33637542146174026,0.13677272164478937,0.704104417556837,-0.14517978790688468
285,-0.4659632728663682,-0.2421944863190244,-0.9802554929435382,-0.5261308542190126
286,0.14493089954401284,0.0616628665185075,0.39474200713921037,-0.2170861753333383
287,-0.2948736089293955,-0.14312390202652603,-0.5383650046704525,-0.38264526835029355
288,0.3297072872651101,0.13426152449282092,0.6786221608241533,-0.24818559194956957
289,0.10957547443632376,0.04704194599981926,0.3380152099856487,-0.18259242172195922
290,0.3314782979776223,0.1349291651185669,0.7099814623590244,-0.1929821177211234
291,-0.32220821160190416,-0.15797150905813673,-0.7515031475914828,-0.46562419724089277
292,0.006738433791445564,0.00297351684094993,0.11444507135015082,-0.15729407792045114
293,0.42084246234562217,0.1679960054563947,0.8127567612515508,-0.31840829977536467
294,0.3936452135472386,0.15805839311091674,0.8188213282507943,-0.210448355727492
295,0.5561278715009665,0.21591783762565142,0.9711480528493744,-0.16035042176408631
296,0.17623019163880116,0.07439759348140162,0.45434910650005383,-0.1606311699026487
297,0.370393024620411,0.14947612790719655,0.7198197694588323,-0.2100743962874847
298,0.40583422843984396,0.16252539846189817,0.7894436843806985,-0.1542385121500196
299,0.43915743805936946,0.17462844748771644,0.9369435854160619,-0.14123978066666265
300,0.13874105721937324,0.05912149054584814,0.38997629440412823,-0.15205291073875193
301,0.19421675873794864,0.08163036625347075,0.48389946567132036,-0.23549260282629947
302,0.09020003714532532,0.03891899109366426,0.28449911940187783,-0.20096366444650982
303,0.4804425282944731,0.18940840229276912,1.016267404276176,-0.1573960484506195
304,0.02182275564199876,0.009589880584971011,0.14690544802144923,-0.26035393655681394
305,-0.08586644674568933,-0.038914199030075314,-0.10140918651675285,-0.2645211492338283
306,0.33371212840922637,0.13577057466595832,0.6570560327709897,-0.21348173722439412
307,0.6891804526399232,0.2608307109995991,1.2131537452322663,-0.15619585858948348
308,-0.06494689141169474,-0.029251864280300577,-0.02448557016798697,-0.2945159105462729
309,0.3608755839826281,0.1459398672732739,0.7517021904700194,-0.1277414726027578
310,0.3762850304399672,0.15165847414099476,0.6945392915417197,-0.254697028734145
311,0.21391578399465794,0.08948236466896198,0.5071354019452398,-0.21983781098411137
312,0.3179456908480047,0.1298149631429728,0.6330764029304652,-0.3093457486884421
313,0.5080912202189631,0.19917836940856293,0.9668851311429437,-0.23073608756499053
314,0.19808215296450404,0.08317677234397536,0.4921416571729951,-0.2909208220961581
315,0.2864213469840269,0.11778661622330122,0.6496033330822399,-0.1889402077515987
316,0.9635847518365321,0.34759314475664493,1.502307308714005,-0.1528951151226603
317,0.08589561050527861,0.0371034941418773,0.2757613746964139,-0.22911201706461148
318,0.8187967402421328,0.3027226003444363,1.3981172926950187,-0.1405388821061918
319,0.7134333782888014,0.268802220742431,1.2603227609270302,-0.16325064801051548
320,0.08102165250093152,0.035042929855284344,0.26650382024721103,-0.32637844604428146
321,0.3449550376736856,0.139993514836239,0.7056298571603572,-0.282707559619365
322,0.15363230278656514,0.06522249178883688,0.3901070865226363,-0.24708530198583845
323,0.10887078896814861,0.04674790682867047,0.31328525321512646,-0.22485045178478202
324,0.2751183426648789,0.11343387101570435,0.5692544888814061,-0.19462109331180089
325,0.019606252629179366,0.008621097759822227,0.1454553449425782,-0.26867894010282023
326,0.06960361291341433,0.03019533927442919,0.24804598199863956,-0.20963998131682637
327,-0.2584491363384067,-0.12382949673950738,-0.44002902835007823,-0.5481785502970193
328,0.05281009690635474,0.023012807661304313,0.21402839194249493,-0.31450845543788564
329,-0.06502683941186316,-0.029288559875389586,-0.047680580480918985,-0.32768003405486923
330,-0.20699561346469064,-0.09745428626384856,-0.32043547225784963,-0.3155236269720849
331,0.7166336012088372,0.269849365005838,1.1567403087598171,-0.131025950686684
332,0.5185364738821616,0.2028432850306141,0.975215684132393,-0.2183104277222635
333,0.16968236689878569,0.07174926862650821,0.4125603522991247,-0.23391920143543254
334,-0.2875505286579235,-0.13920091094970433,-0.5587513833333582,-0.41921370544710723
335,0.016185510599286523,0.007123660883329386,0.14479869333055026,-0.29652285657943844
336,0.1918730046591952,0.08069135375794345,0.46798779140267477,-0.31417314224151416
337,0.18528895182197713,0.07804796331117503,0.45911427171152897,-0.16783088651207811
338,0.0371831967171643,0.016271596360620144,0.18548439573406114,-0.232803009668762
339,0.18955630008795987,0.07976216556085092,0.4779370748593832,-0.21790248825236802
340,-0.0842015441203885,-0.038140723558385825,-0.0915933150520763,-0.18936008462151588
341,0.0788883190858447,0.03413938931377691,0.26667912388228315,-0.30553171099800247
342,0.0726886510186815,0.03150794381514821,0.257249377079793,-0.16325843422121833
343,0.15723088669767193,0.0666902441609285,0.4032376530462102,-0.3578330382860695
344,0.36188150095796723,0.1463142723311588,0.7649738760065211,-0.15687149251036037
345,0.19277339175563246,0.08105221077055336,0.4655575333111346,-0.233478188616022
346,0.4596947909622273,0.1820099175555845,0.8570308861131165,-0.17210312948841455
347,0.1813394613385535,0.07645837455227467,0.4587225461200341,-0.25818295378955236
348,0.1285987692801469,0.0549406357843647,0.3476827355083756,-0.1878743386440146
349,-0.03596642592104893,-0.01606352617700557,0.03663612505696565,-0.22613600154920022
350,-0.1327975880817136,-0.06104941418483978,-0.14980309647591575,-0.3751902570250083
351,0.07516803321578003,0.032561331625192924,0.2608937881689044,-0.2878122398034788
352,0.02861542402602213,0.012551520245722703,0.16703452760349136,-0.21316587015197508
353,1.114280177413689,0.39237452710930665,1.7540360562457145,-0.13921997233729522
354,0.7701022361317613,0.28718620322111943,1.2077745544733056,-0.1655707907300925
355,0.37083485105354663,0.1496399577986165,0.7901364879004934,-0.13948241812054918
356,0.1261129905581746,0.05391275286169561,0.3497408442512812,-0.18728907125600436
357,0.17493078586329247,0.07387269288052045,0.44307532005437605,-0.21188027307862523
358,-0.07166518670907374,-0.03234164648083926,-0.030999830949634464,-0.3752084247871864
359,0.14876757936177798,0.0632342534965531,0.3803020928795012,-0.2603932890790642
360,1.4496091199011727,0.4860100234481832,2.084130504157261,-0.09882327777400257
361,-0.14683123946666377,-0.0677976654441792,-0.18423607445514634,-0.2865869576413371
362,0.8484390151140668,0.3120668129796329,1.3588366780269645,-0.14101535691113343
363,1.0517499491570086,0.37401620207753794,1.7591024839256648,-0.19051926715332124
364,0.46877336628895594,0.18525443982186185,0.8617944636855586,-0.16147053873274597
365,-0.4420401799500603,-0.22736955060123376,-1.0494100255896477,-0.4420401799500603
366,0.3350563760858172,0.1362765291350554,0.6759066485418079,-0.25829694074631204
367,0.2358230493375335,0.09813152711627415,0.5339040968680355,-0.14628906187193091
368,0.8504690289967634,0.312703670859946,1.3389144878548358,-0.13941423771210115
369,-0.04989308412656235,-0.022373205361553183,0.004800269958797849,-0.2416683292572247
370,0.34060029958395144,0.13836018057778565,0.7722974415103918,-0.1395539787500557
371,0.34225519522784675,0.13898123149093933,0.7601954642775444,-0.15944840286886341
372,0.3798064794631182,0.1529602995482191,0.8215810652053933,-0.1793113201466826
373,0.15632136040362843,0.06631951692498084,0.4215259188692973,-0.18942604094944493
374,0.05453328703258897,0.023752739560109815,0.21623525370936147,-0.22891735157785398
375,-0.39783707415430636,-0.20088293352778508,-0.8137836375675046,-0.5217352475152446
376,0.16420782795434996,0.06952868822596026,0.41858287744407763,-0.25458909644802397
377,-0.02105421322404677,-0.00936345143968953,0.06246313870834334,-0.24003497529370366
378,0.6591697280005795,0.2508778052768075,1.1647142317121024,-0.24495477830251577
379,-0.2993321267513568,-0.14552348128762227,-0.5657743485105244,-0.4223398400118087
380,0.10753794363969127,0.04619147459720363,0.3229877992680641,-0.26481693621457203
381,-0.2389172672434985,-0.11370070225018258,-0.3918497253553768,-0.36218381261131394
382,-0.39516081069954534,-0.19931469027475368,-0.8232680416322113,-0.4107044130052616
383,0.49536177430184947,0.19469280380199905,0.9660186216852603,-0.12381176303071839
384,0.3418829166543349,0.13884155966720169,0.6813716882219397,-0.15906007846862258
385,-0.1302859572517051,-0.0598481092269505,-0.1602921464910934,-0.18737672995897547
386,-0.03414343852019064,-0.01524136809281329,0.032970947041845035,-0.37022646817697735
387,-0.27532392401642636,-0.13270090598415585,-0.49734383520895575,-0.39015675110324455
388,0.3176733307085109,0.12971173358254795,0.6808639246937126,-0.1647610178518123
389,-0.33798409024289466,-0.1666930794431517,-0.6723314627159086,-0.4496177624447393
390,0.048076990780124174,0.020976944795387586,0.20374448196638348,-0.23016536871110926
391,0.5782672803372106,0.22353575626878897,1.0584092340327704,-0.23474462042667466
392,-0.061003743010824674,-0.027444153130112392,0.0008601975281140057,-0.35260845990585143
393,0.374471487338188,0.15098731022016354,0.8149224079915197,-0.22279735333024175
394,0.1014869410579462,0.04366061042494551,0.29773268938967584,-0.3245841209227144
395,0.1796173442767548,0.0757643296263193,0.4729417220480645,-0.3475314825669301
396,1.1665259750210972,0.4074824473370533,1.6859269824806964,-0.20563155968679936
397,0.6859313415491286,0.25975794705433675,1.1851707016334667,-0.1349849010167815
398,0.459735622963541,0.18202453535591068,0.805962631837224,-0.28429820958055685
399,0.6424297047952281,0.2452823837913236,1.1300612168681579,-0.1606311699026487
400,0.3915538454841294,0.1572897649577567,0.8281507888999845,-0.22025945572211192
401,0.021638780070362573,0.009509513710574069,0.1524060861703176,-0.3268133052606229
402,0.33246200463889464,0.13529979163166805,0.6666457891253602,-0.20722833603796764
403,1.0348299284902498,0.3689951331762409,1.6243010410779077,-0.18052841919535556
404,0.37855572919472635,0.15249812894826342,0.776490912990019,-0.2043512065256704
405,0.61714332768394,0.23676964182961702,1.080214150043797,-0.20709406667453611
406,-0.04780521841549523,-0.021423994130310153,0.03225474833390824,-0.3627290696002462
407,0.01206139411905549,0.005314576485324407,0.1428857881956059,-0.25146584993098176
408,0.6739494800698373,0.2557918758102269,1.197996473891967,-0.1529875287898439
409,0.4248705737678331,0.1694587871291786,0.8957291355097731,-0.19170237383397926
410,0.11917436971314399,0.051036879680670166,0.32958089697582993,-0.24014101691471568
411,0.022805560998398144,0.01001906717284995,0.15466641980428517,-0.1772659367120334
412,-0.38367152820061734,-0.19262577442956574,-0.6884738316074644,-0.38367152820061734
413,0.30490626272572885,0.12485935282557858,0.6861713952060495,-0.18997834394799096
414,0.5619862411666974,0.21793948767010662,1.0034728734755647,-0.21708617533333818
415,0.11567548093769653,0.04958291046918939,0.32761493545272424,-0.1490030015515974
416,0.24985852378139128,0.10362795937393776,0.5232792712698368,-0.19934814741677953
417,0.1021168891255706,0.04392445070815976,0.31266030416464896,-0.31044203374530865
418,-0.2089021315643701,-0.09841424321227077,-0.3952644447121453,-0.3675649599673052
419,0.19090703771905493,0.08030404452016593,0.46636298526306075,-0.26356275258273754
420,0.1569550051866222,0.06657781072801461,0.42268298246625763,-0.20687718204731942
421,0.23998398856227476,0.09976460823931088,0.5491935850200232,-0.2154262291382879
422,0.7203861735927708,0.2710758571066314,1.191152689987607,-0.17143127744293496
423,0.9334260504560643,0.33840306914928653,1.3338110271484833,-0.25985256148207847
424,0.5533771951421282,0.21496714874661893,1.030379400102403,-0.12817317960168484
425,0.01637506279187595,0.007206711278353373,0.13461941431793017,-0.27168863792771936
426,0.8968685420645379,0.3271552352969258,1.4909532842817612,-0.23386645135713147
427,0.1355487970306517,0.05780782521182615,0.36795316839173703,-0.20362570537956548
428,-0.1495964613114571,-0.06913464275162051,-0.23937030261899253,-0.35369364904967815
429,0.602346147637371,0.23175364420333122,1.0894512511473673,-0.11012470629676752
430,0.29421595536580014,0.12077587353029107,0.66484347367484,-0.14059252742518857
431,0.3800227800015967,0.15304020206687308,0.7340251943144348,-0.19688086408997285
432,0.12625031134820164,0.05396956876262671,0.3547701754343378,-0.28697678820998285
433,0.5301624150951454,0.20690596696630936,0.9835694114646429,-0.16489284122089853
434,0.29055447268232215,0.11937293773519175,0.6293037063030278,-0.18417016411624532
435,0.11543229456396298,0.04948175946643163,0.33292737305058784,-0.21263935776912823
436,-0.4219523458431158,-0.21519298961877587,-0.9715886382168964,-0.4628455881929897
437,0.070971565265183,0.03077762817716856,0.24859491418535082,-0.20213838843228293
438,-0.2807703246973511,-0.13558874737079984,-0.45943712454634583,-0.421817108221881
439,0.08952021683575717,0.038632526551612534,0.2853366624746595,-0.262611427731678
440,0.6551474975131777,0.2495362435294095,1.1405521434905044,-0.17158011890961056
441,-0.0004232000281345627,-0.00018712105179430338,0.09751019185461748,-0.16825730183238363
442,0.057668272701556944,0.025097163651293775,0.22272668097960188,-0.1767520286716573
443,0.02023980679916204,0.00889812963299863,0.1465935969493888,-0.3910814948024949
444,-0.22045336355824274,-0.10425823526130462,-0.3218680855650091,-0.3149682107078696
445,-0.1799517485141353,-0.08397368846012088,-0.27252704414394535,-0.4211266724571573
446,0.4778844273446414,0.18849934285106928,0.908944637117388,-0.1389355324062581
447,0.6806350397987895,0.25800678371266983,1.3113569905541196,-0.1567155539740449
448,0.5083647011228909,0.1992745055969316,0.9733765568299805,-0.12361497308769998
449,0.28079117213654503,0.11562113548660147,0.5908120020681067,-0.2829657086718007
450,0.20665580587554522,0.08659687967853769,0.5187750576463696,-0.1433383917025589
451,0.7057960049645948,0.2662987799999741,1.157516748954563,-0.2624820014010397
452,0.03136233019750967,0.013746086985230832,0.17358996524709008,-0.19309256703508582
453,0.06478790425459313,0.02814215002806275,0.2363097446314157,-0.2327013826330666
454,0.04206252210584571,0.01838251201798391,0.19295142347503938,-0.33534230598174775
455,0.03399582301479165,0.014889667415550756,0.17897538563130788,-0.30975012486719855
456,0.4498463480216266,0.17847750206515922,0.858545148488272,-0.17146319750878447
457,0.05930345889089916,0.025797523542006706,0.22611055215085737,-0.28491157224076236
458,0.06826649257015993,0.02962577280061951,0.2436357199659723,-0.2087169582778713
459,0.06672710861850062,0.028969556361845727,0.24341581744939117,-0.23630717857858496
460,0.8211656852006592,0.30347247853794546,1.3600890450700678,-0.16586192186441973
461,0.08932149055073046,0.038548767891158464,0.2856406398907427,-0.18997962948755942
462,0.5312083037953974,0.2072706069404564,1.0105977613707777,-0.1821587737265863
463,0.2668836590773911,0.11024915423450343,0.5830459307805009,-0.248609710551703
464,0.3693428682417583,0.14908661007949942,0.8429652650885734,-0.17777219786705045
465,0.7405653409582316,0.2776457724927417,1.3600253983985124,-0.16506079412146535
466,0.2533709735410652,0.10499807605871037,0.5878791068543062,-0.18610852413227152
467,-0.052059408407895136,-0.023359317331479335,-0.01860643929654771,-0.18596427595128107
468,0.3748990470298843,0.1511455878580581,0.7164044756556344,-0.3220783311891351
469,0.05594208727559713,0.024357172501533686,0.22051291823400956,-0.17268307557725393
470,0.9139483979959784,0.33242519469638543,1.4316728182908336,-0.15451891576103494
471,0.17747147147913078,0.074898711821479,0.45161788448113976,-0.21599563222668194
472,-0.14346990584219854,-0.06617572102447822,-0.21054924991609356,-0.2894612384466564
473,0.06800185800120517,0.02951300059566142,0.24136186002693297,-0.24233969888608575
474,0.5465972986564331,0.21261986284616086,1.0046325209907707,-0.16217244363751038
475,0.36664455232662885,0.14808500172649564,0.7855468400111961,-0.1606311699026487
476,0.2786719123835173,0.1148046492608783,0.6041034743943148,-0.21549669857214737
477,0.3890696651015153,0.15637593093544777,0.8120822916071104,-0.20800928884941505
478,0.6050395854795789,0.23266859270567686,1.1993004601443475,-0.1939704427792872
479,-0.07198035272795,-0.03248689898137369,-0.04871903419702037,-0.2780843218817981
480,-0.42115229323471115,-0.21471295133210688,-0.9033435822373678,-0.42115229323471115
481,0.40211599322235236,0.16116504546787258,0.8492323052247136,-0.16829918902090013
482,0.35558623989950977,0.143968613825183,0.7273736424681873,-0.24530837829367658
483,1.2696867359929906,0.43672750672155836,1.9032616257039445,-0.10835474035902037
484,0.19107379524115187,0.08037091928934248,0.4712740484000505,-0.15233827427958102
485,-0.35819792222901436,-0.1780393613393585,-0.8602342260165434,-0.42628319197649445
486,0.25373378997489526,0.1051394793310858,0.5476653252289756,-0.3509733546086893
487,0.4717252488015229,0.18630697899435789,0.8918199774166722,-0.19839245127186256
488,-0.07196005066360411,-0.03247754141495407,-0.05422717535144694,-0.2654339128587524
489,0.17225287733765682,0.07278991769835952,0.41116545609886024,-0.18926107547681925
490,0.0568257108756558,0.024736053618288567,0.22442207120548316,-0.3191125297484787
491,-0.04327228694555507,-0.019367166342268316,0.030691974196952968,-0.2771570712018784
492,-0.06784443450382682,-0.03058293681759028,-0.021462378732527838,-0.23935909228060603
493,-0.2036334142114571,-0.09576450713651274,-0.32631898283145844,-0.2974149542819575
494,0.17341401536452783,0.07325957703216357,0.42609383406141416,-0.21812758851930403
495,0.38643457944738246,0.155405587620139,0.7841065490879024,-0.20432282525002277
496,0.4676786734995637,0.1848638103008282,1.0145169202054813,-0.10947481343303678
497,0.13132079423588094,0.05606476003847938,0.37390031660099415,-0.33025173443881894
498,-0.0928158058568237,-0.04215122797925741,-0.04316347247826316,-0.2688576332950353
499,0.05020929319105161,0.0218947509229257,0.2094090653030472,-0.23054168957640253
500,0.19334392327914207,0.08128078966155838,0.46265393821053913,-0.2511264611107379
501,0.43148314927421794,0.1718551059974871,0.8130528524339831,-0.1810292363692647
502,0.42375263637472704,0.16905304719970715,0.8415266892069034,-0.22452599278710428
503,-0.24506516141126977,-0.11687306039337664,-0.4172879983001654,-0.3638670583921494
504,-0.21346875327659842,-0.10071885830143279,-0.37592781157525645,-0.353696014696407
505,-0.11337725359167139,-0.0518106371743684,-0.1326588243414922,-0.4126175874497251
506,0.17558619177456114,0.07413748739938564,0.4379069313478914,-0.18547884493027134
507,0.04414324269370096,0.019281005423660957,0.19699604171037244,-0.2473835655877198
508,0.12525245570272459,0.053556622136541776,0.36750080433486143,-0.19166648072452197
509,0.03578426549269542,0.015665362979234265,0.1827578501362229,-0.20992570658741638
510,0.016658796787076602,0.00733101034076844,0.14037244704090665,-0.20155927457680178
511,0.5983020907229701,0.2303782838417361,1.1750598307548112,-0.11558780627618304
512,-0.06936672582524073,-0.03128317160577321,-0.025345055989035026,-0.2168693298839801
513,0.23834610958849423,0.09912214060422198,0.5687224979574004,-0.17777219786705034
514,-0.21996638928728962,-0.10401089389070028,-0.3404559221757404,-0.3808433247437969
515,0.2883259119382524,0.118517953793142,0.5944245307311108,-0.25268781301603893
516,0.028097972658229775,0.012326293336685223,0.16571989241419882,-0.23117826674123565
517,0.07432280695879179,0.03220238205007542,0.25594488980397995,-0.24350419460366168
518,0.20642134558679404,0.08650353199003957,0.5154368420568297,-0.12627411179377523
519,-0.32263892482277645,-0.15820811267200297,-0.5905716447678299,-0.40440667877990255
520,0.04512997381959205,0.01970674489731361,0.20056635521997396,-0.40336386023690396
521,0.062177538407637734,0.027027048559560507,0.23079341378475346,-0.28649272714549656
522,-0.25217312362066846,-0.1205588384890296,-0.4845843849096569,-0.3517414978470176
523,-0.07396330304592269,-0.033401425430218845,-0.03799502088098685,-0.3022149424838888
524,0.19603512646033217,0.08235817748627294,0.4831468862345115,-0.14101587188240194
525,1.009671952990062,0.36148616875514095,1.61331463365702,-0.1173781717200243
526,0.20881282935316636,0.08745519959675718,0.48965232064417025,-0.2857736239482087
527,0.08845140405434027,0.03818194559082033,0.2825946252903387,-0.2572282121828766
528,-0.2660898087040756,-0.12783224333470156,-0.4019100688253116,-0.3975384008807502
529,1.4092278807771654,0.475129746539213,2.0744129282208625,-0.10832867915984601
530,0.4064953617926008,0.16276707034557347,0.7913199413162169,-0.22988116944744508
531,0.91934560511807,0.334085034309457,1.5044894797710975,-0.15271906121955148
532,0.21639522700904235,0.09046561525333785,0.48241421446658256,-0.46269021665716403
533,0.6439050472396564,0.24577679782738215,1.1395621490318129,-0.15306178523554792
534,0.44589291896228445,0.17705573112628792,0.9176083599488942,-0.18788444511174962
535,0.41323573795152835,0.1652273514178182,0.8874790535843026,-0.1357524414543313
536,-0.1522136426749945,-0.070402278808947,-0.18284827540885393,-0.40746569449609316
537,0.36996067708206115,0.14931578427488224,0.7359662659008203,-0.15739429696545937
538,0.053104270309340285,0.02313917250734887,0.2151239233288001,-0.18044047184588263
539,-0.13890223090724607,-0.0639773617295104,-0.17822624056775252,-0.308707644294395
540,0.21779913637510817,0.09102185531659646,0.5805922454512519,-0.2329447494144008
541,0.01986070069965118,0.008732370856797012,0.14461702389641365,-0.24694821722313642
542,0.33810938994522544,0.13742458255408163,0.7225233698428383,-0.14844188464643904
543,0.3930709311862486,0.15784739463337694,0.8641489615869655,-0.1737440231801598
544,0.4023608561899543,0.1612546928577061,0.8570946458617895,-0.18027021884058358
545,0.0625604362195813,0.027190711245067778,0.23126316167928543,-0.26072793815363604
546,0.2519213818312538,0.10443288739351497,0.5680628313227291,-0.18902978092106848
547,0.854165127717138,0.3138622143362084,1.413194248054813,-0.1178783260260533
548,-0.01636012898805661,-0.0072661906967513845,0.08705904667023749,-0.23805333763440828
549,0.046708573483868365,0.020387388556211583,0.2037252161168617,-0.30111157572412617
550,0.6112980886546531,0.23479127532069,1.065877482806868,-0.18069395685573397
551,0.07990655549255021,0.03457077189166924,0.26605225830673,-0.3521979713886959
552,0.658048134211658,0.2505038951159435,1.2393928180885097,-0.1083547403590206
553,0.018509198552681072,0.008141165791328842,0.14750558261039004,-0.3353877547302132
554,0.47653784358901974,0.18802046147248785,0.9366607133360806,-0.15450592439473276
555,0.22608140892431972,0.09429610052605253,0.5397687057136066,-0.19799729778062514
556,0.5194357785628261,0.20315816470738324,0.8893906472120565,-0.24772088577524276
557,0.41894480526630296,0.16730608228371424,0.8094501286212247,-0.27747997207799036
558,0.011823046999385634,0.00520989756197654,0.1316220357159933,-0.34291272017826335
559,-0.04679076968439755,-0.020963212092905636,0.027194977358286552,-0.23797142968385732
560,0.21664713827269066,0.09056545085815082,0.5800098792138416,-0.15395689163405513
561,0.5230136384828912,0.20440987661163068,1.0090545711163934,-0.16463116702582692
562,0.25026870300480275,0.1037880704694536,0.541030162415143,-0.2906650118850296
563,0.4586407565160491,0.18163249569308149,0.8919108295299725,-0.1686680716149641
564,-0.21423466028834948,-0.10110611527616276,-0.38387729937034043,-0.4232108953559368
565,0.399203589705295,0.16009810772582367,0.7502777210049649,-0.2297360105220979
566,0.6744827614931739,0.2559687314336352,1.3017152567468524,-0.1741432044634823
567,-0.02681398087049036,-0.011944527057170085,0.05469497303578715,-0.27803830303423616
568,-0.2285512144558407,-0.10838395404772061,-0.40967796504782594,-0.41142337413169083
569,-0.1288210648961785,-0.05914834937771607,-0.18643610153807236,-0.3021367756574981
570,0.23869035379213455,0.09925721174270508,0.5268662682503026,-0.14995693598448678
571,0.05271320880645747,0.02297118418941002,0.21322658754298168,-0.24232788773373137
572,0.8098181426526483,0.2998755107219988,1.4030727254576858,-0.1718166264757227
573,0.158449675122881,0.06718677333877565,0.4010088523963462,-0.19971484641076376
574,0.4178139552888076,0.16689469913046673,0.8153198485545009,-0.26330697657048774
575,0.3394452608740761,0.13792646300447098,0.718235989426854,-0.22802028732685475
576,0.12702023188519163,0.05428804859928693,0.3638601691540408,-0.22122735939188154
577,-0.07876214896517586,-0.03561915953169892,-0.04461373421031443,-0.35710193562174464
578,-0.30223593090694034,-0.14709089555110588,-0.6166182104541921,-0.4526023609554567
579,0.01925752210481435,0.008468568681437416,0.1427637382034673,-0.24257923416700122
580,0.26708144234038067,0.11032578091769141,0.6330006834119926,-0.25326839506308363
581,-0.23060025386558425,-0.10943173107134507,-0.3676081747463343,-0.29433694172848346
582,0.15152084584836323,0.06436010376612145,0.3958125723791509,-0.2524588823424505
583,0.48120189340540165,0.18967808534030905,0.8939643429671819,-0.16755437509106275
584,0.2867671961812166,0.11791946438770307,0.6244019972792407,-0.18794302474488345
585,0.22665270538026538,0.09452149658666409,0.5453351380286119,-0.2360522120824765
586,-0.11997597626519563,-0.054937047378064596,-0.1188722464768526,-0.34971169138576885
587,0.09012662393740878,0.03888806083602958,0.2791136156429458,-0.36553446167698156
588,0.026722536266497343,0.01172731051640108,0.1562091367063282,-0.19787133979415217
589,0.6458050021879953,0.2464131426928755,1.1898312433066305,-0.1683529102005933
590,-0.24350972327620113,-0.11606908513282621,-0.41043659316568626,-0.32829487425839765
591,0.5090932514510638,0.19953056396955304,1.0801079073574196,-0.11268945902154082
592,0.26403039986119103,0.10914297957322039,0.6064107893986195,-0.16298540119282245
593,0.45384932359969854,0.17991488940324252,0.9379328569787888,-0.11438812649703334
594,0.3781792120083336,0.15235895450827908,0.7760892854098475,-0.17909752875523388
595,-0.04643308379681954,-0.020800809555708843,0.03330831600518297,-0.3177139288812053
596,0.24782520300184108,0.10283383115613853,0.5708825894387191,-0.2701996382021514
597,0.429523990560166,0.17114577511195317,0.8944018358854784,-0.15138082997581948
598,0.6997254211867752,0.2643044503166949,1.3941849466359282,-0.1365169756633402
599,0.033635003572564326,0.014733079608302502,0.17660888575374958,-0.22308644975003877
600,0.29589508241984297,0.12141850822770861,0.6584032933051641,-0.1899796294875593
601,0.281020576555143,0.11570947279748967,0.5979883096412143,-0.23516742800383916
602,0.7044334892876207,0.26585150658688583,1.491100006101102,-0.1011378098141803
603,-0.11617422872750027,-0.05313422611340246,-0.19585068123018454,-0.27844844936224855
604,0.35473313807774587,0.1436502748823727,0.7498982255978465,-0.21948731598377547
605,0.324723575059483,0.13238008398816103,0.6835277600565268,-0.19774870165619884
606,0.12354893108455323,0.052851173304216514,0.341524818600024,-0.15252549155546502
607,0.628587499784184,0.24063149132864936,1.1795136252714022,-0.21013698995981966
608,0.22775825113803405,0.09495750606941211,0.5478708652548416,-0.21729052098661916
609,0.1536728235302649,0.06523903316954427,0.4122951070736183,-0.20172560048259225
610,0.15843136855768414,0.06717931747905959,0.43055910800516334,-0.2276242479674544
611,0.4373012859822296,0.17395842747873513,0.8087192969559904,-0.2340836629868418
612,-0.007541909628994481,-0.00334136027185139,0.10328812383694422,-0.2853860280056718
613,0.1994823173688074,0.08373624123273982,0.474307334996678,-0.2773568615681977
614,-0.0847868269444979,-0.038412543013514266,-0.035308555693267574,-0.3417161444896567
615,1.0335147164051564,0.368603865847843,1.7945177524007665,-0.08921913276721583
616,-0.11558942341602385,-0.052857290625185294,-0.1307748393570268,-0.2798149035604053
617,-0.03675606302851242,-0.016419917724518895,0.050440301738040774,-0.32983191993339556
618,-0.05984718839494885,-0.026914741624676553,-0.027021640371608823,-0.22004697016291908
619,0.40827750562435927,0.16341820293047782,0.8857669070033447,-0.1263159439527769
620,-0.2858805431708764,-0.13830944984455873,-0.5458942069410646,-0.450062296884273
621,0.13007426730793448,0.05555016491212861,0.3688758129224933,-0.1890947962709748
622,-0.020904262015512542,-0.009296368388900134,0.06879610332992753,-0.2162150073250093
623,-0.4138265343866817,-0.21033454006023233,-0.8790149646843639,-0.4991119518782483
624,0.6504580110399527,0.2479698288793335,1.0470515364430952,-0.17171706605913029
625,0.03917607215109831,0.017134430959721447,0.1853724460521976,-0.2623890762852037
626,-0.03813498552725947,-0.017042665956267133,0.016876835963850097,-0.26971656982552605
627,-0.031244496863367277,-0.013935741077423791,0.02766512044790225,-0.25527951932528725
628,1.1409050471053033,0.4000993474087797,1.6720193759404356,-0.12667826939989946
629,0.1875920611473274,0.07897355376054271,0.4739213380224589,-0.18505048866269702
630,0.5137093010629379,0.20115133349372671,0.9469718177513683,-0.17134051829397745
631,-0.2325509356934955,-0.11043066034696858,-0.3480278860049088,-0.3760488122995985
632,0.16383827610952517,0.06937858105415051,0.4091077206862859,-0.3008874000085221
633,-0.18488088218451382,-0.08641203073682513,-0.3307177477054504,-0.37210614299466094
634,-0.03213839719839995,-0.014338103712619565,0.03934386201602555,-0.2277403350213284
635,0.8905810408751331,0.3252085743361097,1.5121606700003625,-0.15452673201340217
636,0.23499962638464766,0.09780798750296582,0.5788998464640683,-0.16928896446646424
637,0.7211328025563672,0.27131970750955636,1.1822188042618016,-0.17492412239509647
638,-0.05477175423922109,-0.024595752783572844,-0.02488584453119617,-0.29333730512115275
639,0.058419101090612324,0.025418822829843757,0.22386281125446728,-0.3207810051748726
640,-0.1964409452881818,-0.09216302058450687,-0.3422273252116785,-0.4278542437739895
641,0.08730700327508778,0.03769922515882285,0.2854121066107811,-0.33571274170013354
642,0.3165312458340128,0.12927873249719046,0.6922699383368136,-0.15215002540429412
643,0.17549316214512034,0.0740999069507251,0.43478015023721994,-0.22137806092861878
644,-0.0441629977129,-0.019770898450286456,0.030401012330419332,-0.3267598517089463
645,0.3012556557027162,0.12346700110704822,0.676929235702768,-0.13798998414933406
646,-0.15667054783553003,-0.07256602269735257,-0.21343806530112033,-0.4246179050165393
647,0.028332778211300313,0.012428503103437238,0.16643180111997732,-0.24240093016230202
648,-0.0327891585249529,-0.014631154979585892,0.047747108284831245,-0.2964501248294059
649,1.0825916384984682,0.38310948142464163,1.756549586852634,-0.12730238653628356
650,-0.05265048606033629,-0.02362859446294452,-0.02200762406800004,-0.22956392038024143
651,0.3392634184503507,0.1378581620817012,0.7590228094916033,-0.21685867118777957
652,0.688544112189363,0.26062070021778316,1.2784272235250762,-0.10947481343303689
653,0.047255475377457445,0.020623062260248126,0.2025760609105666,-0.2738009668931791
654,0.3826894091386912,0.15402469495053306,0.7740675905102147,-0.13822415210857886
655,0.10012268380145395,0.04308893172133943,0.29225368483112324,-0.3260413521367471
656,0.48780556631387784,0.19202008727618547,1.008001839299565,-0.14218522716723558
657,0.2319466461389097,0.09660735803545606,0.496904484971383,-0.18150957687226166
658,0.04330459306679124,0.018918981371663257,0.19634283316033913,-0.25034271254005913
659,0.3366263195185859,0.13686707240508622,0.7321925227851621,-0.3186304609472711
660,0.2694586922706488,0.11124627138584109,0.5304476174630645,-0.28499195637695207
661,0.1644074590331006,0.0696097647255205,0.40719815183088004,-0.18314245585612587
662,0.3345598318167897,0.13608967050812248,0.6906684944103674,-0.26876631966594267
663,-0.02725543489498372,-0.012142703302288727,0.044617219019898534,-0.2696121019136204
664,0.1506664996329239,0.06401091016692018,0.4070687735222009,-0.16808902715248253
665,0.5034738723212675,0.19755377182695089,0.91828379466914,-0.12832249408134322
666,0.5984692185019902,0.23043516146619902,1.0379620761315875,-0.1690216946213139
667,0.48499869322391875,0.1910253358471361,1.0938325779836473,-0.1387215213279841
668,-0.38124527491569604,-0.19122215852788826,-0.8596647796513617,-0.4012895933520364
669,0.4080699517653379,0.16334239372144377,0.8118968155957749,-0.2386038849110388
670,0.26305671273859677,0.10876517390164175,0.5936507609396031,-0.2407342267047381
671,-0.263743386056028,-0.12660055115176572,-0.48117448010464675,-0.3481396389469267
672,-0.038140328939346935,-0.017045080113574307,0.03223134437260546,-0.19883261080068626
673,0.04854314944093763,0.021177682205987258,0.20509232462499155,-0.2148722612396997
674,-0.25378703090389965,-0.12139843697667951,-0.4734299061220211,-0.35952473294289966
675,0.7867014451976164,0.2925088063553829,1.2745226959899292,-0.14554714338210628
676,-0.16528173270926494,-0.07676473546362761,-0.23566072065557583,-0.35156640528826555
677,-0.03669912857842694,-0.01639421571402777,0.03460773928754773,-0.21980787319547246
678,0.19925712091283265,0.08364628324556156,0.4920472362415207,-0.25761419188387
679,-0.09023516121809982,-0.040947547784057625,-0.04241905976900664,-0.2942501112103789
680,-0.03143458206902727,-0.01402128493081689,0.04302942851868078,-0.2764643508647313
681,1.0298844815223287,0.36752316057846435,1.5456765388151155,-0.10947481343303678
682,0.3130803076086033,0.1279690961628328,0.649009933283529,-0.2122863588667595
683,0.41468720563634265,0.16575628938420794,0.8234415033746617,-0.1876702855618998
684,0.6888949116480025,0.26073647966101565,1.1876555207204165,-0.2016240042016676
685,0.6672181694637991,0.25355681916003103,1.1114883011936239,-0.23254227761727375
686,0.3892323418367498,0.15643580130826518,0.7392170253311756,-0.17784960864630417
687,0.9813422778895826,0.35296748878858386,1.6162604350885035,-0.1195604165703682
688,0.012701571280541835,0.005595665822081708,0.13511733345364127,-0.27948859850085517
689,0.10473081867341416,0.045018341355266056,0.31242525149275724,-0.247704998673128
690,0.713116125535187,0.26869835311176504,1.271957167892981,-0.11362275123827692
691,0.3399616822655802,0.13812040525699,0.712649829715063,-0.1838905433725354
692,0.15786047364320055,0.06694677159139628,0.4326006841887757,-0.20954134376859834
693,0.19534146505355832,0.0820806087415964,0.4807116729239842,-0.17602272459261448
694,-0.1614897391601411,-0.0749128405238012,-0.24496172505327496,-0.2853736637625349
695,0.14230735736100608,0.06058665180069167,0.38234719312758486,-0.17418588447644534
696,0.1339430977946785,0.057146275850055606,0.37806938567248866,-0.23132749585782864
697,0.329345221005904,0.13412497066397,0.719925369423419,-0.17619912548533412
698,0.4720336613239746,0.18641688024843206,0.9302296731295477,-0.14653111485813575
699,0.4937495664580218,0.1941231810168007,0.8621792424766669,-0.1796838511882316
700,-0.10103608231073335,-0.04599816532306833,-0.0884631512757849,-0.25474744514116676
701,0.6293919100775085,0.24090237023158867,1.289473528266077,-0.13957392019781467
702,0.42472082635293207,0.16940444867803395,0.8858303593297407,-0.15057713919232996
703,0.2910913723301398,0.11957879532123061,0.7131463860073128,-0.14549581886708662
704,0.8733677572566347,0.31986065089803084,1.4376072666478148,-0.1344229032193467
705,0.4325007838608341,0.17222333595883832,0.8080867657864628,-0.2786058130191632
706,0.22334852886526568,0.0932170741582512,0.5914355147859076,-0.11358346443259026
707,0.8508307952290906,0.3128171235789938,1.491862925026528,-0.12774468966009134
708,-0.16007722881748732,-0.07422420781280181,-0.24539440578972316,-0.3344587713680859
709,-0.07068487479639873,-0.03189001989313356,-0.01862042572430567,-0.3136418640569233
710,0.679825062132061,0.2577387023052402,1.1760311046782117,-0.1603159488029381
711,0.5102192102394874,0.19992616103249183,0.8985103884612747,-0.17145707942371302
712,-0.2040565819363812,-0.09597696417745949,-0.3593832537410476,-0.30857663176235484
713,-0.14451343353762047,-0.06667887378723802,-0.21037283979914903,-0.3974107894254316
714,0.35361460344976847,0.14323271895002776,0.739153567879646,-0.18502385813695976
715,1.0658699557833495,0.3781887032283071,1.677081268828563,-0.17134051829397767
716,0.47119311334588665,0.18611732498202138,0.8599508142054356,-0.2290845992480821
717,0.13200550693791424,0.056347290674020334,0.3686960330900926,-0.2020704491013412
718,-0.17724622505805743,-0.08263879580235411,-0.29318419075409763,-0.44555100607839093
719,-0.08737271320562989,-0.03961465323138902,-0.07434138629653378,-0.32358096412346915
720,0.1567899192597768,0.06651052404810676,0.4048900574856058,-0.2047951299901506
721,0.3905673769456335,0.1569269903150281,0.8257172481416263,-0.20698534666743218
722,0.2969169176712989,0.12180935717562691,0.6144358916328971,-0.18795789259511309
723,0.29995503355060515,0.12297041375429707,0.7537621041370874,-0.14544506920971112
724,0.4892092422743899,0.1925171551420055,0.9869944620575565,-0.21661716772439854
725,0.9295736136639472,0.3372233948028136,1.4657781592327779,-0.10947481343303689
726,-0.33004351053869574,-0.16228887014535232,-0.6474540299630359,-0.37942614302085864
727,0.4395855630626291,0.1747829204413096,0.8569678581635447,-0.16324860724396706
728,0.47963281549228576,0.1891207535941084,0.9692599339859019,-0.1834751705261506
729,-0.02815930102262254,-0.012548620828020884,0.06886240445256242,-0.29067709632848926
730,-0.05413809112544654,-0.02430671749410651,-7.0012110591288e-05,-0.3748844482122501
731,0.05260169071002063,0.022923272973272457,0.21480029469230466,-0.18181812992109603
732,-0.06993058349570158,-0.031542701185175215,-0.03657480024543662,-0.25759160284536675
733,0.8464377916491066,0.3114386052029008,1.4686245960273387,-0.2515807615533019
734,0.328197381642666,0.13369192412501651,0.6857648774996721,-0.16214801410134816
735,0.479212308711098,0.18897133483480633,0.9038644485628073,-0.1907896498580719
736,0.2874213193968638,0.11817067282004334,0.6228983281664481,-0.19659686189738168
737,0.3855262293590962,0.1550708585584244,0.7207823482611632,-0.24879809625099902
738,-0.10030336412152085,-0.04565447215768237,-0.14874717150594974,-0.3537415404537635
739,-0.18151098244875652,-0.0847441234810895,-0.2167425742584962,-0.4145223745768265
740,1.6007247262700641,0.5258625465939988,2.21245741363066,-0.11316884609473354
741,0.6574086249767293,0.25029063622189907,1.1707253795792194,-0.17104278032880404
742,0.23727677169381756,0.09870243071653895,0.541186292092492,-0.23129990916507615
743,-0.16228037143426155,-0.07529857527271511,-0.28990171666903325,-0.38989706532708757
744,0.9596068184470188,0.3463855034888943,1.5736502021129848,-0.09504658144215283
745,0.14077901067656984,0.059959066279452244,0.38652133933614535,-0.19082716167934421
746,0.03843128698082365,0.016812077175608398,0.181610754179906,-0.2715642548330245
747,-0.04073211920334108,-0.018216935962736658,0.03136181303359646,-0.324787504310441
748,-0.23916717907744056,-0.11382937922069569,-0.417954639815237,-0.41080001350634643
749,0.3961666884369597,0.15898424076398054,0.7859105458204023,-0.2104827286297345
750,-0.012387804185941986,-0.005495761178419212,0.08801129617053928,-0.2685441459694595
751,0.16222542856719513,0.06872315180444799,0.4184202928826176,-0.22213585840689687
752,0.09923897060821263,0.04271840922159398,0.30221834096458466,-0.20053576198801948
753,0.13865333014130155,0.05908541694597713,0.3670911444165139,-0.18520924785612025
754,0.6014946856155032,0.23146422798145472,1.1189442881000369,-0.14079662520477942
755,0.4040299403834413,0.16186553291484884,0.9175481359991804,-0.1393398082553905
756,0.28922489412419505,0.11886294615276127,0.6183948132392114,-0.2127699984063024
757,-0.3082375719670798,-0.15034203256776135,-0.5827938944103359,-0.4009844558267094
758,0.7796483069273463,0.2902505743726198,1.3247553134243855,-0.1046475863017513
759,0.3630950051412225,0.14676573665004877,0.7243489261977125,-0.2340812878310221
760,0.42724552662768556,0.17032015444239157,0.8910829301397056,-0.20391337446075264
761,0.6287690447805618,0.24069263171356914,1.1701421045562554,-0.2741881033512449
762,-0.17677291124432082,-0.08240551678703834,-0.34698983846520004,-0.31810143404946245
763,0.2439858492036362,0.10133237267524664,0.5514913975207086,-0.19284276302436898
764,-0.09092237518473711,-0.04126789607479886,-0.054722747289090615,-0.39330334395531874
765,0.4610744538098259,0.1825037086519148,0.9591419924564576,-0.16808539785754162
766,0.42002535630368354,0.16769899672219113,0.8409714402714887,-0.24867566187712942
767,0.7384846775479861,0.27697032354688567,1.3309478852744931,-0.14603095592840032
768,0.36785664954311525,0.1485350656465616,0.7607586187348251,-0.26719591852085334
769,0.2725707670967972,0.11244983970495248,0.5675541339258627,-0.20460621020001557
770,0.20562046277314017,0.08618459328131056,0.49508447371572784,-0.2786168477058687
771,-0.024303040640950457,-0.010818275867017668,0.0556636406339426,-0.24811804564166462
772,1.0293405626288616,0.36736114541564957,1.794329575911062,-0.0816111898182309
773,0.1701917780694362,0.07195560065633,0.44320983588905494,-0.24166554129046214
774,0.5712704178860453,0.22113469573857647,1.0809992545351297,-0.12156299622796374
775,0.37916774818006815,0.15272430817082583,0.7777820957640637,-0.2613702062193459
776,0.83200918275503,0.30689800862638816,1.3691625857648007,-0.11832331817884345
777,0.8552272399705865,0.31419489544359447,1.3363392612147826,-0.13893553240625822
778,0.5396630435039118,0.21021319019656426,0.99284695352238,-0.1725843524844215
779,0.06461464194253752,0.028068182763250293,0.23829423268665972,-0.18670285060483882
780,0.0695062613432198,0.03015388432478483,0.24666136475490638,-0.23024268915817803
781,0.5894889917871122,0.22737425897362673,1.2041648786100436,-0.11035291276486348
782,0.14463965409429114,0.06154346138327971,0.378305869626933,-0.20456242577325723
783,0.9748484179128514,0.3510052402746733,1.6095846374191776,-0.12213621988139978
784,0.027146900146164166,0.011912162625990153,0.1583362204748426,-0.181311546856335
785,0.690567609832464,0.26128836012965406,1.433420775200231,-0.13291690448951698
786,0.08730609199309147,0.03769884065745943,0.2824192606313398,-0.19600770121467537
787,0.34204435693010127,0.13890213163532694,0.7961505439146394,-0.1576631928256359
788,-0.2218303313708586,-0.1049580842297303,-0.328931273106834,-0.48289045422384025
789,1.3451688683659326,0.45765896132943373,2.124166904640164,-0.11270341478997892
790,0.015452349124194908,0.006802352134647194,0.1431962667817093,-0.20616483814555986
791,-0.008988003584492366,-0.003983653098916018,0.08728824363666252,-0.245887349961588
792,1.0072962263247551,0.3607743761112694,1.643665206488532,-0.1973306203459717
793,-0.02674160343159704,-0.0119120403754287,0.04057206949699593,-0.2495240838509365
794,0.4207947924357467,0.16797868060531052,0.8346245086935572,-0.1765845122463744
795,-0.004306780626230133,-0.0019063429718874092,0.09356404080378508,-0.28040842322395054
796,0.144017990809566,0.0612885344597629,0.37356241643515564,-0.2413450918740534
797,-0.33194282478518533,-0.1633396555052945,-0.6072245498809361,-0.41521132127192495
798,0.4341313990834619,0.17281306814603625,0.8978468775862479,-0.20266105206599916
799,0.4429105819354746,0.17598175809833516,0.8325957690182895,-0.23741230982073325
800,0.7721783169160872,0.2878534261098211,1.3220843578889057,-0.13870439765344256
801,0.07900330204607164,0.034188113977336565,0.26945447066385475,-0.1444263761119754
802,0.5448548152537289,0.21201566619582346,1.082008953419876,-0.19190480088121642
803,-0.14241961666076242,-0.0656696533107769,-0.15504558452728964,-0.33461027962364565
804,0.395597842408729,0.15877545059754494,0.8965118400796267,-0.14700597918995506
805,-0.15638727769906546,-0.07242831078005552,-0.24226450391318102,-0.33378253174035666
806,-0.33030585368175647,-0.16243391106181093,-0.656328468258194,-0.40110767405641323
807,0.05527615709974998,0.02407151731672119,0.21915811070943123,-0.17653138806345814
808,0.9776495885555097,0.35185211032763997,1.6567405496261203,-0.07624451018225009
809,-0.21157186338290157,-0.09976065996490568,-0.37190448601751913,-0.35601037544750613
810,0.47015995933860744,0.18574899776340992,0.9009171690862409,-0.1767673095893426
811,-0.33772974021301083,-0.16655154977049436,-0.5957797580807022,-0.43791547342296855
812,0.9792392027245109,0.3523323963025571,1.6866725368649118,-0.11951875552368751
813,0.15999635096183962,0.06781646303386557,0.4199921317315595,-0.21008540774120577
814,0.6170334754558551,0.23673249830709953,1.0703626338451262,-0.18234261453328082
815,0.09996490127200408,0.04302278897970657,0.30685604784095116,-0.21417249775976177
816,0.3243964617724795,0.1322564548776295,0.6524382383015642,-0.17962957635726307
817,0.31222319154679323,0.12764352170272497,0.6344829882578876,-0.282144928466314
818,0.407127142378211,0.16299795335424738,0.8173603757619482,-0.16900374662199835
819,0.07093920133698894,0.03076385679219995,0.24870767044189993,-0.22528547373451668
820,-0.2759216666434158,-0.13301725379880036,-0.482515866937441,-0.43996358350933984
821,0.14523303265358245,0.06178671748247111,0.3799106226574372,-0.2685941017734047
822,0.3208073536199685,0.13089886789356164,0.6705516911277432,-0.2143078858232773
823,0.06049558923863807,0.02630773993396507,0.22826385956667727,-0.30642510173045967
824,-0.13587357483687967,-0.06252329610543539,-0.14080721241676752,-0.37651934654879293
825,0.5374198224651596,0.20943334113805046,1.025565492472278,-0.1753812083593297
826,0.326195440370318,0.13293614976574264,0.7521263896309784,-0.17600480844873312
827,0.6032551391240677,0.2320625203044968,1.2071401661411132,-0.08801766980539805
828,-0.06398323248006155,-0.02880968893841096,-0.007467599273409627,-0.37903993031657535
829,-0.01567833588147516,-0.006962038447896668,0.07892925794398455,-0.3062211730926574
830,0.16297570176736542,0.06902811103078066,0.4082967983344179,-0.2445843189892274
831,-0.25677938350849716,-0.12295782491908014,-0.4948333516250471,-0.3691181475796085
832,0.3539408687153818,0.14335453568164302,0.711183666532682,-0.1985337890503054
833,0.6789769178365894,0.257457911438723,1.237136302478025,-0.1717658706181745
834,0.06086520301999787,0.026465864869511968,0.2294813651532229,-0.30781625925021816
835,-0.198724316670147,-0.09330441810288626,-0.3040202309361191,-0.29293306406142783
836,0.08567765851334497,0.03701146086942142,0.28309807429165035,-0.23948301358678648
837,0.5006850004700205,0.19657116843518252,1.0096961870826167,-0.13983064532164025
838,-0.10635819783154565,-0.0484992924321751,-0.09023160744575431,-0.41643587571820995
839,1.1276774546808772,0.39626829408825825,1.6962563300778257,-0.14424005074251955
840,0.4570096042401728,0.18104812314804297,0.8884075909108657,-0.1800663815012138
841,0.18007814360992347,0.07595009561393185,0.4409564712752352,-0.15731849752571303
842,0.3630751519349886,0.14675835239504909,0.7247608621030072,-0.14268241658621883
843,0.47328739681863774,0.186863510397409,0.995306055605877,-0.17918569731370815
844,0.1727637359246692,0.07299658271786114,0.4461324472681926,-0.16075048173296236
845,0.3112762787962702,0.12728370011674484,0.6587722774723451,-0.2691940220320209
846,0.6678766809805989,0.25377569247049614,1.1779284208896752,-0.165267376509024
847,0.5745326132061874,0.222254899339295,1.1703077104405506,-0.21981472681783254
848,0.019374892313529957,0.008519907758161915,0.1445465956540477,-0.21125460189052359
849,0.1683944518858036,0.07122738750099189,0.42690014535254994,-0.29826912339124045
850,0.16008720376948893,0.06785343687231449,0.4040858076951756,-0.24326632460551012
851,0.03316221919840223,0.014527855285535463,0.17825673964763836,-0.26356473978112205
852,0.022988301596111427,0.010098843782366806,0.15534293848216385,-0.28980278355195854
853,-0.19709797524404582,-0.0924912670141802,-0.2952980606158653,-0.41688111008744677
854,0.70964501619538,0.26756122026248974,1.2582981018524413,-0.12827589815143103
855,0.28559285786708877,0.11746829455667873,0.63403722274907,-0.1947602914884562
856,0.3957213474979533,0.15882078613981432,0.9367396315869585,-0.1083547403590206
857,-0.08932717892359099,-0.04052449416449433,-0.05852578657061259,-0.4007538983410678
858,0.7820301325554158,0.29101373063014724,1.2958576705801397,-0.11444547348765988
859,0.29900887260100895,0.12260898817311783,0.6651235441087717,-0.14919363591775592
860,-0.13566226975922557,-0.06242195416966012,-0.18975804428101886,-0.27598191688382634
861,0.856456051006701,0.3145796583808167,1.4246129976395494,-0.21738398825206784
862,0.6936088229862436,0.26229098068949774,1.2437518622517705,-0.14677376753318772
863,1.2415390541553117,0.42882278975924004,1.804193207038466,-0.15547502765960863
864,0.2398814775605962,0.0997244115911966,0.5969448467919644,-0.14555064866387757
865,0.327843178102295,0.1335582512384652,0.7454627721607627,-0.13009871049771338
866,0.09177056212328716,0.039580402379349344,0.28637125531585506,-0.2543301142836246
867,0.7014955374402396,0.2648863850234151,1.1833650108940665,-0.18627312767728477
868,0.06721510664061814,0.029177639807001388,0.24295992395842805,-0.20663590564332457
869,1.2306080256114211,0.42573810602578566,1.8054475259506584,-0.11408210972988853
870,0.7419396652526038,0.278091674486193,1.1647166623171978,-0.1868274080567388
871,0.03111681383539544,0.013639389817160286,0.1721073617618636,-0.290059301576993
872,1.0766661269860651,0.3813682799261582,1.5621724873476968,-0.17713149370884984
873,0.23173008608494028,0.09652212958564044,0.5204714021309037,-0.21616536867790026
874,-0.038991234854610424,-0.017429615507108753,0.020015683227573862,-0.3542158125799174
875,0.43722365288164156,0.17393039354359852,0.8736961790099862,-0.15603502845399275
876,0.6162739452247259,0.23647564543583255,1.10900097316418,-0.15722544764074775
877,0.19462972078431506,0.08179571071327141,0.4755234286780433,-0.2039595131883758
878,-0.11244347530186782,-0.0513692719313511,-0.11599999318998887,-0.38011212786389625
879,0.0061865530948777,0.002730402750795946,0.1188790718702824,-0.2207958577123772
880,0.2873377934768877,0.1181385996258646,0.6174624331205523,-0.27688574779425
881,0.4581984871217777,0.18147408540287424,0.961065237175748,-0.11078130329107849
882,-0.039142390711655484,-0.017497944660894937,0.03673138493162183,-0.29545996706100386
883,0.6579102999629751,0.2504579350319007,1.1362697989560648,-0.13798998414933394
884,1.0270889082622299,0.36669019537499525,1.5398924498086521,-0.1313575238507113
885,0.6116099673980411,0.23489693412076185,1.1797428537563217,-0.15673954657715872
886,0.7024202152117258,0.26519024323926743,1.2006761177458447,-0.1744929033656779
887,0.13982395539619286,0.05956665342823242,0.40658469035643324,-0.13977403913570663
888,-0.1864394129103153,-0.08718471514363202,-0.2610733494544368,-0.35252016879885606
889,-0.006226399715961728,-0.0027575206408637642,0.07669306949203443,-0.20236022518854335
890,0.23606182141897736,0.09822532302492903,0.5187660488167578,-0.194043084618586
891,0.23473968106188603,0.09770582471085598,0.5674138598240774,-0.19776765522818307
892,-0.16382967587859887,-0.07605504141451491,-0.27181015405221953,-0.23225312639381734
893,0.16314166871940672,0.06909555583530969,0.4187303238996868,-0.3252782772731694
894,0.1327382090998006,0.05664951745672009,0.36705263825064915,-0.20973216116707483
895,-0.18127282179957782,-0.08462639267607341,-0.26827943394862575,-0.327927547006152
896,-0.1489589524309648,-0.06882619405313795,-0.22680417298976685,-0.3190536015568536
897,1.4021752778856138,0.473219090622613,2.0242202091007018,-0.10835474035902048
898,0.30843701981255367,0.12620392766324473,0.6376965896010083,-0.3300213729160585
899,0.7051268267488227,0.2660791335910415,1.2698826005705417,-0.1491342874378665
900,0.15975453575670673,0.06771804503370271,0.4173070093232165,-0.23034851567728598
901,0.20840299214369873,0.08729218351021228,0.49414909970250787,-0.1861827733807857
902,0.5858657005565522,0.22613653213460783,1.1064548856507357,-0.16101028042357246
903,0.06216493124207756,0.027021659296938783,0.23349201007340814,-0.1608677083064135
904,0.1572450935859686,0.06669603366641996,0.406059405811852,-0.17540776073419762
905,0.4109831625859963,0.16440587654000471,0.8679828794785,-0.16230884029872872
906,0.5453498911052923,0.21218736970551566,0.9507018802047544,-0.20711391012698022
907,0.06446616278522921,0.028004790309917427,0.23814690701188687,-0.23608110521656656
908,0.9424292327533801,0.3411548760633618,1.6162064878320244,-0.11174708537408273
909,0.45000587227722333,0.1785348263176132,0.8951009303302047,-0.18384809949675496
910,0.5522920742638564,0.2145918509072171,1.0832992787683982,-0.19552180275023034
911,-0.2574635351650749,-0.12331484476150856,-0.557076174938366,-0.368295113448467
912,0.7568955403235453,0.2829314995299004,1.4886455792490285,-0.10124403253336167
913,0.15033657974672177,0.06387602458514419,0.4034416988137534,-0.26036527950683497
914,-0.02100938615077419,-0.00934339673699569,0.06208545754371118,-0.21728165191509163
915,0.0712151986274756,0.030881290737462708,0.24863781385122039,-0.20583354989496405
916,-0.18928592719993687,-0.08859808715826512,-0.27651951020162635,-0.4163180258105946
917,-0.27060499733677845,-0.13020856788381874,-0.48877912119101574,-0.31567338379410503
918,0.43901616054792836,0.17457746713660272,0.8697142370253136,-0.13618249704115948
919,0.6886140671806484,0.26064378955127343,1.16168311042145,-0.10947481343303689
920,-0.027636931340837112,-0.012314003987029754,0.0501161540675129,-0.29272463550628347
921,0.37972855730733945,0.15293151299554886,0.7298822365002866,-0.23414405980357356
922,0.2252382833631068,0.09396335148392576,0.5228630569450693,-0.2174197333927106
923,-0.09729145801514139,-0.04424332723368274,-0.07968244995781305,-0.3018552857733998
924,-0.1862247891798543,-0.08707826053417023,-0.3260381202733351,-0.38324279668751515
925,-0.012950384460017728,-0.005746256375583458,0.0951220751057884,-0.2341377492498795
926,0.17908679547845252,0.07555039479124814,0.43066788961716074,-0.30155947382038883
927,1.0504701309188564,0.3736372214705226,1.7329407333269584,-0.10918086102876301
928,-0.014596294797834641,-0.006479574210955796,0.0769772833702563,-0.23080017973662537
929,-0.03792288156934953,-0.016946843282570567,0.04841487941293451,-0.381633571651683
930,0.07599518549854456,0.03291245318622127,0.2644001323750656,-0.24128602273678634
931,0.23678744662533302,0.09851030553329099,0.553312428504822,-0.20815985990069763
932,-0.050709957340516976,-0.022744899017260733,0.010018444932541696,-0.3211854439364473
933,0.39933431454662616,0.1601460243593471,0.8211582817992551,-0.20503585162798266
934,0.9984981029171209,0.35813426464189413,1.888327553063296,-0.07957599848598851
935,0.2681276560786643,0.11073100197046704,0.5707684110283671,-0.26331447705299826
936,0.061787195908536985,0.02686016989409845,0.23515794558921824,-0.19005271366595355
937,0.06858714745816386,0.029762396798331148,0.24927735358163286,-0.21025452121511734
938,0.08164399496785113,0.03530632597002992,0.26407142512629866,-0.2721049352496311
939,0.15780032884306716,0.06692226874207985,0.43452881459624265,-0.16818897019648982
940,0.13960910506128887,0.05947835050956396,0.38105769471447587,-0.22045504844079655
941,0.39163596523828126,0.15731995809722377,0.7856861437872145,-0.19555196353489546
942,0.7198699375574256,0.2709072189352557,1.2546592560826446,-0.15513862310466742
943,-0.14592710014843302,-0.0673610410954103,-0.24686146738069425,-0.3097916329574353
944,0.2376947737536066,0.09886651856105666,0.6233860398495928,-0.15591529391678915
945,0.15862647324564927,0.06725877592712326,0.4049988893652634,-0.26041318965890226
946,0.8256349087761476,0.3048857095337483,1.5477009688156536,-0.17172505906384905
947,0.17242133298572404,0.07285807105179831,0.455783507173122,-0.22733547230580042
948,0.19195485098796006,0.08072416240061675,0.4649933831539014,-0.24245306620933904
949,0.3257585434150212,0.1327711275089849,0.6580339521963433,-0.20083041503994614
950,0.39194715257551294,0.15743436396848187,0.793707957512717,-0.24366208097377007
951,0.05162541765817563,0.022503718473659173,0.2126699901037646,-0.29248630059683367
952,0.28164982589055176,0.11595173405586379,0.6669055783251445,-0.13563356825603756
953,-0.01478575296275042,-0.00656402912309606,0.0894958700245814,-0.2722173131967085
954,-0.021675318209178562,-0.009641373669859954,0.05511737892252995,-0.26385094188837654
955,0.5804444488733267,0.22428166693676288,1.0706953471840215,-0.17593800918505043
956,0.0037675664875125303,0.0016639138591023617,0.10868130515527608,-0.28170122129439634
957,-0.007619633027651007,-0.003375868385148917,0.07888670839266308,-0.26472578231669286
958,0.2949401917339669,0.12105310993661211,0.6136551277306708,-0.15248204425350786
959,0.34508115260515826,0.14004077284830774,0.7539398056438774,-0.17122319835072441
960,-0.08372391719068994,-0.03791897390405652,-0.07344580290746626,-0.23667464622071577
961,-0.12174855164213094,-0.05577910305857203,-0.14477019243553133,-0.40595496546908705
962,-0.3367297862306019,-0.16599543250458193,-0.7153712904555265,-0.39845425380559696
963,1.0285961269096235,0.3671393637536571,1.7792345407015582,-0.11032230012288458
964,0.13913754095344677,0.05928450634092752,0.36838994440734746,-0.23611843834556012
965,-0.15808466800790855,-0.0732538842046705,-0.17234234375718066,-0.3510721416139657
966,-0.2162955709676938,-0.10214919732253214,-0.3097634195883803,-0.3486751344618244
967,-0.07467009302893712,-0.03372765739674888,-0.026349493490268154,-0.4122020717450755
968,0.8952372073311565,0.3266505072025139,1.5144030146895047,-0.19954058038678357
969,-0.235087242355982,-0.11173160423042583,-0.37879333316168007,-0.34977696823007065
970,0.33484868130079803,0.13619837453309325,0.6958168322781796,-0.2469300184985832
971,-0.14919536033248515,-0.06894056127519177,-0.24513679035016267,-0.237106184266895
972,-0.23422301717673466,-0.11128804860566566,-0.4253232856755254,-0.37358569579780543
973,0.3741750873134828,0.15087757024748027,0.798921758516287,-0.18259657350724434
974,0.07241377875891009,0.031391078257680505,0.2551169272192608,-0.249317298063521
975,-0.1470546098526494,-0.06790557458669833,-0.2268937137684919,-0.3293906688693258
976,-0.23039270166409298,-0.10932552837790555,-0.43759637928970513,-0.37020565198594746
977,-0.1703949706575294,-0.07926933322683805,-0.20976914385780074,-0.24805725544297463
978,0.29507649314408213,0.1211052762036775,0.7045271166847104,-0.16147053873274597
979,-0.19883341699636015,-0.09335899989190322,-0.27408158299035973,-0.27032201936574607
980,0.3286199822101068,0.13385138335158464,0.6796404974042877,-0.25254968042041415
981,-0.12866094557338115,-0.05907190228907244,-0.15418173444830163,-0.3100853050280751
982,-0.1275836830010666,-0.058557779554860856,-0.1672868862347128,-0.4255720051384232
983,-0.15617269684670199,-0.07232400936416539,-0.23521986550568671,-0.25041454658690177
984,0.5872653719101371,0.22661485076773347,1.0315790959607065,-0.24002352116175263
985,-0.09581587985716877,-0.04355294471312865,-0.08434064690346318,-0.2545748673804795
986,0.08095275682623226,0.03501376570456283,0.28818540102512796,-0.18656899030348828
987,0.34092279537864867,0.13848124066559997,0.7423501055194494,-0.24894339176508284
988,0.4766942487839354,0.18807609586691076,0.9125079014353131,-0.22790610448907644
989,0.27639477136904866,0.11392649432662183,0.6156338053548914,-0.17874335662923002
990,0.2943021880704102,0.12080888779620258,0.6388552491177776,-0.25206103997423823
991,0.4256677193431744,0.16974799164387488,0.8450180282927219,-0.2738861291746575
992,0.4656898621995824,0.184153707933564,0.8586408402217266,-0.29718974878098414
993,0.5626654523435353,0.21817360111004258,1.052838549998762,-0.1967179109377546
994,0.6958316342156199,0.26302315707622625,1.266354582732515,-0.1520528133716621
995,0.1509556900854474,0.0641291260427046,0.4188423422672623,-0.19289073138438406
996,0.5833295918184314,0.22526925113036111,1.050802534573835,-0.1273484498618478
997,0.7686668315417711,0.28672462925020104,1.3387082652876008,-0.18266998842895998
998,0.4658684271641784,0.18421748626806278,0.8578873570044728,-0.16626491119197273
999,0.2129640909020596,0.08910466269617112,0.5239408053770421,-0.2206285507562965
1000,0.19032898433294232,0.08007218731934107,0.47034170027736016,-0.21266537111550354
