bootstrap_id,diff_cumret_sticky_minus_static,diff_annret_sticky_minus_static,diff_sharpe_sticky_minus_static,diff_mdd_sticky_minus_static
1,-0.28994595948609936,-0.1127301890292145,-0.48258530613200407,-0.04558925471601849
2,-0.07473565751011224,-0.04631450056106867,-0.21827252583244383,-0.052461030447936485
3,-0.24050099073323516,-0.08444652745227099,-0.4489675365878234,-0.0842070203599623
4,-0.42642272357322597,-0.21660610677963799,-1.0451814173244256,-0.24446827216894462
5,-0.4297498819952561,-0.13170155600858546,-0.5403287297770194,0.00135216187436904
6,0.04589322278469132,0.019074673027927647,0.07872715569266231,0.13142763954029912
7,-0.18013481709822987,-0.08783470268134763,-0.42183151343595915,-0.06304552545094255
8,-0.13110490497649885,-0.060382195880457123,-0.2700402432436179,-0.09389909727405854
9,-0.15359282165596655,-0.05925175264400728,-0.26625660206040636,0.00321536421466051
10,-0.03946910603420606,-0.014201241078134474,-0.040148646592621184,0.03147222599495614
11,-0.19662284819136788,-0.06003485442824341,-0.3901417176301756,-0.0014334937980338136
12,0.18433267844691903,0.0712621580519337,0.2899286918982119,-0.021950792238922157
13,0.28693300620787743,0.11174799937877777,0.42118675198353756,0.07273945752710687
14,-1.0116801948241814,-0.31804276651258157,-1.223642974576057,-0.007551906350477866
15,-0.21176858192949677,-0.06639507684978563,-0.3133260210594426,-0.004994088725329249
16,-0.17146351662309323,-0.10061488285923625,-0.5145552278679113,-0.14566135673797775
17,-0.08030143068951312,-0.03212285326380715,-0.16381625569894526,0.058982631623060944
18,-0.2409476656597509,-0.10470465895552228,-0.48887742926932687,0.0019315983753418475
19,-0.13825834304502738,-0.06255870636369931,-0.2785888095609886,0.018982983784961105
20,0.14298384575297107,0.05580421921965417,0.2198421537054388,-0.007197326787238056
21,-0.8443336763641913,-0.2982062857539691,-1.1245025055690638,-0.0033389133500230095
22,-0.5444366078245005,-0.25452527312933027,-1.1880972057083643,-0.2179570407612832
23,-0.45082674342570883,-0.20068999184021685,-0.9729389683380745,-0.13503834947063753
24,-0.09805835277146668,-0.038897706662243126,-0.18803935371466335,0.02048284134719136
25,-0.18166022205429289,-0.06607454595379525,-0.23738265299557115,0.009681651929234425
26,-0.45962553083299507,-0.2187712997680148,-0.9900281395468434,-0.27689021053350793
27,-0.3531455028748962,-0.13144146906653997,-0.4973361107937117,-0.02938558194558638
28,-0.26118518343588293,-0.11252884283970588,-0.5839240039400453,-0.06364177732290321
29,-0.26660718286730334,-0.0883726213735927,-0.42394387913368337,-0.0237122610734799
30,-0.9492006280367715,-0.35140815505586076,-1.5594097669490186,-0.1783498104279343
31,-0.2425336804738416,-0.10526142537826699,-0.4914609218501422,-0.028177010467287378
32,-0.15942745079869725,-0.053051568593130094,-0.22559692627758432,0.05551404950409822
33,-0.07724387519520959,-0.03273197965605634,-0.15394385994603,0.08160425485220357
34,-0.0929604863977902,-0.03803525248198558,-0.1571563465752051,0.03308665637920927
35,0.0360902913235468,0.016358164090490068,0.05397003144759057,0.06953261453487936
36,0.05852678287459079,0.018767028701272892,-0.019311906072118523,0.0057632725523723005
37,-0.10684850349493269,-0.04558852447395001,-0.22468919271486618,-0.020469080906964865
38,-0.009047585817544945,-0.003258112729528362,-0.029925664695869658,0.06776180945536825
39,-0.3584655685902045,-0.14999848649283087,-0.6917688503555459,-0.057110983998294285
40,-0.024495980052876565,-0.010611915711515874,-0.04925127773409327,-0.021521778604047914
41,-0.5261611371601169,-0.17479327698767744,-0.8061295428028967,0.00768848900461061
42,0.15607596421759196,0.05281434850521549,0.22705369408803,0.012489343470407643
43,-0.1655208315946386,-0.0619577149431052,-0.2276404756977929,0.020646054350004328
44,-0.5063893693954094,-0.18950748601094936,-0.8028558069341509,0.007064925616232065
45,-0.15986965699189848,-0.06392385014854374,-0.22940293370917803,0.006515575136011753
46,-0.12797814168452204,-0.04665036144637824,-0.2238639155759955,0.06444542349794924
47,-0.38293417378913963,-0.16679098807937798,-0.8781608301316752,-0.07062496461712886
48,-0.031505596412443326,-0.01186612569878509,-0.09227793773311643,0.007719453812340071
49,-0.14280594730024543,-0.054843704399622384,-0.20018377645814572,0.02000655547098662
50,-0.21634650072608386,-0.08752596671837165,-0.36117494835455366,-0.054893508662206436
51,0.03175165052237894,0.010818382147493644,0.06789566063125085,-0.007799532579328083
52,0.3665237515445954,0.13859058284251935,0.604131501676011,0.03642938813017127
53,-0.7200203054502697,-0.2986226468536006,-1.3399202399398438,-0.20093922013274101
54,-0.2662641448720835,-0.09971223047310995,-0.48266343029883607,-0.014445754637345098
55,-0.2699534766582752,-0.10649448735161227,-0.4940416695444359,0.04978135704069375
56,-0.5005747630745199,-0.20332452963037184,-0.8475096947049637,-0.13387401330832938
57,-0.546343972562658,-0.2729086035754239,-1.4417602775314649,-0.2145405593789791
58,-0.08765000161145164,-0.03305409093950007,-0.14413049149756074,-0.03183346493081529
59,-0.6893415827234712,-0.28401451656158183,-1.174195492957348,-0.1044051834619214
60,0.0024150130606230835,0.0010263151943035176,-0.0011554342741078583,0.03652525248073868
61,-0.09142156097331133,-0.03405359480902148,-0.10779332132969799,0.0021653959128208333
62,-0.032796139796421264,-0.014415171240285907,-0.06891157878822969,-0.01566669384554853
63,-0.45930668126640184,-0.20813539493041855,-1.108813884100507,-0.14634949848961498
64,-0.3659711833068777,-0.1383682861375719,-0.5687913700972367,0.005552974817666589
65,-0.37993002388613006,-0.14539018372300694,-0.7215145737547053,-0.030710656087095
66,0.15376575011263682,0.07172143577911838,0.29910666764584937,0.13845386038717722
67,-0.11026721617012714,-0.054396224441967234,-0.2692561217136524,-0.0272569088347826
68,-0.28593904175566154,-0.09630027600423907,-0.3893465744944521,-0.004609364603702093
69,-0.249656408584376,-0.0862392541446062,-0.3045835834631637,0.022930586944486908
70,-0.30824837430400875,-0.09687816916621372,-0.3727652195847011,-0.047738079492600005
71,-0.09541281705873805,-0.02746742052429685,-0.16321502295402524,-0.011209919568653137
72,-1.3960293952814538,-0.412527093062822,-2.1305351958329637,-0.012732963478408799
73,-0.41717205708379157,-0.16949887594760926,-0.6648569214215301,-0.1600431152910935
74,-0.24231058743412182,-0.09991288739604287,-0.42406203695058287,-0.0681231811383578
75,-0.4234727332752495,-0.15073462810329707,-0.7050710513753358,-0.06219488606098067
76,0.004874790370447801,0.0020066761712798087,0.012675570212715426,0.05019610164935184
77,-0.42951539764821756,-0.17274471577402495,-0.7943477051727492,0.009974808035926985
78,-0.35619481702487077,-0.12166216232111138,-0.5874944261720647,-0.010138811775394663
79,-0.48925696324828283,-0.17845585417640852,-0.6931021081503138,-0.047533745115650006
80,-0.661738914582664,-0.21445752442589305,-0.7002498583891248,0.026096228087274853
81,-0.33990920036857086,-0.134123294507553,-0.5847033859230091,-0.04369821495758541
82,-0.13112051512010692,-0.04953597645570573,-0.16011238027643881,-0.023958058529807702
83,-0.004728587684231789,-0.0025616005321408286,-0.036725574010263995,-0.024009785249857418
84,-0.5785034687392501,-0.17803101668212484,-0.8178981663945064,0.0022441218365097937
85,-0.29916021906668466,-0.11401721939321585,-0.4250428354734245,0.030544029557148522
86,-0.5083434625250092,-0.18225197918528924,-0.8346879788076174,0.013288752448176622
87,-0.34780006370304717,-0.11716325133536598,-0.5268162739208446,-0.045145483541383036
88,0.16772746138311012,0.060983116025173256,0.27689860167130065,0.03635294882800599
89,-0.26530966803827316,-0.12377607786804867,-0.6286085700441312,-0.1081825841903854
90,-0.07656831621958837,-0.033922107229166665,-0.15214147679968387,-0.04016765782703602
91,-0.3383940807207706,-0.11641972367237319,-0.5054077082081562,-0.08949285107287785
92,-1.168031711778868,-0.3828460128961253,-1.5177068514590684,0.015457316051426861
93,0.11653607123254117,0.046672965937418764,0.1957429685456915,0.03668823565783319
94,0.09584489252786899,0.032337235505986994,0.09630496981249403,0.027378058348484613
95,-0.4448171280336679,-0.16189550276173814,-0.7270900058000442,-0.016061907015360144
96,-0.22874479968992534,-0.10765209531187725,-0.49192103242961666,-0.07524865019689408
97,-1.297403404150556,-0.3925391474917912,-1.685643512383945,-0.030032742927233236
98,-0.044980831759389495,-0.025416434257707232,-0.09362885619993899,-0.018456072996649642
99,0.009191032732191795,0.003798331868090088,0.016435012807096527,0.06562206720654995
100,-0.10670387775695778,-0.047393439678506843,-0.22451284083769496,-0.06264033326006324
101,0.05086806745050243,0.02023626172756643,0.0874171708185813,0.0013128997476190563
102,-0.2837585033110619,-0.1107003930253716,-0.4670479239412822,-0.02173632028613437
103,-0.22723565373622023,-0.1111680906758441,-0.5765025155174478,-0.12842280710609455
104,-0.3213960931871549,-0.1254808395360434,-0.5114809197624063,0.010469764389563596
105,-0.2348316149965789,-0.09853166492572074,-0.4527254642622273,-0.04096483162873865
106,-0.5644785918003286,-0.19169349663838653,-0.7896731705810175,-0.09610596269754479
107,-0.511102263978118,-0.1576213776164621,-0.8467385550653816,0.008193108066747778
108,-0.04679123037626498,-0.015252685438741587,-0.13123582775228138,-0.1003513101162673
109,-0.5891295270417751,-0.21038561906939268,-0.9476586176301527,-0.054783766246990884
110,-0.011378039926631223,-0.004316579060479109,-0.04632833837430528,0.007650601650382338
111,0.10046649168711541,0.035143763157021723,0.11377617885616498,0.03396786595683332
112,0.10056693227549263,0.04719529568559988,0.1712711779302938,0.02333155070951043
113,-0.4184467734527897,-0.17182883471944643,-0.7706990632352647,-0.06846512312262654
114,-0.13977110220389366,-0.04326908744640079,-0.1365263337619267,0.030291105130822005
115,-0.3797377825564501,-0.12929662382184404,-0.5226032096759027,0.04418883733192258
116,-0.34736625128153453,-0.104801448913735,-0.26481464895466833,0.009399812077767966
117,-0.02064208249069699,-0.007468061643236545,-0.0005134416712736511,-0.036457145899711274
118,-0.153144608312205,-0.05614825501386078,-0.23116566183282372,-0.08486220516080434
119,-0.5863595594424286,-0.227835739148036,-0.9778332813868126,0.05952658913092579
120,-0.8443814450122253,-0.2834499399133066,-1.1586901978320978,-0.13555520347055705
121,-0.6217765817506393,-0.24115219323185377,-1.0317066723486747,-0.10083613694505655
122,-0.06856207130550751,-0.024069551934354783,-0.008082262494926384,0.0659902943771159
123,-0.4288932185854484,-0.13162327656342798,-0.5546578996875307,-0.00041828893781103993
124,-0.4621343867805252,-0.19417469025424994,-0.8409092206307748,-0.1360490266649249
125,-1.2691646142685302,-0.39392195504021243,-1.615023687065969,-0.08715907395188183
126,-0.34974707745612665,-0.10433785289362829,-0.4373978229890356,-0.05425238162952817
127,-0.12685621611133935,-0.04909646998107409,-0.20632637001311466,-0.06663251272902415
128,-0.348595721594699,-0.16401867059165998,-0.8268551804296274,-0.17032776884453749
129,-0.06277678830290667,-0.027816132580709696,-0.1357419868166584,0.01708052622313827
130,0.10439555535273137,0.041629088325942254,0.1640646039484382,0.1028564769830077
131,-0.31632420220855595,-0.10498396364915097,-0.3517074887101279,-0.13721049571210464
132,-0.2595121480480115,-0.1178071494180396,-0.5617045513659333,-0.13252193304497673
133,-0.3421612930083455,-0.13047174195881928,-0.6370034078793632,0.007601808200422333
134,-0.5979400956692156,-0.23902904557381,-0.918545410479219,-0.07001342635564334
135,-0.2679125341215616,-0.08856516040425455,-0.27967469345779716,-0.020189125305708044
136,-0.3608860273990264,-0.13332410420494356,-0.4769714305816607,-0.06167381127785032
137,-0.35778840018497204,-0.1281908771447502,-0.44062937778322797,-0.0544387870536539
138,0.04239108488230148,0.018297779746062393,0.07147973888901837,0.05023676360325069
139,-0.3060969675761711,-0.0960907666460511,-0.33011322189687786,-0.0008066479067525556
140,-0.33190230950178146,-0.11902459389824438,-0.49003398712855795,0.10132219739332637
141,-0.2882720486878574,-0.10784240648208732,-0.4433933850403139,0.041924626381740215
142,-0.10658468827370582,-0.04473852498830433,-0.2568721464312397,-0.029345344339900548
143,-0.5037557800550003,-0.18121917187248715,-0.855465604150506,-0.05698023466307578
144,-0.11928303961108666,-0.04178380637827095,-0.164849515911631,-0.0077995325793281944
145,-0.5146598799073205,-0.17407621930768302,-0.8207534971547584,-0.0009607746287054741
146,-0.7766926280667923,-0.2596049230101034,-1.1743611432471552,0.030957122923347957
147,-0.16487592723556632,-0.08140592503104271,-0.4404206585100936,-0.0038157617997460758
148,0.10538648028253617,0.04022783319808898,0.14183117227556452,0.038228567882405695
149,-0.5990294993886061,-0.18928686552543872,-0.8391102747341175,-0.047376308252249255
150,-0.7238565971311872,-0.25770919839550044,-1.0362296438536396,-0.057614123800829864
151,-0.6764128585388135,-0.2812182622936109,-1.1897580126774443,-0.029753793191483968
152,-0.16224378304354414,-0.059168215719983985,-0.30598965929439914,-0.018199608356692654
153,-0.00045583730705023306,-0.00020891771925046765,0.0013522728834181562,0.0011472214651728763
154,0.036344237647437216,0.014350896720268125,0.0638424581485183,-0.03972931625817011
155,-0.21380336213209827,-0.08711088850495674,-0.35499081761037105,-0.06760218542702501
156,-0.5088074928432251,-0.16832231845126144,-0.541391287906043,0.004096220272553741
157,-0.5317203150549634,-0.2201566036372936,-1.1020272168144565,-0.05823779880563584
158,-0.5659713992514357,-0.21477999387614188,-0.9990699610367288,-0.13096965177280173
159,0.33035015830184966,0.16154538097248594,0.6556344310076391,0.22557732903181427
160,-0.22087952978779724,-0.07521005297457872,-0.3690632058140213,-0.012467865834531078
161,-0.16823821931141159,-0.05517818460005697,-0.2095812463585598,0.02105971130330453
162,-0.490093504677243,-0.20402775818167562,-1.0490313537887606,-0.16728707785225594
163,0.15203476356624068,0.06043224527915636,0.26356280320874614,0.02530549069832877
164,-0.5153983196555614,-0.17934432901072195,-0.6411731792912176,-0.02884815364596105
165,-0.5604405844374771,-0.19295337663645684,-0.7980626185708591,-0.055117310587106116
166,-0.169433300179473,-0.0661053075482596,-0.25365956240845033,-0.10024581553087786
167,-0.23688015667890994,-0.10199975064765376,-0.5155029600846012,0.1060273625378233
168,-0.35406661358380176,-0.13491241372553242,-0.5363402316072099,0.00011520456588254291
169,-0.258018096640689,-0.11492044023749193,-0.5177782809008542,-0.055495738223563684
170,-1.1323107309765743,-0.3626124935508346,-1.6182763970865053,0.004394321084470465
171,-0.14725436792295987,-0.06191554680254896,-0.2675771140541857,0.02834706425092104
172,-0.20079801168168676,-0.08555809255926117,-0.3847284644048932,-0.07106753882925476
173,-0.014866840598043662,-0.005074477585964354,-0.12516899820366056,-0.009534858497387111
174,-0.719886467244284,-0.20432605857820252,-0.6803249102179931,-0.018325111741805955
175,0.22335357715810056,0.07611554317817992,0.25690408406847487,0.09976844969828969
176,0.04795607896832155,0.020387542837253525,0.08509756926996126,-0.007632116671068112
177,-0.06765076517154667,-0.03529729689482686,-0.23313557007213193,0.00836112142783263
178,0.03440273521426351,0.01474369079269544,0.05149264431968331,0.1062565633245206
179,-0.6454290374166003,-0.22820149014478397,-0.8511446264771769,-0.11416134100580333
180,-0.001005420074234653,-0.000428605660908854,-0.0036691729082162228,-0.014295423378459127
181,0.005679919898733843,0.0022747862206988767,0.01172256058363047,-0.06117796011757359
182,-0.5427499239927063,-0.16322920343392067,-0.5558026036052592,0.022750482909458247
183,-0.2204285846499956,-0.07700943152590578,-0.2496757262193916,0.0075067849670188425
184,-0.21717867742744779,-0.07766302439154371,-0.4741400236868637,-0.005645553582138141
185,-0.5439832843596162,-0.20328802092226472,-0.9163477456836383,-0.09446724064422829
186,-0.15283427167913266,-0.05448315649940105,-0.1946620735767257,0.034605062701426936
187,-0.0015759418841053696,-0.0008320987122514278,-0.03886565359073857,0.06475630855120873
188,-0.5845789054779804,-0.18572973465376985,-0.719605314803053,-0.020180983626592153
189,-0.535681851578687,-0.18596015937222976,-0.7484311908135107,-0.06568508316170674
190,-0.27866218772280527,-0.11160622683893573,-0.42270400941831116,0.06066801116503884
191,-0.725645241464256,-0.2295442783496131,-0.637099351017628,-0.07216565066547853
192,-0.4036172548071433,-0.15173208636995406,-0.6543105934182205,-0.0550428187179034
193,-0.03878325173841923,-0.01590495342479703,-0.07907867759683662,-0.0749264712806158
194,0.24651105414693308,0.0856161499849235,0.36148241265538106,0.026362233085097664
195,-1.1792022550895829,-0.3661872193273774,-1.4685539941803043,-0.003376032194124634
196,-0.02404305950890495,-0.009075916232433867,-0.03950181832819266,0.08174441728447113
197,-0.5762822193164763,-0.17109775131568306,-0.8132807234126866,0.008972323449487507
198,-0.05169670020281525,-0.018488677993800273,-0.01853291495489151,-0.04118130438122125
199,-0.4144204072824702,-0.1466851592510987,-0.6007812266516779,-0.0006725220724257408
200,-0.6294403803835916,-0.2486198423568129,-1.2179005932787452,-0.09939040770124608
201,-0.11040487776582841,-0.04755335671970207,-0.2092839918272179,0.07566165559073135
202,0.10808798442802892,0.045318365761302104,0.18379217756448696,0.02530933058664986
203,-0.5223897109992581,-0.1890409054322133,-0.7831639273015544,-0.07693442215435664
204,-0.37061619670834567,-0.12844780982028325,-0.5367588435299987,-0.039880708134674814
205,0.13769228877600592,0.05979389528622936,0.3163879812904336,-0.004601846791943198
206,-0.5833096255818435,-0.24962571109173648,-1.113031524638985,-0.09303313905361654
207,-0.44336554002281425,-0.13808906670778542,-0.5037488668036676,-0.0136258975869481
208,-0.1568562459296634,-0.06058926149361343,-0.28577806220709034,-0.018888572149142302
209,0.4055072507239781,0.13933066804170813,0.5168329258233821,0.004712455234501145
210,-0.27411625831910746,-0.11034484170956649,-0.4733401452769951,-0.06012691263036163
211,-0.5171640568356307,-0.20951733610464418,-0.772322734601029,-0.1031805369767661
212,-0.041533141071629975,-0.016760730614218122,-0.07162935246437069,-0.008837410322783512
213,-0.33631178278604124,-0.1433842775265799,-0.6206885225718325,-0.07591955302640996
214,0.08883751122795891,0.03373089051229128,0.14856550427074755,0.07147296589312901
215,-0.9892661673445413,-0.3472843740196758,-1.518098087229598,-0.04930074856626876
216,-0.6634680991885955,-0.19402011793695917,-0.8027533815672134,0.01107643394554192
217,-0.35573486891718287,-0.12803655062406816,-0.5081885015987078,-0.11894879530776081
218,-0.10111514521505471,-0.036067440496126535,-0.05604547624381062,0.09034561506905103
219,-0.29442197078388976,-0.12678803373320746,-0.5408560034311736,-0.1047902775588796
220,0.024732461604732192,0.012929568628961108,0.03744428087707924,-0.049607404758963525
221,-0.3243406381399556,-0.12866936869378143,-0.6197542236337379,-0.07352920196618884
222,0.009644757611968702,0.00357838690932466,0.019598196659817768,0.08736271203311141
223,-0.27485189236173957,-0.1254933471964459,-0.558385603966433,0.020003161623047938
224,0.009092275777642156,0.002818801017184125,-0.042336795810770544,0.025208494714346052
225,-0.6039292986275424,-0.18808636355213038,-0.8368620154269804,0.008352686106960716
226,-0.3119154056195138,-0.1317788119206883,-0.5402046657502106,-0.18367752481815414
227,-0.35137937813593356,-0.14257456921419798,-0.608940951870973,-0.04256221091459178
228,-0.11041046067161031,-0.04609327514364425,-0.20340417020254783,0.08978809039993307
229,-0.06331108195606117,-0.02049027419933558,-0.08787169415251195,0.07501144922082881
230,0.04025248627969624,0.014509985538731618,0.04182223831963294,0.023884562942190213
231,-0.2438993043225166,-0.08555613721095678,-0.3072379594236657,0.043621782213357
232,-0.745019885641873,-0.2715864094429743,-1.1354101243565766,-0.07234263935225682
233,0.344230429366704,0.11484626669850151,0.3864905304549586,-0.03388141543523904
234,-0.128858948165687,-0.058136254786521624,-0.2700389021387033,0.011115832803920922
235,-0.2792414872750357,-0.07546926125186215,-0.41904766988832765,0.005099167310191999
236,0.0620745467057231,0.025711301341411197,0.11204842470719645,-0.0020741034570308514
237,-0.08023596898050245,-0.041811310371561716,-0.1896494481586805,-0.0487536505973265
238,-0.15633485719310425,-0.05904339862790198,-0.22400160320422202,0.04070023743299589
239,-0.6034250645815653,-0.18873808479148768,-0.6974218015141704,0.006831756945513967
240,-0.5405882060661278,-0.1706088029446653,-0.8620619889792129,-0.05246317693866864
241,-0.19609670483685715,-0.08213661239505776,-0.38053125863163506,-0.047538039106357344
242,-0.24117088757187122,-0.08811058261141369,-0.3217519776573853,-0.00562731479105627
243,-0.49932050516161364,-0.14469528772739615,-0.695695758218537,0.003879358924898546
244,-0.1931395151073041,-0.07271531571328049,-0.2617639558216688,-0.06924562207899165
245,-0.6056943362354266,-0.20865992822477208,-0.8343798702663798,-0.03528218174094566
246,-0.5492193437576909,-0.2181942563284317,-0.9318205658743072,-0.11519562629373192
247,0.0344482966548767,0.01604289520876756,0.06528237434380801,-0.055954666553997834
248,0.38148184364881654,0.1396798897819338,0.5636335060164878,0.10275120462227183
249,-0.36793978442732667,-0.16422673913481467,-0.6880589834094714,-0.03211333975046193
250,-0.08001064326875418,-0.03519498115523689,-0.14606952140491258,-0.021314545731106138
251,-0.39434205414346535,-0.1874741313235968,-0.8482399594521073,-0.20053572715538848
252,-0.18695144825064525,-0.10378320600963298,-0.49509882823965734,-0.0031452585921879495
253,-0.058404959321060934,-0.021853179575407333,-0.08690246889714781,0.03346398037457643
254,0.008057978923007747,0.002504942777515007,-0.07184913213393895,0.0015722621639169265
255,0.07073903664152836,0.025398519690939203,0.098777841038173,0.015439767965510054
256,-0.3543909660952764,-0.10931260884297744,-0.4492854759335254,0.052183151542247064
257,-0.5331395051299299,-0.2123500458227081,-0.8955307821789867,-0.03260428440110241
258,-0.22131274107271048,-0.10007546941854262,-0.45400587571231765,0.019109122784685573
259,-0.46605042765106663,-0.15538671981690766,-0.6909063144302348,0.05710887545043197
260,-0.17211830748084744,-0.059548704487536686,-0.19355329175238023,0.029726410046873597
261,-0.12335065824162328,-0.04802664701550463,-0.20291914966273933,0.005697603832077958
262,-0.05709861379110137,-0.019192381844812312,-0.10257136410487089,0.06353277118446288
263,-0.176172474909436,-0.04873074984552983,-0.3130843803209886,-0.024518526260333462
264,-0.5690612698689843,-0.18614163100398318,-0.7300929515231092,0.007064957318328791
265,-0.23332945186219112,-0.0770165780216403,-0.3946908392130386,-0.04694537892936701
266,-0.20078618049706565,-0.06653394437268423,-0.3377203101475075,-0.03438981673817387
267,-0.25321300753463727,-0.08440094578159019,-0.3171030668284034,-0.016391078920493185
268,-0.21613386060806472,-0.07724452308995522,-0.32946993658793033,-0.0035365924701883378
269,-0.5833513108275228,-0.2181931843183753,-0.9432576755464918,-0.06367179040326698
270,-0.15146991108861263,-0.061378478891372046,-0.27325855564990437,-0.10532358963775423
271,0.3083235131181853,0.1553614105181622,0.6445231527553937,0.20833505228441185
272,-0.30302202964192126,-0.13997829331895628,-0.7234377615065453,-0.07564289871045304
273,-0.47304495753183906,-0.19187049800843414,-0.7886732044412995,-0.1530219420293908
274,-0.2840288132868918,-0.09517597085990315,-0.28775422652698446,0.01908727192937676
275,-0.13298218410730023,-0.04300061845773451,-0.1645840799917071,0.03988068420715274
276,-0.7965877223914277,-0.2679468877131581,-0.9229463010102004,0.015761877102233757
277,0.3656437839408102,0.16578915121923066,0.7307479767016654,0.22104469652850822
278,0.031140665446745652,0.010877530731341789,0.05852770639726779,0.019836742464837465
279,-0.5193722504259675,-0.19286087686058373,-0.7509111136287985,-0.047446617859822626
280,-0.6221856060690174,-0.2256200849532619,-0.9349086203231654,-0.07253702854427158
281,-0.23395748236509206,-0.08556037038101105,-0.3503348479235936,-0.04919942880335393
282,0.15829810340464934,0.0603965040852823,0.2252095151304968,0.15436031303600695
283,-0.39424623670531855,-0.156698067416563,-0.7048327016543119,-0.05607183229393642
284,-0.2545550323391066,-0.08746550590034885,-0.34809114551137477,-0.04445753212449721
285,-0.03386146805208701,-0.013225956481907719,-0.037314802434640915,-0.04790480230403604
286,-0.17181137983205952,-0.07730568939310745,-0.3537213740796261,0.0017837986467441613
287,-0.5084582210070656,-0.17653549718255546,-0.9465897077220691,-0.018269886799913815
288,-0.36163076348385204,-0.14374629319375587,-0.6659019790169342,-0.04350549727314701
289,-0.9160793419092945,-0.31852560102491423,-1.1564502825262453,-0.05050523274793306
290,-0.33256195073906425,-0.11441385484914246,-0.4988571419187937,0.016307037137947122
291,-0.14764212815457634,-0.05643493232393859,-0.20161388582457163,0.03727848179805682
292,-0.45480049306283377,-0.12143252915901326,-0.38496066037112664,0.011332234473764746
293,-1.0217727831170882,-0.3488280126156964,-1.6030138084253454,-0.11552244407173651
294,-0.4609072490765005,-0.1530481870110605,-0.5350329547281596,0.006188999783396487
295,0.74034190141297,0.2470728455036757,0.9578816576935554,0.021777689578344916
296,-0.19982412484183154,-0.07317997340731308,-0.3197218736646489,0.001669213642714995
297,-0.12695572980457404,-0.03804707137601926,-0.15830058675417313,0.0015722621639169265
298,-0.1536643767137963,-0.08508685301302976,-0.49677963208235404,-0.09331491176713202
299,0.17226789221830519,0.06457371171917536,0.2400217567256182,0.01968269605925177
300,0.26243283837101683,0.10179554325328777,0.4063080355983768,0.04674980454368982
301,0.050786282747459,0.01742226601580521,0.047057506969005125,-0.024349416772931898
302,-0.2819804263390875,-0.11441526298379512,-0.46895241370026514,0.031226892064006972
303,-0.17786270056069386,-0.06867024812255518,-0.27321041631094284,0.016034177385043202
304,-0.19214763818070035,-0.06364055150858361,-0.4003909141169142,0.0008608024757711386
305,0.010925984795178367,0.004857791336806083,0.01583430814639171,0.05209460362675078
306,-0.5108351650295889,-0.22853605371385888,-1.1744389598274605,-0.18279802189589767
307,-0.2315213027457974,-0.10021883625120653,-0.48086868779323466,-0.14877194191077003
308,-0.1625822676228461,-0.0573597125076033,-0.30917510745591104,-0.019172499753574823
309,-0.4531419759630404,-0.14020695102516645,-0.5714933452899975,-0.013722371625806584
310,-0.5078209536367824,-0.18485160098611764,-0.8444559050660316,0.017268166114244976
311,-0.3783608500904161,-0.14732059963248711,-0.6278873350434931,-0.010131236324698367
312,-0.6801257830245571,-0.24401266202332805,-0.9999634604278514,-0.1852361133310848
313,0.0034886108694005546,0.0012348693964461255,-0.03753935922837037,-0.004134063401059818
314,-0.0504217622553087,-0.021771734095183737,-0.10085928307855835,0.039089462234225825
315,-0.6141829947656732,-0.22104404191710292,-1.0247624206903219,-0.07104074084794632
316,-0.0830687233639904,-0.035878301880191144,-0.14476574018686833,0.0468505420483446
317,0.05148826956720498,0.021124663456297155,0.10160978932327913,0.0423540872639292
318,0.014636821653629895,0.005149665065240283,-0.005650363982824258,0.038374221546816134
319,0.6515366503280251,0.24067554179658712,0.9871506031758241,0.03396954466099256
320,0.7434428269255167,0.24327853456160353,0.8390164849962249,0.024439931288460892
321,0.0275376987332161,0.00885388847853985,0.1045883655550528,0.043583259581834066
322,-0.5171405025214635,-0.18273254564511276,-0.7323546052322613,-0.08770849070525522
323,0.07953182950979587,0.03921848805354333,0.19346172298649,-0.03120553036490037
324,-0.18298580767364492,-0.09283487527942968,-0.4376149504815395,0.02498924535148217
325,0.264377928921371,0.08823228484515,0.3148387232688652,0.031114662904277668
326,-0.721799106598324,-0.2702072422972319,-1.2969313931604045,-0.055135137698795744
327,-0.6753376720324988,-0.25236558921396957,-1.1171536787856513,-0.12355095290668916
328,-0.4649720661027692,-0.16972886289421907,-0.815367232060169,-0.11907263281038105
329,-0.12971032186620524,-0.04929908208129774,-0.2358635123929489,-0.017778542334836556
330,0.034219295736693134,0.014251136616682647,0.06491374220779411,0.10438551694584375
331,-0.4967346852010175,-0.18667964498723588,-0.7670842329119381,-0.0858208177380847
332,0.11562449795959151,0.03507350981157309,0.2606492031118708,0.04581060234809675
333,-0.1996481931008447,-0.058679589202367044,-0.07499867208875877,0.030516618876134327
334,0.20478684822625315,0.07896521304702708,0.3241764771170961,0.006130453066541364
335,-0.6352893160317052,-0.20874888370182054,-0.5997792814532589,0.011350104943190997
336,0.0651947518447471,0.02681701691307925,0.10863364573391476,0.04310420748707433
337,-0.713135465776013,-0.21375342568066058,-1.0197330978419206,-0.04086182797369198
338,-0.3199886598541488,-0.13773610616699505,-0.6259876143016311,-0.042778065465414516
339,-0.06873022518677319,-0.025742720111516126,-0.12035695943618707,0.03399069015750755
340,-0.20731648259990454,-0.09144757531414982,-0.41275018545682773,0.010680089906070722
341,-1.43994577717083,-0.37361482147117253,-1.5155084456665437,-0.03790452562281188
342,-0.5116951038878037,-0.1498165982301647,-0.6885591760991849,0.1018619721588011
343,-0.2906331078202876,-0.1526228283021982,-0.7141610361579184,-0.03855510517039806
344,-0.6298448734457958,-0.19519134287133388,-0.8549231622678692,-0.05274959314649941
345,-0.5836140452073624,-0.21701360615544552,-0.98936903621389,-0.08502437844908128
346,-0.4028852952411106,-0.13441049827671914,-0.5655578542478438,0.030791783388238292
347,-0.21935337922592724,-0.09002218605415546,-0.37739160302876806,-0.0004649493310808772
348,0.18139348364470465,0.07584209439314415,0.33064855963733275,0.011108809985417634
349,-0.36527581825894684,-0.1649377828993972,-0.7375860451866201,0.001736277784899043
350,0.03094098716349647,0.010315710781952259,0.041847816311591624,0.053816650242966224
351,-0.7466995356809676,-0.29630582881584966,-1.2327982733778067,-0.21808975256705998
352,-0.25207472066305026,-0.10178378242944697,-0.46418379950238564,-0.07812384716036991
353,-0.037275483439812684,-0.016732902402143868,-0.0781761520002103,0.060139962921588186
354,-0.27349098622144774,-0.12249826449969126,-0.5554916911181587,-0.021456512795685168
355,-0.3203490982404731,-0.13743741604147108,-0.6471289365560102,-0.05305071420395413
356,0.31069848070574335,0.1313107363945295,0.5922765654744994,0.24742921080943547
357,-0.32424220228539913,-0.14385733524782318,-0.6111373918286631,-0.07548443866622712
358,-0.5987157049043814,-0.19535727916014411,-0.7064823808337053,-0.06396405892910006
359,-0.306919606501701,-0.1123837303710864,-0.43767366544702,-0.05910772998540004
360,0.10820538527120593,0.02857765467707396,-0.11894643570497498,0.018101251408535357
361,-0.18087440647805053,-0.06286719109011729,-0.25844304971121024,-0.021246338730550596
362,0.3208556638734733,0.13192909181907164,0.5335127891851377,0.05030491169990026
363,-0.38251347718869333,-0.12137415980319988,-0.5309695588404149,0.02125851643754917
364,-0.11815965909432857,-0.04980654328625134,-0.21136682676544502,0.0024074439688737126
365,-0.11107841518966055,-0.05407458960913214,-0.27292261454478195,0.024578532296131606
366,-0.26563486551052806,-0.10908159144933527,-0.501295406241276,-0.06631034800751945
367,0.15485094734205584,0.05094494673675665,0.23840703898782922,0.04103347240848099
368,-0.2806913079663341,-0.11808557805965114,-0.5471159979658587,-0.02455923797252968
369,0.042535604091867185,0.01180103919187192,-0.05659051162156947,0.028644750155729315
370,0.22479520606753067,0.08802642910468572,0.38580087701462806,0.10503088120521953
371,-0.143696902283997,-0.06446941748364965,-0.34123718724039676,-0.019538434640390845
372,-0.31825656924008183,-0.11878089005781156,-0.5893910940561308,-0.1232790530465081
373,0.00371472473920198,0.00174637413592027,0.0035515457980187376,0.03958573083685846
374,-0.4834304228309628,-0.2390277945261684,-1.229879289889773,-0.2697188706254444
375,-0.04191150370054064,-0.015591183614500848,-0.07784764804499078,0.017056933713021194
376,-0.3082869568838311,-0.12137321438531279,-0.547147798408649,-0.02945204251763678
377,-0.4323401291096891,-0.13251861167917478,-0.5325994620306846,-0.054317789896091595
378,-0.11943425971778532,-0.04515152479939499,-0.1741940163698048,-0.09851281101158071
379,-0.6169415071965982,-0.18741848256807647,-0.6463085583922543,-0.027261028957602296
380,-0.2554801316548103,-0.10110923934715688,-0.3940429210121266,-0.01794739860147343
381,0.0736499281927605,0.02709125370931642,0.06677809482295827,-0.03636803211940132
382,-0.24590472873190505,-0.11794812009024902,-0.5860010433330032,-0.024255270839090404
383,-0.1601334910107195,-0.05262822029853331,-0.27569348233614654,-0.03180847854481672
384,0.0867568245614212,0.04819813907759907,0.12343439960403907,0.030788916891110074
385,0.37842027545005763,0.1325323407682244,0.4718254081046893,0.03248536737989405
386,-0.3317625361633876,-0.1573861953043253,-0.7666076934090713,-0.03495645141370385
387,-0.3933840652670517,-0.12892003042170508,-0.3880589475995456,-0.04445184374696398
388,-0.5028836545863109,-0.1847746913280408,-0.7566149167856597,0.01650735927135727
389,0.0870608676212421,0.04202804283198913,0.2045966417010685,-0.01621083754688646
390,-0.6043929759331785,-0.15417831840098284,-0.5540351780562305,0.03730945667739427
391,-0.37121167209723693,-0.1437355686325832,-0.6688570912368601,-0.017254686113438278
392,-0.18488418619620117,-0.09649014470701334,-0.5837218521027452,-0.027461665225751664
393,-0.256425335209181,-0.09275661574660554,-0.4846074773479857,0.008133033408213142
394,-0.09502158863650689,-0.034856305224863826,-0.13655894529684798,-0.04200175293607766
395,0.22015912001406235,0.09336495924749544,0.3627311707439139,0.16829443184424708
396,-0.5873033264120795,-0.2264099566550941,-0.9728825073724249,-0.11626026121383726
397,0.0546608334548625,0.024190985819082633,0.1115218694389727,0.007481700886230458
398,-0.4249571591117369,-0.15582778932039854,-0.7089646651551678,-0.021555013294985548
399,-0.9565608619467292,-0.3274506706716058,-1.3596973577711347,-0.06240667983686732
400,-0.26511685636041094,-0.09882764715900794,-0.38523607888476197,0.09715994957066743
401,-0.3847306249200735,-0.1457290271412195,-0.5271492154847394,-0.084067409905484
402,0.21095999513862518,0.1006681369560154,0.43358367031285316,0.11543450319763271
403,-0.388988991832911,-0.13984149978916638,-0.5533661887358114,0.07804683905642129
404,-0.3415626911054761,-0.13412816762070312,-0.47781285733486156,0.04937964429268005
405,-1.2201168190944498,-0.43275646673248735,-1.968109044773269,-0.04915578109224783
406,-0.4244287198642871,-0.1448926425610504,-0.6805582958443107,0.06403254494926391
407,-0.5606350433100871,-0.19250546009736835,-0.7649182293874129,-0.03694762665603979
408,0.27931453490989133,0.1132163872033436,0.43273488128853443,0.08530797470381757
409,-0.1764413998951886,-0.06810088592108343,-0.28045399254511894,0.031223027965646022
410,-0.33389857264899736,-0.11215831076103444,-0.4485605594527702,0.008731940019670703
411,-0.9560728557268394,-0.2536726124551656,-1.0346881791393534,-0.06097545784810887
412,0.1450056187335459,0.06321605994330148,0.2559550548016415,0.07273439286223982
413,0.28321226681553835,0.1076444601697617,0.43194606433470595,-0.010025386670405423
414,-0.25351421233831517,-0.09358058916517353,-0.45216854350355473,0.06133537423926427
415,-0.6686182983551121,-0.2598382956863302,-1.03501227267863,-0.06747629943803601
416,-0.08225204566857969,-0.03597973129506471,-0.15597387036125798,-0.05226138270200764
417,-0.211254421816099,-0.08415766331087737,-0.3961251285198635,-0.022566913462771954
418,-0.22917341061524366,-0.08995161444586097,-0.4046486867469742,-0.06272750864747434
419,0.28161007322091836,0.11158878827250218,0.44759980770408253,0.05425455691536174
420,-0.6765887063362817,-0.1901486502166787,-0.786317145071953,-0.022835452311194104
421,-0.5757419718146018,-0.23280003612451605,-0.9759023988465676,-0.06774169067691738
422,-0.30277571351338617,-0.12675415015135993,-0.5520821634187778,-0.00417533134197956
423,-0.3906805750414053,-0.11488159945635235,-0.37656933768123024,0.030132531550248642
424,0.2631443928007471,0.08395682640114388,0.2720324371082923,0.005559895304405815
425,-0.1477248504149582,-0.0475017796517343,-0.13279262475895437,0.024791490595173937
426,-0.3917297260027528,-0.14082480476627368,-0.5924814005798955,-0.08101527507966466
427,0.26867168678955156,0.119037065061662,0.5040874891486762,0.12318987648087965
428,-0.21707862389494736,-0.06905306503085029,-0.30303027256749093,0.06005687483596356
429,0.17812756911694572,0.07580822181212266,0.3408611161020273,0.15491286129070614
430,0.27953135734698464,0.10843859164406955,0.42918055186916687,0.05104448859222954
431,-0.17159828040782177,-0.06735167701962452,-0.32764894399965955,0.01820233204668975
432,-0.06011959846924486,-0.02673066480122599,-0.12050851417439057,0.11262314643508653
433,-0.02139385467508914,-0.009059846973584307,-0.03794478865661108,-0.005064281237911583
434,-0.2308716932138779,-0.08325150655843916,-0.2870819203683558,-0.06406553098475654
435,0.28700095816601123,0.13237813233079643,0.5809360216517014,0.14029047474253642
436,-0.11600335122343663,-0.047094175089431145,-0.19713001505315936,0.02603209571396059
437,-0.7733583044192864,-0.2799793727714994,-1.2996485523594283,-0.06258873274267474
438,0.07474098554452402,0.021868879498838423,-0.07219087537649549,0.057654717252767385
439,-0.14716799733744357,-0.045948153298514205,-0.28081675470128076,-0.015216352131592892
440,-0.25875776876688694,-0.10209150551838198,-0.4767469480136699,0.00623041223467391
441,-1.062586033061573,-0.26330215035609705,-1.0745565267342845,0.0009727606940156397
442,0.17051243344554168,0.06528495897645348,0.24860680551982345,0.022032946392672836
443,-1.0262192107165156,-0.34273783865329,-1.1456366515667902,-0.003786060271782188
444,-0.7814685927899534,-0.22399898060620327,-0.7016822141796846,0.02049777783006601
445,0.23802468413686872,0.08423994796690182,0.31306809191692864,0.12225063731158259
446,-0.08681901184187213,-0.03756744409790347,-0.17037341269362868,0.04791514196409419
447,-0.3447693465459487,-0.12836571728936552,-0.5790754991871817,0.03061615698617326
448,-0.10863297702211172,-0.043160923542241436,-0.21162413477137193,0.01469686912458501
449,0.1374595187351808,0.06265676307719437,0.2261828386387787,0.15141131165026855
450,-0.35648397160376455,-0.168102651911752,-0.8198733590560572,-0.08201976850755377
451,-0.23331748546454323,-0.10103941951556361,-0.4419294427008695,-0.01760566056762325
452,-0.040781419397880714,-0.01830726205402633,-0.08845149783777596,-0.00555820700325016
453,-0.5796599318051128,-0.21595872070373345,-0.8412794488345453,-0.0906084013012376
454,-1.3848622686922771,-0.43406856057896714,-1.6364422098071496,-0.05556044005217964
455,-0.37569887775021193,-0.17403605760114715,-0.8212568522676718,-0.2101299344540034
456,-0.08186609906464115,-0.030612433112621407,-0.148197324587928,-0.09132977595086511
457,-0.1209482127004966,-0.05080249398818237,-0.2161105673191507,0.027252721280343173
458,-0.16795087380307827,-0.07412516289512117,-0.34188671812847354,0.04304381388853262
459,-0.17172460552219082,-0.0658695864107095,-0.29025713516825835,-0.04171341172434262
460,0.14879547953273398,0.048750752985626145,0.20316884722020623,0.04038278663124162
461,-0.3296903460677738,-0.1325703692461404,-0.5444593439581037,-0.07489846331669658
462,-0.3678086236316238,-0.13912857423483693,-0.5687235981914218,0.003533141346248825
463,-0.5794271586015584,-0.23588180179066132,-0.9937100321294756,0.010159075124119843
464,0.21629291155840824,0.07701539697712434,0.36177452112146224,-0.000870671107490284
465,-0.23435007643686956,-0.1108055332109451,-0.5402159844661226,-0.13786228748216056
466,-0.12388120772935385,-0.06301885449528266,-0.3266874298222352,0.014841343744930624
467,-0.5640688063501595,-0.20654072593528605,-0.9802310807944964,-0.05980606288268986
468,-0.09586015324154018,-0.060145265615271115,-0.4669651499828452,-0.00876470172519972
469,-0.4556456350360689,-0.16892363405650235,-0.6878856680291809,-0.041748709949170903
470,0.03611901051626387,0.014623392417655534,0.05807532777215141,0.09635087142950383
471,-0.31234572228182134,-0.0905165577268805,-0.28838867513824895,0.02486274505344188
472,-0.39801311354969804,-0.12769688071161744,-0.6012284819313558,-0.032426760512300756
473,-0.09211362471439766,-0.032656122128760234,-0.1731083571708033,0.018135234318080062
474,-0.04461760701456208,-0.017798075534516844,-0.04421177904197188,0.06685431326221403
475,-0.27317809221507217,-0.09700406918919469,-0.3805247132149451,0.056239395290373806
476,0.10662681611419211,0.03332344373596574,0.15050751613823388,0.08111764078125538
477,0.136092746654489,0.05058245881638723,0.19995031843486677,-0.014036520417036624
478,-0.2030296188927676,-0.06758457710623644,-0.2117602086895396,-0.014090576334612415
479,0.20882680897416772,0.10399931077217073,0.4462150583759468,0.14219329498697852
480,0.497451971442769,0.16807650800436003,0.6802305188407376,0.12662444214659718
481,-0.1726124973079286,-0.060569487296000535,-0.3189750358336533,-0.03690008805491318
482,-0.412188235260454,-0.15539538146116239,-0.6176401855113467,-0.06472275601063993
483,0.3118815102826489,0.11397367292712035,0.49869158718931517,0.06956824271885054
484,-0.22503416999469428,-0.09014111687191617,-0.42645857276873095,-0.05219918685802705
485,-0.07431447595916629,-0.035224177861527095,-0.15471132197339343,-0.055513777009775
486,0.2432700350110779,0.09511866155565651,0.3758842692469989,0.04128410932554427
487,-0.031090619035544775,-0.016830648960318273,-0.1383077280023548,-0.01603273400861127
488,0.6952752299539098,0.2233043071256937,0.756422211776278,-0.04012387472949108
489,-0.406243854737542,-0.1321390703649845,-0.47579458533481445,-0.046026916718162614
490,-0.3202875040463522,-0.12174112604695675,-0.5390080526633299,-0.025918887205399255
491,0.20312130698700048,0.08545466459711504,0.395034165054473,-0.020837381837875757
492,-0.1854255148712478,-0.0774801221815482,-0.32235340860416883,0.0040807920163364875
493,-0.2927720573853001,-0.11611498752864913,-0.4656462942551882,-0.08338558942820229
494,0.03643347475377068,0.012932242460189869,0.04720152588474125,0.04147142264292414
495,-0.48761724919103666,-0.20516048481800675,-0.9797767398771855,-0.09659089333676807
496,-0.8570072270700881,-0.3016323207348093,-1.053799144003309,-0.02142617553280246
497,-0.12165933545686192,-0.0533682206975451,-0.2132879860130087,-0.0006092400499173589
498,-0.11534994328430892,-0.057407342286079244,-0.2993864993968961,-0.03167960583200824
499,-0.2544848238797581,-0.09808884010186358,-0.41402797446313855,-0.08722565485682088
500,-0.647401323208197,-0.24064191874827912,-1.128668623278418,-0.08647464810054939
501,-0.1313949668342408,-0.0577684070537855,-0.2659767034919154,-0.005137959041464413
502,-0.07865300100541361,-0.030380732386806608,-0.14307362146857994,0.04357257236278511
503,-0.10800454581339913,-0.04799870761781533,-0.22349599391393693,-0.0008748173692015859
504,-0.24285639728646746,-0.08256308857896766,-0.29383240464770943,0.024842210842990542
505,-0.379150000533385,-0.16437491906193502,-0.6666313112971418,-0.08562465442765632
506,-0.9151634933690855,-0.2924365901358159,-1.2901174773753092,-0.04159779458219304
507,0.27027466785010623,0.11838214637409716,0.5108411214505489,0.052470768163013215
508,-0.17058917993914413,-0.05602022818984609,-0.18318216261018594,0.06251131006901389
509,-0.38482089331250413,-0.11967489253495067,-0.6335436297689427,-0.03252066954060717
510,-0.09432635786633581,-0.03478190319964147,-0.15911782994459067,0.01649278771718199
511,0.0724660624345359,0.025560076120433095,0.12171688558450011,0.02714665948324635
512,-1.391266509973033,-0.4292781403268733,-1.799474754694862,-0.04363479478699439
513,-0.4830620372967376,-0.15355541689940155,-0.6221926121220844,-0.04153150497447189
514,-0.9718187302765179,-0.39422436724113696,-1.8045214366707047,-0.17828179873619587
515,0.03675485370898879,0.01819245792096602,0.05373157523161698,0.052545650396318644
516,-0.7843762056894023,-0.29785773785064307,-1.2485426876431076,-0.07537737752637297
517,-0.1895068468121106,-0.07033802244343534,-0.32552447444471333,0.07260365701247484
518,0.07453336204128036,0.03357358088410556,0.1608716158347986,0.0007092483683247552
519,-0.4176545237636662,-0.14527137198680684,-0.6228138293736563,-0.06689682809876407
520,-0.7184049529038291,-0.29564380184542594,-1.4316995945114268,-0.1223778480772485
521,-0.34618465539937615,-0.1405602101737391,-0.5761636928075241,-0.1714865959635724
522,-0.34800660390246896,-0.11666394657690704,-0.4301082766305061,0.02226715015705516
523,-0.5142968976837917,-0.21862623811121462,-0.9606297802656314,-0.07574117438574124
524,-0.34137070865652963,-0.10881248570176938,-0.35625698633903746,-0.0545431120491624
525,-0.02577659732180848,-0.008652922610081326,-0.014321436519779907,0.06741683120638164
526,-0.08789409018053695,-0.03428307986041501,-0.13729633795427815,0.04611655010321314
527,-0.033406908081727416,-0.014933729363703963,-0.06268691221956363,-0.0022641486469187067
528,0.1855073934528837,0.0673117368426217,0.26718114039332197,0.06672098083671818
529,-0.39136410186681325,-0.125539204539874,-0.5110440553505351,-0.03099651214387833
530,-0.10927351663075657,-0.05285056480044337,-0.27827715157856775,0.05882048369528803
531,-0.21792357148200536,-0.08921335206911007,-0.372299476423147,-0.03934702349098296
532,-0.20501922779565174,-0.06867291541499476,-0.27132641346760566,-0.0476441948264944
533,-0.2899267338129716,-0.10963400522070721,-0.5284114816735438,0.01896226904196996
534,-0.35341482386440615,-0.15142310890921062,-0.6887068908399339,0.008402156253027537
535,0.045853136042225184,0.027029513301579655,0.08804582659577931,0.053302610136631845
536,-0.3025445924149086,-0.14634382829801607,-0.6791120648141202,-0.043444246867685665
537,-0.29790356587820277,-0.11317078420305782,-0.5767962345012245,-0.03031176529983648
538,-0.2552701003612903,-0.0741709654139242,-0.26730731711499045,-0.035358055543883715
539,-0.3247847979966664,-0.15041441501348263,-0.7617251539262828,-0.1247088368257746
540,-0.47632816936337896,-0.13210370300713836,-0.5220820269498343,-0.025476593824744542
541,-0.2698511090393373,-0.12673521423962297,-0.6450251205568099,-0.14401499899546255
542,-0.2103109971739714,-0.07712228060825721,-0.36513848715527875,0.04350793840681422
543,0.24234882467293262,0.08600212310168787,0.368467478547431,0.12840238472123888
544,-1.4317395659331114,-0.4834564753461702,-1.9659191066861972,-0.040824109155718546
545,0.032008198057763115,0.014736097515833602,0.07813124210372356,-0.12599912012501824
546,0.15393622589915812,0.048975248106348346,0.2669081622117928,0.04729819998176776
547,-0.101976397619014,-0.035586903978925166,-0.20970891132238234,0.0017638381365973066
548,0.07400871670219666,0.03396994661512864,0.15551923525542144,0.023358833221935105
549,-0.7173674397530971,-0.22637956360034583,-0.8211477860052961,-0.021201315881571703
550,-0.8053384265015859,-0.23305663191115245,-0.7962759306100193,0.03402956487478381
551,0.29949882050484145,0.10545823063271564,0.4236267025319601,0.06015272942865102
552,-0.4085697214223881,-0.1835052476978325,-0.8504432943298252,-0.01953939439411989
553,0.15250780318192092,0.0683463553299769,0.34297346644914517,-0.003022110087882668
554,-0.20461858890668616,-0.0872050838709445,-0.3175944015810922,-0.09400301821526225
555,-0.26666354191805675,-0.08993667363572055,-0.36755997668283746,0.05260534808137163
556,0.12280174082588491,0.05368949219988872,0.21730295498850236,0.024715344194669364
557,-0.7234841725995607,-0.24860993292492117,-1.037245434349256,0.0062743386559250824
558,-0.6400560605100705,-0.22910942733301964,-1.0790206100933455,-0.037291412774677735
559,-1.1617762789088384,-0.35826731535668177,-1.4222373948072762,-0.0567883574554614
560,-0.5061306034021632,-0.20489802407560143,-1.0215778884595574,-0.0363944549311529
561,-0.7609673905645606,-0.25198241178658365,-0.9228703657413716,-0.00417084997939976
562,-0.528390644190653,-0.2014859016620314,-0.8414234272562753,-0.10062898976198476
563,-0.22499456485803426,-0.10130168773926751,-0.4589960335651312,-0.10752500868935067
564,-0.24724382724901495,-0.08507097165021937,-0.3656483064047201,-0.01938244067512207
565,-0.4991720466135816,-0.20408330673425712,-0.9656806560690582,0.002127795133054944
566,-0.3254358795966279,-0.10081765987448477,-0.5102690886777739,-0.0028543985591036325
567,-0.614615937774537,-0.1808839917706515,-0.8215712476757417,0.012687264872320747
568,-0.21621091864795194,-0.09170094075159996,-0.4034522659086987,-0.06737464148186934
569,-0.5400046406992547,-0.2102985766049945,-0.9209229516335,-0.12012503703039079
570,-0.14868922758462233,-0.04856096347434846,-0.1309274329641279,-0.015369300615826531
571,-0.45191154651649845,-0.16848756170494927,-0.7072621195388888,0.01486119220772475
572,-0.00026722503540110853,-0.00013451498568950448,-0.026200918784416327,-0.014869843406476346
573,-0.3302893346021589,-0.10224279301178729,-0.4427425668036393,0.027315798133511482
574,0.21891778250746774,0.0699143803607225,0.2791281531146257,-0.03475758417574548
575,-0.37361085966580143,-0.14256981779329192,-0.6865502655860108,-0.01196375826774676
576,-0.14229225908948373,-0.05312243513259718,-0.21263638082371716,-0.05117827822678633
577,-0.19195616380489322,-0.07550753231233154,-0.3284675825507175,-0.044366325593574785
578,-0.5809462538966679,-0.21591776810575514,-0.9517130605188069,-0.01983708047753663
579,-0.31778820392242557,-0.12082003155049281,-0.6211417158143935,0.02676926626161258
580,-0.060858696001803714,-0.026741708663106545,-0.11593042743275102,-0.06988484595101574
581,-0.3192314415406845,-0.11961849415543413,-0.4433342190646236,-0.06299114253412585
582,-0.07416443880183876,-0.027009427647163076,-0.08688085892996666,-0.0014331053906263547
583,-0.27623724675615247,-0.11346130898131168,-0.6167612032766867,-0.11752562289776824
584,-0.4294714541882413,-0.18572217025161353,-0.8360465254321364,0.021536448915434048
585,0.3687804525126053,0.12092815206447716,0.47487329992997596,0.06490113009151
586,-0.20430901859674444,-0.07356867479551243,-0.2757383376429847,0.022607316462556204
587,-0.8158567629726616,-0.29623901234039707,-1.273929756369508,-0.06931452617728595
588,-0.17578859202347186,-0.07396209992571379,-0.33105856362351305,-0.04365924569694446
589,-0.3590853977163069,-0.13121260935262336,-0.4887460167822707,-0.02210407998586783
590,-0.2059970332800769,-0.07428405226402846,-0.3304928549685733,-0.07014339008976811
591,-0.5084360564617327,-0.20384893903980028,-0.8879604221292785,-0.17588349433803252
592,-0.4867681619993667,-0.17230936575144296,-0.7479073386117986,-0.06296629585529634
593,-0.4505663998700076,-0.1338428833671259,-0.519988164462275,0.003465596412392191
594,-0.34855201924054224,-0.1332134823633253,-0.5616411860069036,-0.12062802589251165
595,-0.2576559808716681,-0.09758909891060785,-0.46014001108096125,0.056976001601683035
596,-0.12257094106123656,-0.04174522051737095,-0.20788115649806138,0.03503459087819394
597,0.09696751348033694,0.03715367862189689,0.1640534667158341,0.04943931621883635
598,-0.36127458134944046,-0.1196186447882146,-0.5211104518730236,-0.006173705938370522
599,-0.43846162547395895,-0.17604692812266776,-0.723339763795155,-0.09510798171954349
600,-0.08267460419883843,-0.03296684617784118,-0.20025714064656175,-0.05035542321197162
601,-0.07912837318917987,-0.028634204119065032,-0.1399867711351065,0.0044393756247324
602,-0.23295116355677392,-0.10624283130668244,-0.488677244062513,-0.0368086913911827
603,-0.13562329326933698,-0.06549141623916632,-0.29853334356590827,-0.053483493591343745
604,-0.03732381693181641,-0.011203041570329253,0.010225981683389396,0.036545769168156106
605,-0.3320834252415825,-0.14416486401370843,-0.6806045958808328,-0.07411093312062522
606,0.06563271199910647,0.024867430449790007,0.09280609352590063,0.08500096988152084
607,-0.6843701014025636,-0.22049224809125145,-0.8345254968465308,-0.005856880342834048
608,0.03047502625336973,0.015171183933956556,0.04428433382822264,0.07324585485157498
609,-0.5430476585330639,-0.19878452105234423,-0.8624188922254867,-0.0072883652855254555
610,0.12295972378249731,0.04478411102934299,0.18730641431171768,0.012883677276283256
611,-0.16339103139655176,-0.07184366917230844,-0.3492761995847967,-0.0682001540035565
612,-0.49946696630404874,-0.16490174298586013,-0.605154909078495,-0.07600172417441553
613,-0.10594685783734681,-0.04051521760881549,-0.19216067739966614,0.04655576296994246
614,0.22814834818258656,0.0862618825480177,0.3423054136877012,0.21772153735641386
615,-0.30676039498358176,-0.1488329895168392,-0.766811485718191,-0.10943038037157238
616,-0.45097200872197296,-0.1940941518179955,-0.8709736035130278,-0.06586807170410747
617,-0.5345329962291245,-0.17968697306157355,-0.5082970759859884,0.13750308605315942
618,-0.4800973382284115,-0.18851424074701062,-0.6990394976271671,0.031029585692498696
619,-0.7106101996762104,-0.24664177506849216,-1.0719914883382726,-0.018671742092584154
620,-0.17729923862794172,-0.0686089014045903,-0.3024449050073106,0.03533706295570005
621,-0.3749639227989576,-0.11297483088462301,-0.40663864918040704,0.03563760052946252
622,-0.187074204172613,-0.048890627534860176,-0.004446578920854094,0.05625237283274942
623,-0.3986485271279715,-0.16280372203756988,-0.6738876497775634,-0.0340521170156457
624,0.10854581565231203,0.0462019818122561,0.19259758602116073,-0.02567079036219
625,0.012933402087649704,0.004011248632309838,0.027754777568087752,0.06043101462774725
626,-0.613404671466486,-0.2315358532847176,-0.9167455525834818,-0.050011848625393984
627,-0.265029602970585,-0.09359055757996027,-0.3581798725043359,-0.058721439728220415
628,-0.14597334122751637,-0.06070666651300338,-0.2621751899416115,0.018769157452910856
629,-0.18457297133828754,-0.06708329595740326,-0.2664650550049037,-0.032137633692647216
630,-1.2639095095343196,-0.35330974121857306,-1.515603477020251,-0.08142392440821866
631,0.08608626598417368,0.031755529563486595,0.10222435166606325,0.0751649551218716
632,-0.19688461763154153,-0.08016296655563382,-0.3953789676274202,0.020105907978037796
633,-0.6826922825216519,-0.199480418732773,-0.651005948476133,0.014129154898172569
634,-0.15040507396128633,-0.05900021082087714,-0.2835845522482935,-0.04058880713532531
635,-0.05867738095126884,-0.024457482778466932,-0.10972544953464047,0.05409417573799613
636,-0.16118746996673805,-0.07719918626652622,-0.34972920786127154,-0.1100278053296343
637,-0.48014404858036785,-0.16685724489663722,-0.68281631919706,-0.08698363915056773
638,-0.03961104109407232,-0.01925015470357372,-0.11597775319037673,0.006616244473445998
639,-0.33079457326664974,-0.11175743073656852,-0.46792567668854046,0.011175394437615616
640,-0.44115132592377027,-0.15412560250551,-0.5530968289973605,-0.03935264950632167
641,0.07956388198989406,0.030170970472224168,0.12409529639224304,-0.01574016737277617
642,-0.28848654798519235,-0.11886509237435317,-0.502482584041489,-0.07737851757785463
643,0.2082497187675385,0.08628969033566403,0.3525759447613032,0.04199219448813085
644,-0.3845556366314793,-0.15166944357130085,-0.571079403891318,0.013164189560927908
645,-0.26970921509416756,-0.10096450222821507,-0.38597025206767044,-0.0010719810958699227
646,-0.07972818591945097,-0.030784796091178013,-0.14590131097182257,-0.1038751742475903
647,-0.25200145295192444,-0.10759892080960964,-0.4668077627851762,-0.08564863412905621
648,-0.4378490459412272,-0.19187670279201063,-0.8927237887336131,-0.16182144634429274
649,-0.6179143651789745,-0.17995418978155064,-0.6269698992710209,0.03960298680479635
650,-0.6236745215447346,-0.23796612631272862,-1.1455483974056186,-0.047392698221756624
651,-0.40739776158584395,-0.1401680580875866,-0.5140607813273048,-0.029133893976019176
652,-0.36368055360975493,-0.1257024535012521,-0.6061452548420911,-0.0013696470973735275
653,-0.27596045156657545,-0.11900424668037823,-0.5557422064699908,-0.027772884077751137
654,0.03063045471825032,0.012039540056299147,0.043672895434920034,-0.07269283247327751
655,-0.8522114836709929,-0.30742928419494,-1.4051604463544223,-0.12340118424437396
656,-0.5862489413390859,-0.20240278331991024,-0.7993009586919788,-0.053004040027593624
657,-0.18468746124814306,-0.06274694051048102,-0.2701790014086185,-0.04931265729498635
658,-0.3242821352502707,-0.10951289521130492,-0.4007340680558803,-0.1109477152196453
659,-0.2634208312770798,-0.08032469280082744,-0.2271425981597146,0.02975260920372591
660,-0.944165008027205,-0.28438677603643225,-0.9514685255361295,-0.025074578031533012
661,-0.6760167096820757,-0.24761605508748552,-0.9657221247102786,-0.03912043488812311
662,-0.5877275873283403,-0.1953085202024838,-0.8972530947290673,-0.045008392600145886
663,0.2065681946362411,0.09625326845140969,0.4676566314134983,0.13726937551749618
664,-0.23343727813766102,-0.07465417454988099,-0.22100529733875818,0.025579889723784777
665,-0.08350236405149913,-0.02878847900734227,-0.10670417233389173,-0.014612431177890128
666,-0.3230115213730558,-0.13123945547436988,-0.5517377900801315,-0.10871519526466955
667,-0.5957449845946703,-0.2282859477296837,-0.8040283114490447,-0.04899144078715223
668,-0.5061608688594005,-0.21062762347142805,-0.9453548677639381,-0.11725423876350372
669,-0.4374444671131945,-0.16969509432041674,-0.804201928701618,-0.07137123393751788
670,-0.5811800161484293,-0.22032417020274675,-0.8857344511471663,-0.08269859992760287
671,-0.480752237309365,-0.19626654542396227,-0.9801010816922209,0.04021085915684819
672,-0.22770758384896228,-0.10296160838943336,-0.41372258659229505,-0.033858717750841594
673,-0.4300836179842966,-0.14332203794079268,-0.5263641551819689,-0.01111983464597155
674,-0.07918156326091386,-0.027560772124540556,-0.05960759352857736,0.012435018937898557
675,-0.34279209186823456,-0.1225288867178127,-0.4912085658819887,0.001479906748556692
676,-0.08827060659346353,-0.04135192930009024,-0.18840356280693882,0.039719548953596084
677,-0.8498050938988333,-0.2639322126426942,-0.8352882274323298,0.01748595184849988
678,-0.48436359304446697,-0.18058874043204254,-0.9687308486195598,-0.074148800768712
679,-0.05887055664188745,-0.022659318568339026,-0.11427240769630798,-0.04286152428759493
680,-0.7371474548356691,-0.22910351683817143,-1.1205333794931858,-0.06813316681204284
681,-0.3442784279558042,-0.13157701839603897,-0.5700835600602085,0.020920397450622352
682,-0.3808107641313183,-0.1359129555447962,-0.43888539262882587,-0.0072204581384878175
683,-0.3711914774879892,-0.12948881756789898,-0.5114947399908585,-0.027422142933357985
684,-0.6037537543103493,-0.21287671789006812,-0.8813177217552763,-0.01035801510345813
685,-0.11437740491477655,-0.03589851410702827,-0.09654625498986102,0.018559150733600704
686,-0.360172793333549,-0.09792767517698375,-0.4046362966446664,0.028671000610584585
687,-0.11131207394800868,-0.040265570162634656,-0.1681190429987277,-0.03533127744671172
688,-0.14237220111478877,-0.05113408007715692,-0.18597155146568278,0.011135888545755535
689,-0.4260885670062884,-0.1323856263536447,-0.6717409826901641,-0.06293793673058634
690,-0.04611773570609978,-0.016510249672383903,-0.02244177994217489,0.02310980110067329
691,0.2698240583024035,0.1302491942894326,0.5980380388727777,0.12433331501526723
692,0.4401923095433038,0.15479904608952189,0.6255807952339046,0.06075947799556647
693,-0.37966149319588627,-0.18113174463842974,-0.8733676126829579,-0.11413921748727063
694,-0.9407021316111577,-0.2940066975534461,-1.212472485262876,-0.0414571727090014
695,-0.2277293037273388,-0.11824427716193298,-0.6077130713690255,-0.14689526645916073
696,0.07217805691588453,0.029476675264671126,0.125285715342848,0.11201385530171704
697,-0.4902783807070925,-0.14651602493150762,-0.4874838382647504,0.013254835517718333
698,-0.11714737739295444,-0.059777458878759626,-0.3368186456490299,-0.05415392091864035
699,-0.3530713933131373,-0.13743431569705744,-0.6622653178407005,0.014422668026820018
700,-0.2122663302216199,-0.06841779870114184,-0.2683110771655961,-0.030416661298258374
701,0.23333029229221625,0.07580642517443859,0.293699058923633,0.07608650500170033
702,-0.25785165934913246,-0.11313867160909918,-0.5712891456747857,0.007360231449433541
703,-0.08688787475126236,-0.03879343455692652,-0.2028311701792574,-0.1302032723735148
704,-0.05559209552155353,-0.02765334129562158,-0.17032544005996028,0.03121530154463248
705,-0.29822319438742406,-0.11774428880093568,-0.5133181871624023,-0.004436104357947501
706,-0.44032526735317945,-0.14371715471072122,-0.5724605363976307,-0.017650129199219933
707,-0.1256559817822207,-0.05081844322182416,-0.24506345494353504,-0.00316024523895464
708,-0.09761662849783026,-0.04744715596011573,-0.22608664815643287,0.005851043952207147
709,-0.09057709447786677,-0.036829115229366716,-0.16096147803456962,0.04926072896865197
710,-0.18072454860667686,-0.0637760349771952,-0.30969867490847847,-0.046209540659831405
711,-0.41350899929634255,-0.11857496115198995,-0.486218583585857,0.0456752380465959
712,-0.0731917430597483,-0.033464335003376644,-0.18741597335653906,-0.09745258791338396
713,-0.3555541680849186,-0.1378519063398571,-0.5749830381514969,0.014191561137623543
714,-0.45871303499883576,-0.18058664431129423,-0.672416401272918,-0.10155984353403191
715,-0.3624896181711533,-0.15323252145758526,-0.7200718492276418,-0.07620660923032474
716,0.08127740941519446,0.03085603949259208,0.15568626926164886,0.025634708999172973
717,-0.20555216000904397,-0.0916598090472539,-0.40862724442750853,0.03577538021971882
718,-0.16072725664147347,-0.06264910977968752,-0.2996714096545255,0.04647519777421161
719,-0.5315269518890275,-0.18146694721105705,-0.6191670276810185,0.02445603876133562
720,-1.1348126097383597,-0.35187821683454024,-1.2808222613822549,-0.0874264977035355
721,-0.41637140213729973,-0.1292750525318993,-0.41763979855401456,0.047474252228617786
722,-0.4271963775183596,-0.17818902116312174,-0.7123506287069375,0.017786426579043946
723,-0.9510971807391269,-0.29829750854136927,-1.0977328725147486,-0.062124571240144144
724,0.0019795637306392333,0.0005947495242906164,0.07563291370142822,0.007188343985174206
725,-0.20098558421056878,-0.0663500674030697,-0.13061437849886093,0.01428929917586863
726,0.10261218078149215,0.038565295295587054,0.19840010880386538,0.03477112438025731
727,-0.33997202109485714,-0.13454937908021836,-0.4814188144957384,0.0014202785471852941
728,0.06962975759732393,0.023414548935289492,0.11460039885748341,-0.04071238798143817
729,0.23134234886542437,0.10157764759857002,0.43471439545065105,0.14632789575980565
730,-0.21565536886776315,-0.11000887330406706,-0.5112178364547479,-0.12792288851788336
731,-0.3359314672698982,-0.150453996368334,-0.7738485023319626,-0.11104732246130977
732,-0.3061399556651916,-0.12969886838541023,-0.49855054867268556,-0.07000010939266399
733,-0.283503631572386,-0.1247519271580515,-0.5490166487423589,-0.01717934203750726
734,-0.5604475943652432,-0.19771304034039394,-0.855078911222217,0.016568516010959655
735,-0.3563452061331095,-0.18110988838403286,-0.9244880374318089,-0.11287655135092878
736,-0.9593749509373539,-0.29610259719529664,-1.130823670864268,-0.01869878205823372
737,-1.0218491107233527,-0.31618174295275825,-1.421388213645926,-0.06272377452522682
738,-0.9135339440319801,-0.26190185482930683,-0.8309900156560006,0.024447581078280156
739,-0.16609164422261413,-0.06785433707254307,-0.2906985853076741,0.0766086422776956
740,-0.3005725372822572,-0.10648343126843307,-0.45285128463166013,-0.04920462786570756
741,0.31518743435488017,0.12805604431418138,0.5093881418168399,0.047058773411038146
742,-0.8150956956312152,-0.2990900763107949,-1.4653070919717623,-0.05872868935097064
743,-0.20908396659923156,-0.09100707035829325,-0.38460949596676297,-0.020218416198358513
744,0.4400137391046992,0.12247458911329145,0.31940613161489595,0.0008992852609679414
745,0.304091208002389,0.10077054936627317,0.40459950532395395,0.09359752901481655
746,-0.17750320658649898,-0.08127814479610163,-0.3591148112240061,-0.08607130904820226
747,-1.3595736710132453,-0.3954182882579387,-1.4941245443575124,-0.05974452808616226
748,-0.7676411324968002,-0.2854257138047025,-1.0654339835240547,-0.08412857159316822
749,0.07237149818104027,0.0331545171226586,0.13313819778065944,-0.02865577044299994
750,-0.17061106823769934,-0.066893869889177,-0.2871592021793988,-0.027108940741341736
751,-0.5699743396328545,-0.1871581012073853,-0.63989369180996,0.061134712847247474
752,-0.06837033918785562,-0.023073648936618563,-0.0719611414760506,0.01207197259632009
753,-0.4867985204326868,-0.19745299753226497,-0.7771720870009307,-0.03663432965703273
754,-0.12602418632371792,-0.05234397760310139,-0.23985885902970505,-0.030445741631036194
755,-0.5957617142329859,-0.1940540973496998,-0.7239329392815729,0.0041224289198089625
756,-0.11891077984074783,-0.047251227885585,-0.229920217464317,0.027081955120425882
757,-0.10266685973759637,-0.04022278114640265,-0.1702586081130833,-0.025872580115163357
758,-0.7640641165442035,-0.2883892585225817,-1.3730749575542218,-0.06443178833389351
759,0.21996792531235942,0.0790820126562346,0.27301888136049957,0.03153724072999786
760,-0.1607536592912242,-0.052641984717291423,-0.1490916360902388,-0.000652995885471408
761,0.10432216355160451,0.044469082386498826,0.190774007987847,0.02697157987601717
762,-0.5936637259517294,-0.19237647185308981,-0.665724291437825,-0.020877265769652875
763,-0.9127880176849699,-0.25892018163138686,-0.8451662529210746,0.03844828374835707
764,-0.10301210875006261,-0.03445638677222673,-0.1354580688152276,0.023404640189035653
765,-0.7595018313544688,-0.2638518598769659,-1.0651666123949106,-0.06384897488240693
766,-0.9816307520190484,-0.29927649430334635,-1.0053111909208692,-0.02395762951138103
767,-0.2890058354584304,-0.10396373031978223,-0.3859345943432677,0.00441151120797123
768,-1.1059859927287048,-0.3363051418424403,-1.4008030049239077,-0.10189934037010717
769,-0.5978752702113332,-0.19841485599806208,-0.8255659751811228,-0.01818105862422137
770,-0.18116389682274447,-0.07867867457065414,-0.36823896257579486,0.00356529260200511
771,-0.47245597941600503,-0.16412913458759548,-0.6353402210349168,-0.05337014165934617
772,0.02920697032884667,0.011850930290853379,0.05361291413932473,0.0517215764307396
773,-0.22011944289506524,-0.07955363239842339,-0.3137536156682863,-0.05854107064577574
774,-0.4671317925297678,-0.17765748901840306,-0.7987190470368394,-0.00013645038500031959
775,0.5526554903222951,0.16134219979771625,0.5108661106925378,0.07322172523289161
776,0.2238980287344854,0.08803205660651003,0.3781169006036543,0.06636126619374694
777,-0.14680059253216138,-0.04866365984960863,-0.12672703674961716,0.03469812166751063
778,-0.45079734983455055,-0.17078874441150171,-0.7579420620819002,-0.08881967186924178
779,-0.2173599099228205,-0.08052011160113026,-0.2332236834477842,-0.01942182360551603
780,0.03654548247964917,0.013059552213202208,0.03900009065317733,-0.01707984559091602
781,0.020569558068168958,0.009213497598617892,0.04220995715575859,-0.002225263267371491
782,-0.030248362043751476,-0.01237407580530503,-0.05847283146934229,0.03443391185652622
783,-0.5906815859182455,-0.18390785155718925,-0.5922879905663276,-0.0011757605001642135
784,-0.060055601781375145,-0.019478741984326975,-0.12942254335632541,0.006742824705067152
785,-0.6793161567211721,-0.20585540611768005,-0.8228821777233188,-0.04468575505464789
786,-0.05187333279333739,-0.01823198080709143,-0.036171313137759675,-0.0008611753795788601
787,-0.8052224531209191,-0.22796505152457147,-1.1953268698631434,-0.03613470955022213
788,0.05692677435551019,0.020429621089265382,0.06934002522095772,0.02187654329567512
789,-0.20481273404649236,-0.08969046627958233,-0.4131822941625896,-0.09898314315956025
790,-0.29426309782020954,-0.1392240844912589,-0.6599148803224038,-0.016838653672706427
791,-1.51378792204852,-0.43712330025184,-1.798035945332968,-0.11039418277536528
792,-0.006317372294131429,-0.0024791865685738212,-0.006746457988342058,0.0162102971525937
793,-0.46631239903933097,-0.16368481618167108,-0.5918254219756841,-0.133483547001075
794,-0.22123211163420375,-0.08096166569307228,-0.34084319503866745,-0.0010932203548612573
795,-0.44761200443579363,-0.18493269687447333,-0.8724543223690976,-0.11787417583355941
796,0.588322288464552,0.21010406055697328,0.8153935297662683,0.016593108979396698
797,0.003437939889478603,0.0012779196951544503,0.0445764338482485,-0.010784426940452119
798,-0.5967687349097461,-0.2641158042667382,-1.2023327061012319,-0.14859482904645804
799,-0.6404841940848446,-0.27861737575655776,-1.4390699341638493,-0.14270028694474324
800,-0.38066186546357417,-0.161694890651082,-0.7367128476073197,-0.04768992133821248
801,-0.3051600680794636,-0.12538792618315553,-0.6226444398614285,-0.08945124407376615
802,-0.7522287111101003,-0.2136065539722538,-0.7573877003413205,-0.01675081744233975
803,-0.16225548241979237,-0.057920597500932036,-0.21122085518347,-0.04430875070669349
804,-0.5978402097843851,-0.20159565718238248,-0.9426561815541485,-0.007018688244879834
805,-0.2167602868435725,-0.0785899745305294,-0.34829646369031786,-0.01290709317131189
806,0.12061615392614478,0.04506355021651065,0.19928101527769926,0.059923821444976766
807,-0.8072209082855588,-0.2661122647678529,-0.9603863779935478,0.005801196734821934
808,0.06662276330875949,0.025836352311990662,0.10216709868739815,0.11374727675573337
809,0.07890245206262203,0.02707997307426635,0.09473925586622034,0.00878953608263755
810,0.14827926222600096,0.04969734383261026,0.17224026130005088,0.009739408086500423
811,-0.31651067973991975,-0.1148252384494668,-0.5170640969043174,-0.07475082820589352
812,-0.2319228115100238,-0.0873991728208392,-0.4242409739414541,0.0816118771605866
813,0.0926823040212581,0.047340367303613906,0.22152157143232054,-0.09935384269422176
814,-0.5673842479575957,-0.21109677372358804,-0.8718950806102729,-0.09459193094335316
815,0.09028472250164787,0.04574034963165163,0.15894354511893383,0.1055869363905454
816,-0.4105301481545094,-0.16363106432414853,-0.7003933239222855,-0.041334970811439886
817,0.19096940802982942,0.06710632702499475,0.27166344928617503,0.01353635221688243
818,-0.2635324065697242,-0.07854813584999265,-0.21158126483765272,-0.02059662468485335
819,-0.35151961436013957,-0.10782380987962847,-0.2753756884172269,-0.0305493299678975
820,-0.6581441397592065,-0.1818907661421323,-0.6001498900895366,0.04065373403971917
821,-0.16863593762106177,-0.09480300143671716,-0.46762115773196605,-0.11869136329351315
822,-0.7622232012552068,-0.2843710924701104,-1.352978627430363,-0.10817664122320458
823,-0.35006273042093183,-0.16064221882755447,-0.7352604825616401,-0.11048055942286528
824,-0.6963287454123606,-0.24032216662285144,-1.0333766724565454,-0.011139779339210842
825,-0.25107969174141576,-0.10475233861220468,-0.498405502042304,-0.06198258843260629
826,-0.005905731873995679,-0.003028748431426309,-0.001873120762345637,0.023514417048854264
827,0.08306553104419057,0.03554403924448635,0.1552369784228132,0.007647455855642082
828,-0.5767290629270796,-0.20156653455116613,-0.8524466308027466,-0.019850496273632334
829,-0.6264446276841922,-0.207624320245974,-0.7995735543851753,0.009077938736957836
830,-0.13606869055065296,-0.052294999746771875,-0.23311282599456895,-0.09092095479164697
831,-0.470871663342288,-0.17106926564435598,-0.6329359510955056,-0.02574539799759734
832,-0.43810518533308485,-0.17380573749130446,-0.7468978509578961,-0.0334952529271213
833,-0.6933258341193334,-0.21367869439981813,-0.7409552138049158,0.13142165398198202
834,0.5154574393486528,0.1750118006396817,0.6563067032050381,0.07102844979098266
835,-0.030134199005662943,-0.009438222256886952,-0.04128236686770692,-0.0031166025097313366
836,-0.3584011806053269,-0.15283190370045818,-0.6449966821798924,-0.08409652746077079
837,0.10739547961745055,0.04196184275818449,0.16480931507656993,0.0840162972595564
838,-1.051343235685314,-0.33178992785245054,-1.3286022897272582,-0.007242192202945308
839,-0.26969335780558734,-0.08565108460150972,-0.29553576967089024,0.0592372312032492
840,0.03736925158281523,0.014086584136481894,0.005411092754114,0.0548768807380241
841,-0.3409754333100494,-0.1236068999429103,-0.5218757093738831,-0.013845759634423027
842,-0.6499638427198746,-0.23422621960936896,-0.9845705819672902,-0.06362373763628781
843,0.17551595030325218,0.055041767136360775,0.11315053284350518,0.03462123921542237
844,-0.08661855312726496,-0.03502096230862972,-0.14094332631143164,0.0007661178727792484
845,-0.07454413258320347,-0.021770554203820236,-0.00687942463422786,0.004185032049937365
846,-0.2965710292169823,-0.07573403428988557,-0.2765292228495122,-0.0034312917133825227
847,0.16238379129736535,0.05450567431905751,0.20395037605744215,0.07980749427625378
848,-0.01995515255819491,-0.007931643890360274,-0.04721791007442461,0.22303532309425977
849,-0.18483999466854506,-0.0675818154459531,-0.25428142676699395,-0.0654653879346837
850,0.006188753317168949,0.0021969707856066556,0.0009773468264115959,-0.06116085343276567
851,0.0658500595210112,0.025292916105795538,0.09834794649531375,0.0024833107124326848
852,0.006188292839488407,0.0029567903673993756,0.004012638313313249,0.009312886407460863
853,-0.3728911298069779,-0.13332654140244427,-0.5200345956248184,-0.03163338299868079
854,-0.660960564431323,-0.2864207046073828,-1.2426720017135924,-0.16290857147261184
855,-0.4295398036002931,-0.16268042803553828,-0.6534052387338241,-0.025487335009526824
856,-0.3901631544050925,-0.17916615454026552,-0.8772378809892701,-0.063400933776521
857,0.4358306794614413,0.15410570961794767,0.5593444940184892,0.18926223986024038
858,-0.028546299425109112,-0.012465778801500571,-0.05763880387323006,-0.057104118743773746
859,-0.177542555310094,-0.0702095696509506,-0.3054898394549863,0.09183785692240432
860,-0.48326839423407564,-0.23066170410082132,-1.0876431034805085,-0.04512766870533025
861,0.011957935538627895,0.0036884019280036817,0.02842457637357554,-0.001735172727495904
862,-0.3423064472549726,-0.11711010841897074,-0.4794248310062379,-0.09867655898172778
863,-0.7945648712036164,-0.26741640053221194,-1.1368752926259966,-0.019546796919430398
864,-0.7789486841998601,-0.26303996329237256,-0.9244322198284652,-0.09488545482022293
865,-0.2513445166355559,-0.08964747036451293,-0.3761510026778442,-0.03709429541915776
866,-1.0023978211711828,-0.32044149743001804,-1.2396648035461062,0.008115967081089859
867,-0.034546592016138855,-0.015925742135704746,-0.056731683627738394,-0.03563236904651779
868,-0.6352110879548769,-0.24789919030463425,-1.042578956456513,-0.07849492211126174
869,-0.5695965796195366,-0.2041340450796365,-0.9164171533001018,0.006572689820159017
870,-0.19312602034973914,-0.09169046021191318,-0.41382920544884805,-0.07073091936354503
871,-1.2072547450675253,-0.3653555610337562,-1.422516646169034,0.03347959550286583
872,-0.43534569925683675,-0.19433242048580057,-0.8445444228934699,-0.06268541714901477
873,-0.33911974169396486,-0.11287465518956119,-0.4213077908956675,0.020048283882445506
874,-0.3346409771454545,-0.14061651416848364,-0.6416209378186721,6.31489674114416e-05
875,-0.33277248499677503,-0.11637708190792284,-0.4132436372351439,0.048312554724365575
876,0.08366770988399885,0.028193162863003884,0.09435472966389313,-0.03567595445256477
877,0.17676501739509076,0.08551541901145876,0.42863701555789174,0.06854901872849384
878,-0.1717317312305804,-0.08190619542668798,-0.40540621820726114,0.015908703870312957
879,0.16036446111190106,0.047775918581105525,0.10385310617261045,-0.014147577481419149
880,-0.4730961874981505,-0.17198367675371617,-0.8236205579240898,-0.039459954796362884
881,-0.6296644442250059,-0.23446854120862337,-1.0468627867002007,-0.11649099718386824
882,-0.48714319257063043,-0.20644640405100245,-0.933835748216576,-0.13104738140195127
883,-1.053023071576992,-0.322470031217283,-1.2442347397900182,-0.0855892064998891
884,-0.12678015830925693,-0.05927689208060305,-0.2567408785957909,0.00479404892533597
885,0.022853344946613063,0.009589873511409053,0.04170791396775708,0.06028927102421866
886,-0.47890303443782645,-0.15616123545483895,-0.6311479552734888,-0.03985070881851405
887,-0.5175566735370568,-0.22144134666576254,-0.9872639518175168,-0.23107873559359005
888,-0.4612832204803641,-0.19289049774451494,-0.9615982902942853,-0.07379618473247263
889,-0.715339131921993,-0.26984546923366337,-0.9710145321875324,-0.10030479127769754
890,-0.012092029084210143,-0.0043658224623805975,-0.09394532714231474,-0.002290015715043503
891,-0.11863216626037154,-0.05066408428176361,-0.2346191517676531,-0.03224549581590397
892,0.15781169044136434,0.08968772019966997,0.45186718372539325,0.11321490711268911
893,-0.39387313765069476,-0.14971939989796512,-0.7710850524555719,0.020590636831921416
894,0.014563633475348947,0.006336151359454867,0.023417577315808458,0.028644729123610158
895,-0.05996720773340347,-0.02549628697543027,-0.10858784446128861,0.039332441064549584
896,-0.014846660605221107,-0.00639447318927755,-0.02735630464629596,0.014735869108133515
897,-0.4105356069971249,-0.11593160331436358,-0.37221139883177856,0.014102733354199537
898,-0.34370465923170634,-0.12461488147300082,-0.5236686422198042,-0.02141683787660653
899,-0.6443635647466286,-0.22108939162949515,-0.7955226069553746,-0.05468246844262159
900,-0.6469134763640061,-0.1524403691062708,-0.32377788910750116,0.03072813292286658
901,-0.011829174103069717,-0.005679072895317661,-0.015572448879339923,-0.08273092980609897
902,-0.3676615161890886,-0.1411139457514894,-0.502901417272221,-0.09104318858463456
903,-0.047581250598372815,-0.014908718484347716,-0.11691829072241267,-0.0400997434567929
904,-0.25367695600932505,-0.098579994651254,-0.4025979610758798,-0.004799110459195011
905,-0.06177252411046985,-0.02220305088137886,-0.08578711623936064,-0.048088245019065834
906,-0.020528223958541814,-0.010226029135088743,-0.034555606265826766,-0.039811499845544995
907,-0.4463522569244188,-0.1843356287737683,-0.8478283915388892,-0.07037025998784807
908,-1.1101270739750477,-0.3574724650912977,-1.5808948168313175,-0.12547707024547272
909,-0.20305011572374443,-0.08525717066422689,-0.39738394765506035,-0.055524143834886464
910,0.17875725977705326,0.053948985532749294,0.18524707460489975,0.020361872861674457
911,-0.055021358590105374,-0.03465451936303665,-0.28578415086171227,-0.05361754739312474
912,-0.07307041795318736,-0.027633017440748642,-0.06986240956075007,0.09177038782614733
913,0.11777414135959297,0.05143204026884929,0.2493461678766642,0.0037712170263072275
914,-0.06275562781646804,-0.02603998703209842,-0.14132806636074707,0.05263342040213104
915,-0.38958413522273483,-0.17973689036275609,-0.8831359409111059,-0.06856000548559504
916,-0.36506749611478284,-0.11204490275882995,-0.5357413407525309,-0.020336006252480665
917,0.028224151082331783,0.012052652946381137,0.04982250595439691,0.0987290790460621
918,-0.4861100187186089,-0.18581714112086622,-0.7189998208669692,-0.08363017305644582
919,-0.16146161930409897,-0.06835201718070216,-0.32949524193750834,-0.010706536251754661
920,-0.6123117338258064,-0.1767857237460122,-0.6561477852573938,0.0010324835171924285
921,-0.7268667371710746,-0.23848712891614188,-0.7717358526895605,-0.02374662417207485
922,-0.2600857385275468,-0.08485712636035347,-0.2858225246310504,0.06444542349794924
923,-0.2914886369400962,-0.11225940773049481,-0.3867486470160658,-0.04994443036835272
924,-0.11575337757944149,-0.053596004995320246,-0.24861101576699476,-0.031870847949951986
925,0.19107507866291362,0.08261840869233805,0.35235548462034627,0.16087583660009408
926,-0.7051210839447553,-0.1932363403223254,-0.8208993116074663,-0.027976825484607448
927,-0.3607102995790361,-0.10347974966890972,-0.504996756585202,-0.03203387364438215
928,-0.3119252488037605,-0.13020282978193443,-0.5314038283700135,0.007428007961215677
929,-0.17362354136380653,-0.06466693574428617,-0.29465980456004337,-0.044973309943116435
930,0.08610953328046689,0.029931804139467832,0.1483071619699835,0.06056196057639185
931,-0.2761113195563414,-0.09679994787232449,-0.41613065455036835,0.005973614507729597
932,-1.1931934295789826,-0.40405472891014726,-1.7239610336227233,-0.010775602523889094
933,0.33957013192674523,0.11616882883737722,0.43668529692115865,0.11496771735869582
934,-0.15063444054486363,-0.050629063629451077,-0.14279357643166368,0.05102764307759389
935,-0.4863671820532749,-0.18991138773732774,-0.810285909797088,-0.11334406050016776
936,-0.22091184386152163,-0.07454482894026326,-0.4135455286093419,0.052036836841861556
937,-0.1180189043919555,-0.04964149036905807,-0.22996457912945353,0.024801852924114853
938,-0.2731893722248131,-0.099128775813762,-0.3302558075072106,-0.007572589581226419
939,-0.47944197839292846,-0.15586108630525097,-0.5453733207253723,0.02529961967017902
940,-0.25668238009348965,-0.0928014561473498,-0.39933272981155876,-0.059990021980007247
941,0.011433422507421409,0.005241892802008152,0.029522248822898993,0.0316944790575171
942,-0.6928276188551334,-0.22760537508404965,-0.9548396881276239,-0.04437241157091898
943,-0.022145152676065205,-0.008053954741851221,-0.07934133523244691,0.038032397401458695
944,0.23388754489355112,0.11647234736974399,0.5872938291890826,0.0844931061024018
945,-0.44145434435558406,-0.13092936007271927,-0.6662434783179352,0.032254003098006634
946,-0.30720229176265434,-0.147021216455549,-0.694826704514741,-0.0964966448920761
947,0.5112022983049271,0.18255641301775327,0.7560467489946778,0.07061677382884657
948,-0.006177140466365194,-0.002774435948708298,-0.01312507709106598,-0.010376708389618572
949,-0.366791314731429,-0.1373673179904702,-0.49567035250977665,-0.018999020835965164
950,-0.38321680394429847,-0.1293793781982977,-0.5042459640901762,0.015413751207761894
951,-0.47445682256804445,-0.19118474344651215,-0.7612150730223024,0.06435693029167788
952,-0.44606228861906194,-0.15404591648618915,-0.6572853663211606,-0.02643181294214092
953,-0.30467792401957006,-0.10368026019110643,-0.4712999030549554,-0.026102701978725773
954,-0.21379263768465528,-0.08067219688276328,-0.28615695384552453,-0.02619802541209415
955,0.4912119209381185,0.2101116832475336,0.9717652573469444,0.10985807237471268
956,-0.10989497167119167,-0.043470183411328245,-0.16959002627252096,0.03743587389376701
957,-0.5321903491934725,-0.20630336987410702,-0.996948959699096,-0.14503104188459315
958,-0.2949155779307451,-0.10798764603030175,-0.46530260992259564,-0.039989558795391345
959,-0.42486212939835477,-0.1796321724376202,-0.7138058415157876,-0.0814876488841908
960,-0.3842338013041551,-0.15346591665996012,-0.6467588400618887,0.03627880213114987
961,-0.3472514880205406,-0.13805236091183382,-0.6506955944333339,-0.02472608306397983
962,-0.34224813986443914,-0.16679536184440102,-0.7557190847271317,-0.08002260437939623
963,-0.3771664372575789,-0.1351385804581675,-0.5424013229101315,0.018554607801801626
964,-0.3001512082672405,-0.13106089277962363,-0.5727687850078242,-0.07953758306903913
965,-0.33087189202906253,-0.1018469394177357,-0.46110494298686056,-0.012226438587345845
966,-0.41916127965654426,-0.14754967866405955,-0.5796247139501426,-0.09784222247261454
967,-0.12886536367094714,-0.049444554970276,-0.17684248670236458,0.0443433651097227
968,-0.6453129692085731,-0.19942086023228,-0.9825365079609767,-0.054991567451106116
969,-0.3286154391482061,-0.13401446834864617,-0.5942463005708989,-0.11822070397605433
970,-0.3327469435185004,-0.1555972006027604,-0.7040353567455269,-0.06887530934779329
971,-0.9166172648369776,-0.3340417640216,-1.3943647835659143,-0.026491479611852387
972,-0.3819990902857704,-0.15999398571212597,-0.7301900253264628,-0.09134443522168623
973,-0.10058325381584932,-0.033784257053788735,-0.10355960016443788,-0.05238921162923893
974,-0.4918986334826565,-0.19168525220955046,-0.853290692557051,0.042407922905110085
975,-0.08207319057913898,-0.026855564342649574,-0.013468528687154091,0.06547925415031641
976,-0.043562172128415844,-0.018341375544116856,-0.07809384152735699,0.08945709907848332
977,-0.0026566090630928407,-0.001283104336392893,-0.005553404088537717,0.0540087744925124
978,-0.5929290633308784,-0.20550180088209635,-0.8790732413307129,-0.07405337140430968
979,-0.8665246774955471,-0.37132302626488123,-1.6982496585255964,-0.22821178492861494
980,-1.496614566715994,-0.4298531545911395,-1.5765250608808379,-0.015243051091571092
981,-0.6644350627764095,-0.2278182167500309,-0.8856290212714649,-0.0017101996860545698
982,-0.7647180855689063,-0.2906500436590538,-1.1625532333407362,-0.11795745430034321
983,-0.171184471266268,-0.07607851736845805,-0.3077131660475585,0.0152315780435347
984,0.32107358987189527,0.11436391096754694,0.4521384494140377,0.002001642286190486
985,-0.9233130483645859,-0.28791896420208496,-1.0517348539075857,0.0377728134943508
986,-0.486005363939535,-0.17868115212615465,-0.8412802085391589,0.01172655142674639
987,-0.36617811460435035,-0.11408005674410404,-0.3836079519434281,-0.016256570587377728
988,-0.3005946663722694,-0.1144336932938157,-0.5199928928468913,-0.05128283145034351
989,-0.49929148430967474,-0.14743532627356615,-0.5889132898848111,-0.014880256228701816
990,0.07024557867533354,0.030243158065097697,0.12884946956085877,0.04092442761321169
991,-0.47623879242135736,-0.21332190926385497,-0.9694508590173514,-0.13292683802781724
992,-0.6610410892211835,-0.24404785002939122,-0.9174490515165706,-0.005937944523563554
993,-0.6919356636889138,-0.21520777852091988,-0.8627124650330178,-0.039778368230206196
994,0.017966197838297893,0.006379641262711955,-0.05107458481619953,0.013486341195343088
995,-0.7130830591221703,-0.2767899336067452,-1.1520447420487936,-0.009728547132878518
996,-0.5160986098810505,-0.21462204907351423,-1.0452375776220655,-0.06353103421051987
997,0.08786506793158289,0.03501787116302313,0.15817901220640557,0.0268577368704771
998,-0.8853988674111399,-0.26597022717947816,-1.1561733162518582,-0.03109097047498499
999,-1.272882961795038,-0.41801308004882354,-2.0377771983959736,-0.07999266471525002
1000,0.07271181183356723,0.028261812919367246,0.10553793200095085,0.009866385697425373
